{"total_count": 2550, "results": [{"gpscoordinates": "{\"latitude\": 50.813241, \"longitude\": 4.338827}", "id": "5834F", "name": "{\"fr\": \"COGHEN\", \"nl\": \"COGHEN\"}"}, {"gpscoordinates": "{\"latitude\": 50.812899, \"longitude\": 4.338628}", "id": "5835F", "name": "{\"fr\": \"COGHEN\", \"nl\": \"COGHEN\"}"}, {"gpscoordinates": "{\"latitude\": 50.816971, \"longitude\": 4.336994}", "id": "5836F", "name": "{\"fr\": \"ALTITUDE CENT\", \"nl\": \"HOOGTE HONDERD\"}"}, {"gpscoordinates": "{\"latitude\": 50.81947, \"longitude\": 4.336808}", "id": "5839F", "name": "{\"fr\": \"JUPITER\", \"nl\": \"JUPITER\"}"}, {"gpscoordinates": "{\"latitude\": 50.816405, \"longitude\": 4.340144}", "id": "5858", "name": "{\"fr\": \"MOLIERE-LONGCHAMP\", \"nl\": \"MOLIERE-LONGCHAMP\"}"}, {"gpscoordinates": "{\"latitude\": 50.870057, \"longitude\": 4.381496}", "id": "5865", "name": "{\"fr\": \"WAELHEM\", \"nl\": \"WAELHEM\"}"}, {"gpscoordinates": "{\"latitude\": 50.874138, \"longitude\": 4.38772}", "id": "5867F", "name": "{\"fr\": \"HELMET\", \"nl\": \"HELMET\"}"}, {"gpscoordinates": "{\"latitude\": 50.875809, \"longitude\": 4.392352}", "id": "5868", "name": "{\"fr\": \"TILLEUL\", \"nl\": \"LINDE\"}"}, {"gpscoordinates": "{\"latitude\": 50.889409, \"longitude\": 4.397078}", "id": "5910", "name": "{\"fr\": \"CHEMIN DE FER\", \"nl\": \"SPOORWEG\"}"}, {"gpscoordinates": "{\"latitude\": 50.796823, \"longitude\": 4.329475}", "id": "5917F", "name": "{\"fr\": \"WAGON\", \"nl\": \"WAGEN\"}"}, {"gpscoordinates": "{\"latitude\": 50.796742, \"longitude\": 4.32905}", "id": "5952F", "name": "{\"fr\": \"WAGON\", \"nl\": \"WAGEN\"}"}, {"gpscoordinates": "{\"latitude\": 50.853893, \"longitude\": 4.316207}", "id": "6004", "name": "{\"fr\": \"MENNEKENS\", \"nl\": \"MENNEKENS\"}"}, {"gpscoordinates": "{\"latitude\": 50.861275, \"longitude\": 4.367545}", "id": "6012G", "name": "{\"fr\": \"LEFRANCQ\", \"nl\": \"LEFRANCQ\"}"}, {"gpscoordinates": "{\"latitude\": 50.849255, \"longitude\": 4.389456}", "id": "6021", "name": "{\"fr\": \"CHASSEURS ARDEN.\", \"nl\": \"ARDENSE JAGERS\"}"}, {"gpscoordinates": "{\"latitude\": 50.85385, \"longitude\": 4.373155}", "id": "6061", "name": "{\"fr\": \"BOSSUET\", \"nl\": \"BOSSUET\"}"}, {"gpscoordinates": "{\"latitude\": 50.8615, \"longitude\": 4.367559}", "id": "6066G", "name": "{\"fr\": \"LEFRANCQ\", \"nl\": \"LEFRANCQ\"}"}, {"gpscoordinates": "{\"latitude\": 50.901712, \"longitude\": 4.408686}", "id": "5906", "name": "{\"fr\": \"RIVE DROITE\", \"nl\": \"RECHTEROEVER\"}"}, {"gpscoordinates": "{\"latitude\": 50.812101, \"longitude\": 4.318835}", "id": "5915", "name": "{\"fr\": \"FOREST CENTRE\", \"nl\": \"VORST CENTRUM\"}"}, {"gpscoordinates": "{\"latitude\": 50.79593, \"longitude\": 4.320966}", "id": "5921G", "name": "{\"fr\": \"CARREFOUR STALLE\", \"nl\": \"KRUISPUNT STALLE\"}"}, {"gpscoordinates": "{\"latitude\": 50.796318, \"longitude\": 4.323759}", "id": "5953F", "name": "{\"fr\": \"EGIDE VAN OPHEM\", \"nl\": \"EGIDE VAN OPHEM\"}"}, {"gpscoordinates": "{\"latitude\": 50.903499, \"longitude\": 4.412256}", "id": "5968", "name": "{\"fr\": \"AQUIRIS\", \"nl\": \"AQUIRIS\"}"}, {"gpscoordinates": "{\"latitude\": 50.851744, \"longitude\": 4.316905}", "id": "6005", "name": "{\"fr\": \"JOSEPH BAECK\", \"nl\": \"JOSEPH BAECK\"}"}, {"gpscoordinates": "{\"latitude\": 50.853903, \"longitude\": 4.383962}", "id": "6058", "name": "{\"fr\": \"CLAYS\", \"nl\": \"CLAYS\"}"}, {"gpscoordinates": "{\"latitude\": 50.854551, \"longitude\": 4.368894}", "id": "6062", "name": "{\"fr\": \"RUE TRAVERSIERE\", \"nl\": \"DWARSSTRAAT\"}"}, {"gpscoordinates": "{\"latitude\": 50.824474, \"longitude\": 4.346856}", "id": "6077F", "name": "{\"fr\": \"LOMBARDIE\", \"nl\": \"LOMBARDIJE\"}"}, {"gpscoordinates": "{\"latitude\": 50.830132, \"longitude\": 4.337425}", "id": "6106", "name": "{\"fr\": \"BETHLEEM\", \"nl\": \"BETHLEHEM\"}"}, {"gpscoordinates": "{\"latitude\": 50.827628, \"longitude\": 4.36729}", "id": "6120", "name": "{\"fr\": \"DAUTZENBERG\", \"nl\": \"DAUTZENBERG\"}"}, {"gpscoordinates": "{\"latitude\": 50.828128, \"longitude\": 4.341869}", "id": "6121F", "name": "{\"fr\": \"GUILLAUME TELL\", \"nl\": \"WILLEM TELL\"}"}, {"gpscoordinates": "{\"latitude\": 50.868871, \"longitude\": 4.362104}", "id": "6123", "name": "{\"fr\": \"MASUI\", \"nl\": \"MASUI\"}"}, {"gpscoordinates": "{\"latitude\": 50.830431, \"longitude\": 4.389192}", "id": "6155F", "name": "{\"fr\": \"LA CHASSE\", \"nl\": \"DE JACHT\"}"}, {"gpscoordinates": "{\"latitude\": 50.828028, \"longitude\": 4.375196}", "id": "6158", "name": "{\"fr\": \"LEVURE\", \"nl\": \"GIST\"}"}, {"gpscoordinates": "{\"latitude\": 50.824363, \"longitude\": 4.350784}", "id": "6162", "name": "{\"fr\": \"MORIS\", \"nl\": \"MORIS\"}"}, {"gpscoordinates": "{\"latitude\": 50.828712, \"longitude\": 4.340733}", "id": "6165", "name": "{\"fr\": \"GUILLAUME TELL\", \"nl\": \"WILLEM TELL\"}"}, {"gpscoordinates": "{\"latitude\": 50.883144, \"longitude\": 4.341753}", "id": "6173", "name": "{\"fr\": \"PRINCE LEOPOLD\", \"nl\": \"PRINS LEOPOLD\"}"}, {"gpscoordinates": "{\"latitude\": 50.876999, \"longitude\": 4.354656}", "id": "6174B", "name": "{\"fr\": \"PRINC. CLEMENTINE\", \"nl\": \"PRINS. CLEMENTINA\"}"}, {"gpscoordinates": "{\"latitude\": 50.876997, \"longitude\": 4.354658}", "id": "6174F", "name": "{\"fr\": \"PRINC. CLEMENTINE\", \"nl\": \"PRINS. CLEMENTINA\"}"}, {"gpscoordinates": "{\"latitude\": 50.867119, \"longitude\": 4.363786}", "id": "6177F", "name": "{\"fr\": \"THOMAS\", \"nl\": \"THOMAS\"}"}, {"gpscoordinates": "{\"latitude\": 50.852119, \"longitude\": 4.387783}", "id": "6190", "name": "{\"fr\": \"BRABANCONNE\", \"nl\": \"BRABANCONNE\"}"}, {"gpscoordinates": "{\"latitude\": 50.851759, \"longitude\": 4.387243}", "id": "6191", "name": "{\"fr\": \"BRABANCONNE\", \"nl\": \"BRABANCONNE\"}"}, {"gpscoordinates": "{\"latitude\": 50.861404, \"longitude\": 4.368416}", "id": "6201F", "name": "{\"fr\": \"LEFRANCQ\", \"nl\": \"LEFRANCQ\"}"}, {"gpscoordinates": "{\"latitude\": 50.857715, \"longitude\": 4.383779}", "id": "6210", "name": "{\"fr\": \"BIENFAITEURS\", \"nl\": \"WELDOENERS\"}"}, {"gpscoordinates": "{\"latitude\": 50.817656, \"longitude\": 4.34616}", "id": "6253", "name": "{\"fr\": \"BERKENDAEL\", \"nl\": \"BERKENDAAL\"}"}, {"gpscoordinates": "{\"latitude\": 50.861626, \"longitude\": 4.367787}", "id": "6260F", "name": "{\"fr\": \"LEFRANCQ\", \"nl\": \"LEFRANCQ\"}"}, {"gpscoordinates": "{\"latitude\": 50.864062, \"longitude\": 4.373326}", "id": "6304", "name": "{\"fr\": \"EGLISE ST-SERVAIS\", \"nl\": \"ST-SERVAASKERK\"}"}, {"gpscoordinates": "{\"latitude\": 50.846991, \"longitude\": 4.362448}", "id": "6309F", "name": "{\"fr\": \"PARC\", \"nl\": \"PARK\"}"}, {"gpscoordinates": "{\"latitude\": 50.841354, \"longitude\": 4.358146}", "id": "6311", "name": "{\"fr\": \"ROYALE\", \"nl\": \"KONING\"}"}, {"gpscoordinates": "{\"latitude\": 50.840141, \"longitude\": 4.356386}", "id": "6312", "name": "{\"fr\": \"PETIT SABLON\", \"nl\": \"KLEINE ZAVEL\"}"}, {"gpscoordinates": "{\"latitude\": 50.837012, \"longitude\": 4.353406}", "id": "6313", "name": "{\"fr\": \"POELAERT\", \"nl\": \"POELAERT\"}"}, {"gpscoordinates": "{\"latitude\": 50.843979, \"longitude\": 4.360943}", "id": "6355F", "name": "{\"fr\": \"PALAIS\", \"nl\": \"PALEIZEN\"}"}, {"gpscoordinates": "{\"latitude\": 50.846613, \"longitude\": 4.362363}", "id": "6356", "name": "{\"fr\": \"PARC\", \"nl\": \"PARK\"}"}, {"gpscoordinates": "{\"latitude\": 50.846685, \"longitude\": 4.362363}", "id": "6356F", "name": "{\"fr\": \"PARC\", \"nl\": \"PARK\"}"}, {"gpscoordinates": "{\"latitude\": 50.835888, \"longitude\": 4.355039}", "id": "6361", "name": "{\"fr\": \"LOUISE\", \"nl\": \"LOUIZA\"}"}, {"gpscoordinates": "{\"latitude\": 50.868611, \"longitude\": 4.374847}", "id": "6365", "name": "{\"fr\": \"EENENS\", \"nl\": \"EENENS\"}"}, {"gpscoordinates": "{\"latitude\": 50.819959, \"longitude\": 4.359159}", "id": "6408", "name": "{\"fr\": \"LEPOUTRE\", \"nl\": \"LEPOUTRE\"}"}, {"gpscoordinates": "{\"latitude\": 50.858048, \"longitude\": 4.36817}", "id": "6412F", "name": "{\"fr\": \"SAINTE-MARIE\", \"nl\": \"SINT-MARIA\"}"}, {"gpscoordinates": "{\"latitude\": 50.860089, \"longitude\": 4.371153}", "id": "6416F", "name": "{\"fr\": \"ROBIANO\", \"nl\": \"ROBIANO\"}"}, {"gpscoordinates": "{\"latitude\": 50.860499, \"longitude\": 4.371437}", "id": "6418G", "name": "{\"fr\": \"ROBIANO\", \"nl\": \"ROBIANO\"}"}, {"gpscoordinates": "{\"latitude\": 50.860979, \"longitude\": 4.370727}", "id": "6419F", "name": "{\"fr\": \"ROBIANO\", \"nl\": \"ROBIANO\"}"}, {"gpscoordinates": "{\"latitude\": 50.813198, \"longitude\": 4.34856}", "id": "6422F", "name": "{\"fr\": \"VANDERKINDERE\", \"nl\": \"VANDERKINDERE\"}"}, {"gpscoordinates": "{\"latitude\": 50.812915, \"longitude\": 4.34744}", "id": "6423F", "name": "{\"fr\": \"VANDERKINDERE\", \"nl\": \"VANDERKINDERE\"}"}, {"gpscoordinates": "{\"latitude\": 50.825541, \"longitude\": 4.355141}", "id": "6425F", "name": "{\"fr\": \"JANSON\", \"nl\": \"JANSON\"}"}, {"gpscoordinates": "{\"latitude\": 50.825784, \"longitude\": 4.354601}", "id": "6428F", "name": "{\"fr\": \"JANSON\", \"nl\": \"JANSON\"}"}, {"gpscoordinates": "{\"latitude\": 50.826009, \"longitude\": 4.354786}", "id": "6430", "name": "{\"fr\": \"JANSON\", \"nl\": \"JANSON\"}"}, {"gpscoordinates": "{\"latitude\": 50.826144, \"longitude\": 4.354828}", "id": "6430F", "name": "{\"fr\": \"JANSON\", \"nl\": \"JANSON\"}"}, {"gpscoordinates": "{\"latitude\": 50.840537, \"longitude\": 4.366324}", "id": "6432", "name": "{\"fr\": \"TRONE\", \"nl\": \"TROON\"}"}, {"gpscoordinates": "{\"latitude\": 50.853536, \"longitude\": 4.366082}", "id": "6435", "name": "{\"fr\": \"BOTANIQUE\", \"nl\": \"KRUIDTUIN\"}"}, {"gpscoordinates": "{\"latitude\": 50.853104, \"longitude\": 4.366154}", "id": "6436", "name": "{\"fr\": \"BOTANIQUE\", \"nl\": \"KRUIDTUIN\"}"}, {"gpscoordinates": "{\"latitude\": 50.853365, \"longitude\": 4.365756}", "id": "6437F", "name": "{\"fr\": \"BOTANIQUE\", \"nl\": \"KRUIDTUIN\"}"}, {"gpscoordinates": "{\"latitude\": 50.845966, \"longitude\": 4.358089}", "id": "6443", "name": "{\"fr\": \"GARE CENTRALE\", \"nl\": \"CENTRAAL STATION\"}"}, {"gpscoordinates": "{\"latitude\": 50.845858, \"longitude\": 4.357294}", "id": "6445", "name": "{\"fr\": \"GARE CENTRALE\", \"nl\": \"CENTRAAL STATION\"}"}, {"gpscoordinates": "{\"latitude\": 50.849465, \"longitude\": 4.402304}", "id": "6448", "name": "{\"fr\": \"DIAMANT\", \"nl\": \"DIAMANT\"}"}, {"gpscoordinates": "{\"latitude\": 50.873267, \"longitude\": 4.377632}", "id": "6456F", "name": "{\"fr\": \"PRINC. ELISABETH\", \"nl\": \"PRINS. ELISABETH\"}"}, {"gpscoordinates": "{\"latitude\": 50.873141, \"longitude\": 4.376964}", "id": "6459F", "name": "{\"fr\": \"PRINC. ELISABETH\", \"nl\": \"PRINS. ELISABETH\"}"}, {"gpscoordinates": "{\"latitude\": 50.873006, \"longitude\": 4.376723}", "id": "6461", "name": "{\"fr\": \"PRINC. ELISABETH\", \"nl\": \"PRINS. ELISABETH\"}"}, {"gpscoordinates": "{\"latitude\": 50.873051, \"longitude\": 4.376794}", "id": "6461F", "name": "{\"fr\": \"PRINC. ELISABETH\", \"nl\": \"PRINS. ELISABETH\"}"}, {"gpscoordinates": "{\"latitude\": 50.832945, \"longitude\": 4.401798}", "id": "6472", "name": "{\"fr\": \"THIEFFRY\", \"nl\": \"THIEFFRY\"}"}, {"gpscoordinates": "{\"latitude\": 50.841081, \"longitude\": 4.465325}", "id": "6475F", "name": "{\"fr\": \"STOCKEL\", \"nl\": \"STOKKEL\"}"}, {"gpscoordinates": "{\"latitude\": 50.842932, \"longitude\": 4.425034}", "id": "6477", "name": "{\"fr\": \"TOMBERG\", \"nl\": \"TOMBERG\"}"}, {"gpscoordinates": "{\"latitude\": 50.89684, \"longitude\": 4.329706}", "id": "6481", "name": "{\"fr\": \"ROI BAUDOUIN\", \"nl\": \"KONING BOUDEWIJN\"}"}, {"gpscoordinates": "{\"latitude\": 50.899576, \"longitude\": 4.348519}", "id": "6485G", "name": "{\"fr\": \"ESPLANADE\", \"nl\": \"ESPLANADE\"}"}, {"gpscoordinates": "{\"latitude\": 50.879035, \"longitude\": 4.338118}", "id": "6552", "name": "{\"fr\": \"FOYER JETTOIS\", \"nl\": \"JETSE HAARD\"}"}, {"gpscoordinates": "{\"latitude\": 50.840381, \"longitude\": 4.340599}", "id": "6601", "name": "{\"fr\": \"LEMONNIER\", \"nl\": \"LEMONNIER\"}"}, {"gpscoordinates": "{\"latitude\": 50.847997, \"longitude\": 4.33778}", "id": "6608G", "name": "{\"fr\": \"ARTS ET METIERS\", \"nl\": \"ARTS ET METIERS\"}"}, {"gpscoordinates": "{\"latitude\": 50.850009, \"longitude\": 4.334997}", "id": "6648F", "name": "{\"fr\": \"TRIANGLE\", \"nl\": \"DRIEHOEK\"}"}, {"gpscoordinates": "{\"latitude\": 50.840048, \"longitude\": 4.340684}", "id": "6657", "name": "{\"fr\": \"LEMONNIER\", \"nl\": \"LEMONNIER\"}"}, {"gpscoordinates": "{\"latitude\": 50.855455, \"longitude\": 4.335193}", "id": "6702", "name": "{\"fr\": \"BORNE\", \"nl\": \"PAAL\"}"}, {"gpscoordinates": "{\"latitude\": 50.854151, \"longitude\": 4.335549}", "id": "6754", "name": "{\"fr\": \"BORNE\", \"nl\": \"PAAL\"}"}, {"gpscoordinates": "{\"latitude\": 50.828646, \"longitude\": 4.292417}", "id": "6799F", "name": "{\"fr\": \"VAN BEETHOVEN\", \"nl\": \"VAN BEETHOVEN\"}"}, {"gpscoordinates": "{\"latitude\": 50.880228, \"longitude\": 4.330089}", "id": "6800", "name": "{\"fr\": \"GARE DE JETTE\", \"nl\": \"STATION JETTE\"}"}, {"gpscoordinates": "{\"latitude\": 50.836065, \"longitude\": 4.314026}", "id": "6809F", "name": "{\"fr\": \"DOUVRES\", \"nl\": \"DOVER\"}"}, {"gpscoordinates": "{\"latitude\": 50.83078, \"longitude\": 4.297495}", "id": "6811", "name": "{\"fr\": \"YSAYE\", \"nl\": \"YSAYE\"}"}, {"gpscoordinates": "{\"latitude\": 50.832599, \"longitude\": 4.302702}", "id": "6857", "name": "{\"fr\": \"MEIR\", \"nl\": \"MEIR\"}"}, {"gpscoordinates": "{\"latitude\": 50.836122, \"longitude\": 4.314737}", "id": "6858G", "name": "{\"fr\": \"DOUVRES\", \"nl\": \"DOVER\"}"}, {"gpscoordinates": "{\"latitude\": 50.839137, \"longitude\": 4.329838}", "id": "6860G", "name": "{\"fr\": \"CONSEIL\", \"nl\": \"RAAD\"}"}, {"gpscoordinates": "{\"latitude\": 50.794465, \"longitude\": 4.36227}", "id": "6931H", "name": "{\"fr\": \"GARE DE SAINT-JOB\", \"nl\": \"STATION SINT-JOB\"}"}, {"gpscoordinates": "{\"latitude\": 50.794411, \"longitude\": 4.361518}", "id": "6956B", "name": "{\"fr\": \"GARE DE SAINT-JOB\", \"nl\": \"STATION SINT-JOB\"}"}, {"gpscoordinates": "{\"latitude\": 50.820439, \"longitude\": 4.477103}", "id": "7300", "name": "{\"fr\": \"QUATRE BRAS\", \"nl\": \"VIER ARMEN\"}"}, {"gpscoordinates": "{\"latitude\": 50.829605, \"longitude\": 4.513954}", "id": "7305", "name": "{\"fr\": \"TERVUREN STATION\", \"nl\": \"TERVUREN STATION\"}"}, {"gpscoordinates": "{\"latitude\": 50.816611, \"longitude\": 4.281609}", "id": "7671", "name": "{\"fr\": \"EDDY MERCKX\", \"nl\": \"EDDY MERCKX\"}"}, {"gpscoordinates": "{\"latitude\": 50.81636, \"longitude\": 4.282202}", "id": "7675", "name": "{\"fr\": \"EDDY MERCKX\", \"nl\": \"EDDY MERCKX\"}"}]}