{"total_count": 2550, "results": [{"gpscoordinates": "{\"latitude\": 50.881187, \"longitude\": 4.321846}", "id": "1066", "name": "{\"fr\": \"EUGENE TOUSSAINT\", \"nl\": \"EUGENE TOUSSAINT\"}"}, {"gpscoordinates": "{\"latitude\": 50.86631, \"longitude\": 4.303465}", "id": "1094", "name": "{\"fr\": \"VALIDA\", \"nl\": \"VALIDA\"}"}, {"gpscoordinates": "{\"latitude\": 50.869995, \"longitude\": 4.288174}", "id": "1099", "name": "{\"fr\": \"PARC MONNET\", \"nl\": \"MONNET-PARK\"}"}, {"gpscoordinates": "{\"latitude\": 50.866675, \"longitude\": 4.314886}", "id": "1111", "name": "{\"fr\": \"COLLEGE S.-COEUR\", \"nl\": \"H. HARTCOLLEGE\"}"}, {"gpscoordinates": "{\"latitude\": 50.860434, \"longitude\": 4.331639}", "id": "1114B", "name": "{\"fr\": \"VANHUFFEL\", \"nl\": \"VANHUFFEL\"}"}, {"gpscoordinates": "{\"latitude\": 50.85877, \"longitude\": 4.330078}", "id": "1115", "name": "{\"fr\": \"AUTRIQUE\", \"nl\": \"AUTRIQUE\"}"}, {"gpscoordinates": "{\"latitude\": 50.92158, \"longitude\": 4.428648}", "id": "1121", "name": "{\"fr\": \"BLOKKEN\", \"nl\": \"BLOKKEN\"}"}, {"gpscoordinates": "{\"latitude\": 50.8347, \"longitude\": 4.346152}", "id": "1125", "name": "{\"fr\": \"HOP. SAINT-PIERRE\", \"nl\": \"SINT-PIETERS-ZKH.\"}"}, {"gpscoordinates": "{\"latitude\": 50.841426, \"longitude\": 4.358345}", "id": "1129", "name": "{\"fr\": \"ROYALE\", \"nl\": \"KONING\"}"}, {"gpscoordinates": "{\"latitude\": 50.839745, \"longitude\": 4.373679}", "id": "1131B", "name": "{\"fr\": \"LUXEMBOURG\", \"nl\": \"LUXEMBURG\"}"}, {"gpscoordinates": "{\"latitude\": 50.839211, \"longitude\": 4.398523}", "id": "1136", "name": "{\"fr\": \"MERODE\", \"nl\": \"MERODE\"}"}, {"gpscoordinates": "{\"latitude\": 50.842148, \"longitude\": 4.406718}", "id": "1139", "name": "{\"fr\": \"GEORGES HENRI\", \"nl\": \"GEORGES HENRI\"}"}, {"gpscoordinates": "{\"latitude\": 50.847132, \"longitude\": 4.421532}", "id": "1150", "name": "{\"fr\": \"ZEPHYR\", \"nl\": \"WESTENWIND\"}"}, {"gpscoordinates": "{\"latitude\": 50.843612, \"longitude\": 4.411504}", "id": "1153", "name": "{\"fr\": \"DEGROOFF\", \"nl\": \"DEGROOFF\"}"}, {"gpscoordinates": "{\"latitude\": 50.838215, \"longitude\": 4.39256}", "id": "1157", "name": "{\"fr\": \"GAULOIS\", \"nl\": \"GALLIERS\"}"}, {"gpscoordinates": "{\"latitude\": 50.838242, \"longitude\": 4.392106}", "id": "1159", "name": "{\"fr\": \"GAULOIS\", \"nl\": \"GALLIERS\"}"}, {"gpscoordinates": "{\"latitude\": 50.834403, \"longitude\": 4.343214}", "id": "1169", "name": "{\"fr\": \"PORTE DE HAL\", \"nl\": \"HALLEPOORT\"}"}, {"gpscoordinates": "{\"latitude\": 50.861968, \"longitude\": 4.321936}", "id": "1182", "name": "{\"fr\": \"SIPPELBERG\", \"nl\": \"SIPPELBERG\"}"}, {"gpscoordinates": "{\"latitude\": 50.860912, \"longitude\": 4.296286}", "id": "1190", "name": "{\"fr\": \"COMHAIRE\", \"nl\": \"COMHAIRE\"}"}, {"gpscoordinates": "{\"latitude\": 50.866952, \"longitude\": 4.28129}", "id": "1194", "name": "{\"fr\": \"HUNDERENVELD\", \"nl\": \"HUNDERENVELD\"}"}, {"gpscoordinates": "{\"latitude\": 50.864292, \"longitude\": 4.312232}", "id": "1198", "name": "{\"fr\": \"BENES\", \"nl\": \"BENES\"}"}, {"gpscoordinates": "{\"latitude\": 50.866834, \"longitude\": 4.308323}", "id": "1199", "name": "{\"fr\": \"GOFFIN\", \"nl\": \"GOFFIN\"}"}, {"gpscoordinates": "{\"latitude\": 50.841803, \"longitude\": 4.286873}", "id": "1201", "name": "{\"fr\": \"MOORTEBEEK\", \"nl\": \"MOORTEBEEK\"}"}, {"gpscoordinates": "{\"latitude\": 50.838026, \"longitude\": 4.284196}", "id": "1203", "name": "{\"fr\": \"WESTLAND SHOPPING\", \"nl\": \"WESTLAND SHOPPING\"}"}, {"gpscoordinates": "{\"latitude\": 50.861772, \"longitude\": 4.291597}", "id": "1209", "name": "{\"fr\": \"PLACE DE L'EGLISE\", \"nl\": \"KERKPLEIN\"}"}, {"gpscoordinates": "{\"latitude\": 50.820955, \"longitude\": 4.342058}", "id": "1221", "name": "{\"fr\": \"ALBERT\", \"nl\": \"ALBERT\"}"}, {"gpscoordinates": "{\"latitude\": 50.841047, \"longitude\": 4.340769}", "id": "1227", "name": "{\"fr\": \"LEMONNIER\", \"nl\": \"LEMONNIER\"}"}, {"gpscoordinates": "{\"latitude\": 50.817291, \"longitude\": 4.325499}", "id": "1232", "name": "{\"fr\": \"CHATAIGNES\", \"nl\": \"KASTANJES\"}"}, {"gpscoordinates": "{\"latitude\": 50.866256, \"longitude\": 4.303153}", "id": "1236F", "name": "{\"fr\": \"VALIDA\", \"nl\": \"VALIDA\"}"}, {"gpscoordinates": "{\"latitude\": 50.851957, \"longitude\": 4.333491}", "id": "1242", "name": "{\"fr\": \"ELEPHANT\", \"nl\": \"OLIFANT\"}"}, {"gpscoordinates": "{\"latitude\": 50.803621, \"longitude\": 4.358749}", "id": "1251", "name": "{\"fr\": \"HOUZEAU\", \"nl\": \"HOUZEAU\"}"}, {"gpscoordinates": "{\"latitude\": 50.840858, \"longitude\": 4.462754}", "id": "1252", "name": "{\"fr\": \"STOCKEL\", \"nl\": \"STOKKEL\"}"}, {"gpscoordinates": "{\"latitude\": 50.843753, \"longitude\": 4.300032}", "id": "1257", "name": "{\"fr\": \"PAULSEN\", \"nl\": \"PAULSEN\"}"}, {"gpscoordinates": "{\"latitude\": 50.79673, \"longitude\": 4.321064}", "id": "1258B", "name": "{\"fr\": \"CARREFOUR STALLE\", \"nl\": \"KRUISPUNT STALLE\"}"}, {"gpscoordinates": "{\"latitude\": 50.837562, \"longitude\": 4.289975}", "id": "1260", "name": "{\"fr\": \"FRUITS\", \"nl\": \"FRUIT\"}"}, {"gpscoordinates": "{\"latitude\": 50.843149, \"longitude\": 4.383818}", "id": "1270B", "name": "{\"fr\": \"SCHUMAN\", \"nl\": \"SCHUMAN\"}"}, {"gpscoordinates": "{\"latitude\": 50.829963, \"longitude\": 4.390938}", "id": "1278", "name": "{\"fr\": \"LA CHASSE\", \"nl\": \"DE JACHT\"}"}, {"gpscoordinates": "{\"latitude\": 50.884092, \"longitude\": 4.410163}", "id": "1283B", "name": "{\"fr\": \"BIPLAN\", \"nl\": \"TWEEDEKKER\"}"}, {"gpscoordinates": "{\"latitude\": 50.863005, \"longitude\": 4.330789}", "id": "1286", "name": "{\"fr\": \"SIMONIS\", \"nl\": \"SIMONIS\"}"}, {"gpscoordinates": "{\"latitude\": 50.893809, \"longitude\": 4.33186}", "id": "1289", "name": "{\"fr\": \"STADE\", \"nl\": \"STADION\"}"}, {"gpscoordinates": "{\"latitude\": 50.864418, \"longitude\": 4.29709}", "id": "1306", "name": "{\"fr\": \"SCHWEITZER\", \"nl\": \"SCHWEITZER\"}"}, {"gpscoordinates": "{\"latitude\": 50.864364, \"longitude\": 4.296721}", "id": "1307F", "name": "{\"fr\": \"SCHWEITZER\", \"nl\": \"SCHWEITZER\"}"}, {"gpscoordinates": "{\"latitude\": 50.864894, \"longitude\": 4.296868}", "id": "1310", "name": "{\"fr\": \"SCHWEITZER\", \"nl\": \"SCHWEITZER\"}"}, {"gpscoordinates": "{\"latitude\": 50.865077, \"longitude\": 4.320101}", "id": "1313", "name": "{\"fr\": \"BOSSAERT-BASILIQ.\", \"nl\": \"BOSSAERT-BASILIEK\"}"}, {"gpscoordinates": "{\"latitude\": 50.863632, \"longitude\": 4.324662}", "id": "1314", "name": "{\"fr\": \"BESME\", \"nl\": \"BESME\"}"}, {"gpscoordinates": "{\"latitude\": 50.892851, \"longitude\": 4.312731}", "id": "1328", "name": "{\"fr\": \"ARBRE BALLON\", \"nl\": \"DIKKE BEUK\"}"}, {"gpscoordinates": "{\"latitude\": 50.849022, \"longitude\": 4.459021}", "id": "1339", "name": "{\"fr\": \"KRAAINEM\", \"nl\": \"KRAAINEM\"}"}, {"gpscoordinates": "{\"latitude\": 50.85969, \"longitude\": 4.376229}", "id": "1358", "name": "{\"fr\": \"COTEAUX\", \"nl\": \"WIJNHEUVELEN\"}"}, {"gpscoordinates": "{\"latitude\": 50.852427, \"longitude\": 4.491947}", "id": "1377", "name": "{\"fr\": \"DEUTSCHE SCHULE\", \"nl\": \"DEUTSCHE SCHULE\"}"}, {"gpscoordinates": "{\"latitude\": 50.871865, \"longitude\": 4.325596}", "id": "1388", "name": "{\"fr\": \"MIROIR\", \"nl\": \"SPIEGEL\"}"}, {"gpscoordinates": "{\"latitude\": 50.812012, \"longitude\": 4.318754}", "id": "1414", "name": "{\"fr\": \"FOREST CENTRE\", \"nl\": \"VORST CENTRUM\"}"}, {"gpscoordinates": "{\"latitude\": 50.840185, \"longitude\": 4.382637}", "id": "1416", "name": "{\"fr\": \"FROISSART\", \"nl\": \"FROISSART\"}"}, {"gpscoordinates": "{\"latitude\": 50.840843, \"longitude\": 4.38477}", "id": "1417B", "name": "{\"fr\": \"BREYDEL\", \"nl\": \"BREYDEL\"}"}, {"gpscoordinates": "{\"latitude\": 50.847115, \"longitude\": 4.391358}", "id": "1419", "name": "{\"fr\": \"GUEUX\", \"nl\": \"GEUZEN\"}"}, {"gpscoordinates": "{\"latitude\": 50.839797, \"longitude\": 4.437879}", "id": "1422", "name": "{\"fr\": \"DEPORTES\", \"nl\": \"WEGGEVOERDEN\"}"}, {"gpscoordinates": "{\"latitude\": 50.840299, \"longitude\": 4.440293}", "id": "1423", "name": "{\"fr\": \"PARC MALOU\", \"nl\": \"MALOUPARK\"}"}, {"gpscoordinates": "{\"latitude\": 50.842274, \"longitude\": 4.406462}", "id": "1424", "name": "{\"fr\": \"GEORGES HENRI\", \"nl\": \"GEORGES HENRI\"}"}, {"gpscoordinates": "{\"latitude\": 50.84056, \"longitude\": 4.439697}", "id": "1451", "name": "{\"fr\": \"PARC MALOU\", \"nl\": \"MALOUPARK\"}"}, {"gpscoordinates": "{\"latitude\": 50.841381, \"longitude\": 4.434303}", "id": "1454", "name": "{\"fr\": \"VOOT\", \"nl\": \"VOOT\"}"}, {"gpscoordinates": "{\"latitude\": 50.803124, \"longitude\": 4.408998}", "id": "1455", "name": "{\"fr\": \"CALYPSO 2000\", \"nl\": \"CALYPSO 2000\"}"}, {"gpscoordinates": "{\"latitude\": 50.842347, \"longitude\": 4.427376}", "id": "1456", "name": "{\"fr\": \"MELARD\", \"nl\": \"MELARD\"}"}, {"gpscoordinates": "{\"latitude\": 50.847998, \"longitude\": 4.398087}", "id": "1462", "name": "{\"fr\": \"VICTOR HUGO\", \"nl\": \"VICTOR HUGO\"}"}, {"gpscoordinates": "{\"latitude\": 50.846998, \"longitude\": 4.390903}", "id": "1463", "name": "{\"fr\": \"GUEUX\", \"nl\": \"GEUZEN\"}"}, {"gpscoordinates": "{\"latitude\": 50.845282, \"longitude\": 4.386558}", "id": "1464", "name": "{\"fr\": \"MICHEL-ANGE\", \"nl\": \"MICHELANGELO\"}"}, {"gpscoordinates": "{\"latitude\": 50.888569, \"longitude\": 4.327578}", "id": "1467", "name": "{\"fr\": \"HOP. DES ENFANTS\", \"nl\": \"KINDERZIEKENHUIS\"}"}, {"gpscoordinates": "{\"latitude\": 50.786148, \"longitude\": 4.42484}", "id": "1472", "name": "{\"fr\": \"FORESTERIE\", \"nl\": \"VORSTERIE\"}"}, {"gpscoordinates": "{\"latitude\": 50.8405, \"longitude\": 4.381885}", "id": "1476", "name": "{\"fr\": \"FROISSART\", \"nl\": \"FROISSART\"}"}, {"gpscoordinates": "{\"latitude\": 50.816266, \"longitude\": 4.290209}", "id": "1477B", "name": "{\"fr\": \"CERIA\", \"nl\": \"COOVI\"}"}, {"gpscoordinates": "{\"latitude\": 50.815856, \"longitude\": 4.29502}", "id": "1478", "name": "{\"fr\": \"CAMPUS CERIA\", \"nl\": \"CAMPUS COOVI\"}"}, {"gpscoordinates": "{\"latitude\": 50.836154, \"longitude\": 4.295301}", "id": "1482", "name": "{\"fr\": \"RENE HENRY\", \"nl\": \"RENE HENRY\"}"}, {"gpscoordinates": "{\"latitude\": 50.835155, \"longitude\": 4.280397}", "id": "1484", "name": "{\"fr\": \"POMMIER\", \"nl\": \"APPELBOOM\"}"}, {"gpscoordinates": "{\"latitude\": 50.834966, \"longitude\": 4.280497}", "id": "1487", "name": "{\"fr\": \"POMMIER\", \"nl\": \"APPELBOOM\"}"}, {"gpscoordinates": "{\"latitude\": 50.818515, \"longitude\": 4.294711}", "id": "1493", "name": "{\"fr\": \"WAUTERS\", \"nl\": \"WAUTERS\"}"}, {"gpscoordinates": "{\"latitude\": 50.828962, \"longitude\": 4.293893}", "id": "1495", "name": "{\"fr\": \"VAN BEETHOVEN\", \"nl\": \"VAN BEETHOVEN\"}"}, {"gpscoordinates": "{\"latitude\": 50.849049, \"longitude\": 4.377287}", "id": "1510", "name": "{\"fr\": \"GUTENBERG\", \"nl\": \"GUTENBERG\"}"}, {"gpscoordinates": "{\"latitude\": 50.852473, \"longitude\": 4.388463}", "id": "1513", "name": "{\"fr\": \"DAILLY\", \"nl\": \"DAILLY\"}"}, {"gpscoordinates": "{\"latitude\": 50.852399, \"longitude\": 4.392447}", "id": "1514B", "name": "{\"fr\": \"RADIUM\", \"nl\": \"RADIUM\"}"}, {"gpscoordinates": "{\"latitude\": 50.848436, \"longitude\": 4.420326}", "id": "1521", "name": "{\"fr\": \"SPEECKAERT\", \"nl\": \"SPEECKAERT\"}"}, {"gpscoordinates": "{\"latitude\": 50.859657, \"longitude\": 4.414231}", "id": "1535", "name": "{\"fr\": \"PADUWA\", \"nl\": \"PADUWA\"}"}, {"gpscoordinates": "{\"latitude\": 50.834547, \"longitude\": 4.420311}", "id": "1545", "name": "{\"fr\": \"JULES CESAR\", \"nl\": \"JULIUS CAESAR\"}"}, {"gpscoordinates": "{\"latitude\": 50.85479, \"longitude\": 4.440301}", "id": "1551", "name": "{\"fr\": \"MARCEL THIRY\", \"nl\": \"MARCEL THIRY\"}"}, {"gpscoordinates": "{\"latitude\": 50.857665, \"longitude\": 4.442066}", "id": "1552", "name": "{\"fr\": \"JESPERS\", \"nl\": \"JESPERS\"}"}, {"gpscoordinates": "{\"latitude\": 50.848607, \"longitude\": 4.42027}", "id": "1558", "name": "{\"fr\": \"SPEECKAERT\", \"nl\": \"SPEECKAERT\"}"}, {"gpscoordinates": "{\"latitude\": 50.849814, \"longitude\": 4.374063}", "id": "1570", "name": "{\"fr\": \"SAINT-JOSSE\", \"nl\": \"SINT-JOOST\"}"}, {"gpscoordinates": "{\"latitude\": 50.847875, \"longitude\": 4.455839}", "id": "1586", "name": "{\"fr\": \"ALMA\", \"nl\": \"ALMA\"}"}, {"gpscoordinates": "{\"latitude\": 50.888054, \"longitude\": 4.319338}", "id": "1599", "name": "{\"fr\": \"DIELEGHEM\", \"nl\": \"DIELEGEM\"}"}, {"gpscoordinates": "{\"latitude\": 50.888147, \"longitude\": 4.319041}", "id": "1606", "name": "{\"fr\": \"DIELEGHEM\", \"nl\": \"DIELEGEM\"}"}, {"gpscoordinates": "{\"latitude\": 50.814467, \"longitude\": 4.288169}", "id": "1618", "name": "{\"fr\": \"SAINT-NICOLAS\", \"nl\": \"SINT NIKLAAS\"}"}, {"gpscoordinates": "{\"latitude\": 50.814629, \"longitude\": 4.288467}", "id": "1619", "name": "{\"fr\": \"SAINT-NICOLAS\", \"nl\": \"SINT NIKLAAS\"}"}, {"gpscoordinates": "{\"latitude\": 50.839497, \"longitude\": 4.494766}", "id": "1627", "name": "{\"fr\": \"STIJN STREUVELS\", \"nl\": \"STIJN STREUVELS\"}"}, {"gpscoordinates": "{\"latitude\": 50.835757, \"longitude\": 4.495693}", "id": "1629", "name": "{\"fr\": \"OPPEM\", \"nl\": \"OPPEM\"}"}, {"gpscoordinates": "{\"latitude\": 50.814107, \"longitude\": 4.339161}", "id": "1636", "name": "{\"fr\": \"COGHEN\", \"nl\": \"COGHEN\"}"}, {"gpscoordinates": "{\"latitude\": 50.848073, \"longitude\": 4.455357}", "id": "1639", "name": "{\"fr\": \"ALMA\", \"nl\": \"ALMA\"}"}, {"gpscoordinates": "{\"latitude\": 50.828587, \"longitude\": 4.315907}", "id": "1666", "name": "{\"fr\": \"HERMES\", \"nl\": \"HERMES\"}"}, {"gpscoordinates": "{\"latitude\": 50.848307, \"longitude\": 4.466589}", "id": "1673", "name": "{\"fr\": \"REINE ASTRID\", \"nl\": \"KONINGIN ASTRID\"}"}, {"gpscoordinates": "{\"latitude\": 50.875999, \"longitude\": 4.318701}", "id": "1676F", "name": "{\"fr\": \"SQ. DU CENTENAIRE\", \"nl\": \"EEUWFEESTSQUARE\"}"}, {"gpscoordinates": "{\"latitude\": 50.876295, \"longitude\": 4.318299}", "id": "1677F", "name": "{\"fr\": \"SQ. DU CENTENAIRE\", \"nl\": \"EEUWFEESTSQUARE\"}"}, {"gpscoordinates": "{\"latitude\": 50.885354, \"longitude\": 4.316858}", "id": "1680F", "name": "{\"fr\": \"ANCIENNE BARRIERE\", \"nl\": \"OUDE AFSPANNING\"}"}, {"gpscoordinates": "{\"latitude\": 50.892997, \"longitude\": 4.315058}", "id": "1687F", "name": "{\"fr\": \"ARBRE BALLON\", \"nl\": \"DIKKE BEUK\"}"}, {"gpscoordinates": "{\"latitude\": 50.89384, \"longitude\": 4.331185}", "id": "1692F", "name": "{\"fr\": \"STADE\", \"nl\": \"STADION\"}"}]}