{"total_count": 2550, "results": [{"gpscoordinates": "{\"latitude\": 50.815052, \"longitude\": 4.266326}", "id": "2598", "name": "{\"fr\": \"ERASME\", \"nl\": \"ERASMUS\"}"}, {"gpscoordinates": "{\"latitude\": 50.816904, \"longitude\": 4.279004}", "id": "2599", "name": "{\"fr\": \"EDDY MERCKX\", \"nl\": \"EDDY MERCKX\"}"}, {"gpscoordinates": "{\"latitude\": 50.825555, \"longitude\": 4.288086}", "id": "2602", "name": "{\"fr\": \"MARTIN LUTH. KING\", \"nl\": \"MARTIN LUTH. KING\"}"}, {"gpscoordinates": "{\"latitude\": 50.813623, \"longitude\": 4.324822}", "id": "2603", "name": "{\"fr\": \"ZAMAN-FOREST NAT.\", \"nl\": \"ZAMAN-VORST NAT.\"}"}, {"gpscoordinates": "{\"latitude\": 50.796599, \"longitude\": 4.309433}", "id": "2609", "name": "{\"fr\": \"RUE LONGUE\", \"nl\": \"LANGESTRAAT\"}"}, {"gpscoordinates": "{\"latitude\": 50.821824, \"longitude\": 4.283943}", "id": "2621", "name": "{\"fr\": \"MARIE CURIE\", \"nl\": \"MARIE CURIE\"}"}, {"gpscoordinates": "{\"latitude\": 50.816051, \"longitude\": 4.27466}", "id": "2624", "name": "{\"fr\": \"MEYLEMEERSCH\", \"nl\": \"MIJLENMEERS\"}"}, {"gpscoordinates": "{\"latitude\": 50.807323, \"longitude\": 4.326279}", "id": "2631", "name": "{\"fr\": \"FORESTOISE\", \"nl\": \"FORESTOISE\"}"}, {"gpscoordinates": "{\"latitude\": 50.807026, \"longitude\": 4.32846}", "id": "2633", "name": "{\"fr\": \"GATTI DE GAMOND\", \"nl\": \"GATTI DE GAMOND\"}"}, {"gpscoordinates": "{\"latitude\": 50.890867, \"longitude\": 4.346055}", "id": "2636F", "name": "{\"fr\": \"SAINT-LAMBERT\", \"nl\": \"SINT-LAMBERTUS\"}"}, {"gpscoordinates": "{\"latitude\": 50.889932, \"longitude\": 4.345032}", "id": "2637F", "name": "{\"fr\": \"SAINT-LAMBERT\", \"nl\": \"SINT-LAMBERTUS\"}"}, {"gpscoordinates": "{\"latitude\": 50.83767, \"longitude\": 4.285347}", "id": "2647", "name": "{\"fr\": \"WESTLAND SHOPPING\", \"nl\": \"WESTLAND SHOPPING\"}"}, {"gpscoordinates": "{\"latitude\": 50.837586, \"longitude\": 4.287789}", "id": "2648", "name": "{\"fr\": \"WESTLAND SHOPPING\", \"nl\": \"WESTLAND SHOPPING\"}"}, {"gpscoordinates": "{\"latitude\": 50.878994, \"longitude\": 4.374195}", "id": "2654", "name": "{\"fr\": \"DOCKS BRUXSEL\", \"nl\": \"DOCKS BRUXSEL\"}"}, {"gpscoordinates": "{\"latitude\": 50.831686, \"longitude\": 4.332853}", "id": "2670", "name": "{\"fr\": \"AVENUE DU ROI\", \"nl\": \"KONINGSLAAN\"}"}, {"gpscoordinates": "{\"latitude\": 50.831677, \"longitude\": 4.332853}", "id": "2670F", "name": "{\"fr\": \"AVENUE DU ROI\", \"nl\": \"KONINGSLAAN\"}"}, {"gpscoordinates": "{\"latitude\": 50.834213, \"longitude\": 4.336102}", "id": "2671", "name": "{\"fr\": \"SUEDE\", \"nl\": \"ZWEDEN\"}"}, {"gpscoordinates": "{\"latitude\": 50.840086, \"longitude\": 4.365335}", "id": "2681", "name": "{\"fr\": \"TRONE\", \"nl\": \"TROON\"}"}, {"gpscoordinates": "{\"latitude\": 50.81597, \"longitude\": 4.429216}", "id": "2725", "name": "{\"fr\": \"BERGOJE\", \"nl\": \"BERGOJE\"}"}, {"gpscoordinates": "{\"latitude\": 50.816381, \"longitude\": 4.434921}", "id": "2727", "name": "{\"fr\": \"DEUX CHAUSSEES\", \"nl\": \"TWEESTEENWEGEN\"}"}, {"gpscoordinates": "{\"latitude\": 50.809854, \"longitude\": 4.324406}", "id": "2732", "name": "{\"fr\": \"FOREST NATIONAL\", \"nl\": \"VORST NATIONAAL\"}"}, {"gpscoordinates": "{\"latitude\": 50.843186, \"longitude\": 4.345098}", "id": "2737", "name": "{\"fr\": \"ROUPPE\", \"nl\": \"ROUPPE\"}"}, {"gpscoordinates": "{\"latitude\": 50.901262, \"longitude\": 4.355632}", "id": "2747", "name": "{\"fr\": \"BERGDAL\", \"nl\": \"BERGDAL\"}"}, {"gpscoordinates": "{\"latitude\": 50.846027, \"longitude\": 4.299534}", "id": "2748B", "name": "{\"fr\": \"PRINCE DE LIEGE\", \"nl\": \"PRINS VAN LUIK\"}"}, {"gpscoordinates": "{\"latitude\": 50.799283, \"longitude\": 4.379135}", "id": "2760B", "name": "{\"fr\": \"GENDARMES\", \"nl\": \"GENDARMEN\"}"}, {"gpscoordinates": "{\"latitude\": 50.801459, \"longitude\": 4.373603}", "id": "2762", "name": "{\"fr\": \"VERT CHASSEUR\", \"nl\": \"GROENE JAGER\"}"}, {"gpscoordinates": "{\"latitude\": 50.824656, \"longitude\": 4.334986}", "id": "2767", "name": "{\"fr\": \"ROCHEFORT\", \"nl\": \"ROCHEFORT\"}"}, {"gpscoordinates": "{\"latitude\": 50.791613, \"longitude\": 4.342868}", "id": "2770", "name": "{\"fr\": \"HELLEVELT\", \"nl\": \"HELLEVELT\"}"}, {"gpscoordinates": "{\"latitude\": 50.789913, \"longitude\": 4.338799}", "id": "2771", "name": "{\"fr\": \"GROELSTVELD\", \"nl\": \"GROELSTVELD\"}"}, {"gpscoordinates": "{\"latitude\": 50.824506, \"longitude\": 4.334729}", "id": "2772", "name": "{\"fr\": \"ROCHEFORT\", \"nl\": \"ROCHEFORT\"}"}, {"gpscoordinates": "{\"latitude\": 50.828579, \"longitude\": 4.333825}", "id": "2774", "name": "{\"fr\": \"SERBIE\", \"nl\": \"SERVIE\"}"}, {"gpscoordinates": "{\"latitude\": 50.836172, \"longitude\": 4.338154}", "id": "2778", "name": "{\"fr\": \"GARE DU MIDI\", \"nl\": \"ZUIDSTATION\"}"}, {"gpscoordinates": "{\"latitude\": 50.842725, \"longitude\": 4.317836}", "id": "2782", "name": "{\"fr\": \"JACQUES BREL\", \"nl\": \"JACQUES BREL\"}"}, {"gpscoordinates": "{\"latitude\": 50.843544, \"longitude\": 4.313384}", "id": "2784", "name": "{\"fr\": \"VETERANS COLON.\", \"nl\": \"KOLON. VETERANEN\"}"}, {"gpscoordinates": "{\"latitude\": 50.865384, \"longitude\": 4.367758}", "id": "2786F", "name": "{\"fr\": \"GALLAIT\", \"nl\": \"GALLAIT\"}"}, {"gpscoordinates": "{\"latitude\": 50.845599, \"longitude\": 4.358038}", "id": "2787", "name": "{\"fr\": \"GARE CENTRALE\", \"nl\": \"CENTRAAL STATION\"}"}, {"gpscoordinates": "{\"latitude\": 50.88547, \"longitude\": 4.332472}", "id": "2802", "name": "{\"fr\": \"HOPITAL BRUGMANN\", \"nl\": \"BRUGMANN-ZIEKENH.\"}"}, {"gpscoordinates": "{\"latitude\": 50.881167, \"longitude\": 4.348134}", "id": "2809", "name": "{\"fr\": \"KAREL BOGAERD\", \"nl\": \"KAREL BOGAERD\"}"}, {"gpscoordinates": "{\"latitude\": 50.881483, \"longitude\": 4.354458}", "id": "2810", "name": "{\"fr\": \"ARTISTES\", \"nl\": \"KUNSTENAARS\"}"}, {"gpscoordinates": "{\"latitude\": 50.843233, \"longitude\": 4.354355}", "id": "2840", "name": "{\"fr\": \"MADELEINE\", \"nl\": \"MAGDALENA\"}"}, {"gpscoordinates": "{\"latitude\": 50.855491, \"longitude\": 4.346631}", "id": "2848F", "name": "{\"fr\": \"MARGUERITE DURAS\", \"nl\": \"MARGUERITE DURAS\"}"}, {"gpscoordinates": "{\"latitude\": 50.894778, \"longitude\": 4.380678}", "id": "2852", "name": "{\"fr\": \"KRUIPWEG\", \"nl\": \"KRUIPWEG\"}"}, {"gpscoordinates": "{\"latitude\": 50.896595, \"longitude\": 4.376599}", "id": "2853", "name": "{\"fr\": \"BEYSEGHEM\", \"nl\": \"BEIZEGEM\"}"}, {"gpscoordinates": "{\"latitude\": 50.896271, \"longitude\": 4.371994}", "id": "2854", "name": "{\"fr\": \"VERSAILLES\", \"nl\": \"VERSAILLES\"}"}, {"gpscoordinates": "{\"latitude\": 50.881564, \"longitude\": 4.354244}", "id": "2860", "name": "{\"fr\": \"ARTISTES\", \"nl\": \"KUNSTENAARS\"}"}, {"gpscoordinates": "{\"latitude\": 50.885348, \"longitude\": 4.353234}", "id": "2861", "name": "{\"fr\": \"SCHOLA EUROPEA\", \"nl\": \"SCHOLA EUROPEA\"}"}, {"gpscoordinates": "{\"latitude\": 50.872161, \"longitude\": 4.289982}", "id": "2866", "name": "{\"fr\": \"GARE DE BERCHEM\", \"nl\": \"STATION BERCHEM\"}"}, {"gpscoordinates": "{\"latitude\": 50.8744, \"longitude\": 4.36091}", "id": "2870", "name": "{\"fr\": \"MARIE-CHRISTINE\", \"nl\": \"MARIA-CHRISTINA\"}"}, {"gpscoordinates": "{\"latitude\": 50.866633, \"longitude\": 4.368738}", "id": "2876F", "name": "{\"fr\": \"GALLAIT\", \"nl\": \"GALLAIT\"}"}, {"gpscoordinates": "{\"latitude\": 50.874022, \"longitude\": 4.359319}", "id": "2879F", "name": "{\"fr\": \"MARIE-CHRISTINE\", \"nl\": \"MARIA-CHRISTINA\"}"}, {"gpscoordinates": "{\"latitude\": 50.879051, \"longitude\": 4.403892}", "id": "2900F", "name": "{\"fr\": \"FONSON\", \"nl\": \"FONSON\"}"}, {"gpscoordinates": "{\"latitude\": 50.880012, \"longitude\": 4.407132}", "id": "2902", "name": "{\"fr\": \"VAN CUTSEM\", \"nl\": \"VAN CUTSEM\"}"}, {"gpscoordinates": "{\"latitude\": 50.878826, \"longitude\": 4.403693}", "id": "2903", "name": "{\"fr\": \"FONSON\", \"nl\": \"FONSON\"}"}, {"gpscoordinates": "{\"latitude\": 50.896412, \"longitude\": 4.421346}", "id": "2905", "name": "{\"fr\": \"TWYENINCK\", \"nl\": \"TWYENINCK\"}"}, {"gpscoordinates": "{\"latitude\": 50.871438, \"longitude\": 4.399979}", "id": "2912", "name": "{\"fr\": \"NOTRE-DAME\", \"nl\": \"ONZE-LIEVE-VROUW\"}"}, {"gpscoordinates": "{\"latitude\": 50.86148, \"longitude\": 4.392473}", "id": "2915", "name": "{\"fr\": \"JOSAPHAT\", \"nl\": \"JOSAPHAT\"}"}, {"gpscoordinates": "{\"latitude\": 50.853309, \"longitude\": 4.388208}", "id": "2918", "name": "{\"fr\": \"DAILLY\", \"nl\": \"DAILLY\"}"}, {"gpscoordinates": "{\"latitude\": 50.851647, \"longitude\": 4.387125}", "id": "2919", "name": "{\"fr\": \"BRABANCONNE\", \"nl\": \"BRABANCONNE\"}"}, {"gpscoordinates": "{\"latitude\": 50.874152, \"longitude\": 4.403007}", "id": "2924", "name": "{\"fr\": \"OUD-KAPELLEKE\", \"nl\": \"OUD-KAPELLEKE\"}"}, {"gpscoordinates": "{\"latitude\": 50.821665, \"longitude\": 4.341617}", "id": "2934", "name": "{\"fr\": \"ALBERT\", \"nl\": \"ALBERT\"}"}, {"gpscoordinates": "{\"latitude\": 50.819551, \"longitude\": 4.336722}", "id": "2935", "name": "{\"fr\": \"JUPITER\", \"nl\": \"JUPITER\"}"}, {"gpscoordinates": "{\"latitude\": 50.813742, \"longitude\": 4.330585}", "id": "2937B", "name": "{\"fr\": \"MYSTERE\", \"nl\": \"MYSTERIE\"}"}, {"gpscoordinates": "{\"latitude\": 50.840674, \"longitude\": 4.364886}", "id": "2948", "name": "{\"fr\": \"TRONE\", \"nl\": \"TROON\"}"}, {"gpscoordinates": "{\"latitude\": 50.819668, \"longitude\": 4.33702}", "id": "2951", "name": "{\"fr\": \"JUPITER\", \"nl\": \"JUPITER\"}"}, {"gpscoordinates": "{\"latitude\": 50.809127, \"longitude\": 4.320825}", "id": "2952B", "name": "{\"fr\": \"GARE FOREST-EST\", \"nl\": \"STAT. VORST-OOST\"}"}, {"gpscoordinates": "{\"latitude\": 50.816359, \"longitude\": 4.333887}", "id": "2955", "name": "{\"fr\": \"TOURNOI\", \"nl\": \"STEEKSPEL\"}"}, {"gpscoordinates": "{\"latitude\": 50.824921, \"longitude\": 4.35859}", "id": "2960", "name": "{\"fr\": \"TRINITE\", \"nl\": \"DRIEVULDIGHEID\"}"}, {"gpscoordinates": "{\"latitude\": 50.824912, \"longitude\": 4.358604}", "id": "2960F", "name": "{\"fr\": \"TRINITE\", \"nl\": \"DRIEVULDIGHEID\"}"}, {"gpscoordinates": "{\"latitude\": 50.829884, \"longitude\": 4.364025}", "id": "2962", "name": "{\"fr\": \"VANNE\", \"nl\": \"VERLAAT\"}"}, {"gpscoordinates": "{\"latitude\": 50.833219, \"longitude\": 4.366552}", "id": "2963", "name": "{\"fr\": \"FERNAND COCQ\", \"nl\": \"FERNAND COCQ\"}"}, {"gpscoordinates": "{\"latitude\": 50.862073, \"longitude\": 4.39253}", "id": "2977", "name": "{\"fr\": \"JOSAPHAT\", \"nl\": \"JOSAPHAT\"}"}, {"gpscoordinates": "{\"latitude\": 50.869407, \"longitude\": 4.399921}", "id": "2996", "name": "{\"fr\": \"CONSCIENCE\", \"nl\": \"CONSCIENCE\"}"}, {"gpscoordinates": "{\"latitude\": 50.892106, \"longitude\": 4.395914}", "id": "3005", "name": "{\"fr\": \"TROIS PERTUIS\", \"nl\": \"DRIEGATEN\"}"}, {"gpscoordinates": "{\"latitude\": 50.887775, \"longitude\": 4.384386}", "id": "3007", "name": "{\"fr\": \"BIEBUYCK\", \"nl\": \"BIEBUYCK\"}"}, {"gpscoordinates": "{\"latitude\": 50.912776, \"longitude\": 4.432925}", "id": "3042", "name": "{\"fr\": \"MACHELEN\", \"nl\": \"MACHELEN\"}"}, {"gpscoordinates": "{\"latitude\": 50.817588, \"longitude\": 4.26531}", "id": "3046", "name": "{\"fr\": \"CLEMENCE EVERARD\", \"nl\": \"CLEMENCE EVERARD\"}"}, {"gpscoordinates": "{\"latitude\": 50.842425, \"longitude\": 4.33117}", "id": "3047", "name": "{\"fr\": \"CLEMENCEAU\", \"nl\": \"CLEMENCEAU\"}"}, {"gpscoordinates": "{\"latitude\": 50.885733, \"longitude\": 4.379612}", "id": "3058", "name": "{\"fr\": \"AVANT-PORT\", \"nl\": \"VOORHAVEN\"}"}, {"gpscoordinates": "{\"latitude\": 50.892025, \"longitude\": 4.395829}", "id": "3061", "name": "{\"fr\": \"TROIS PERTUIS\", \"nl\": \"DRIEGATEN\"}"}, {"gpscoordinates": "{\"latitude\": 50.847297, \"longitude\": 4.361212}", "id": "3062", "name": "{\"fr\": \"ROSA PARKS\", \"nl\": \"ROSA PARKS\"}"}, {"gpscoordinates": "{\"latitude\": 50.898433, \"longitude\": 4.401533}", "id": "3063", "name": "{\"fr\": \"MARLY\", \"nl\": \"MARLY\"}"}, {"gpscoordinates": "{\"latitude\": 50.876365, \"longitude\": 4.338162}", "id": "3085", "name": "{\"fr\": \"AMELIE GOMAND\", \"nl\": \"AMELIE GOMAND\"}"}, {"gpscoordinates": "{\"latitude\": 50.918524, \"longitude\": 4.424595}", "id": "3087", "name": "{\"fr\": \"MACHELENSTRAAT\", \"nl\": \"MACHELENSTRAAT\"}"}, {"gpscoordinates": "{\"latitude\": 50.839766, \"longitude\": 4.312575}", "id": "3089", "name": "{\"fr\": \"AUMALE\", \"nl\": \"AUMALE\"}"}, {"gpscoordinates": "{\"latitude\": 50.876467, \"longitude\": 4.383458}", "id": "3099", "name": "{\"fr\": \"HUART-HAMOIR\", \"nl\": \"HUART-HAMOIR\"}"}, {"gpscoordinates": "{\"latitude\": 50.880625, \"longitude\": 4.401861}", "id": "3101", "name": "{\"fr\": \"SAINT-VINCENT\", \"nl\": \"SINT-VINCENTIUS\"}"}, {"gpscoordinates": "{\"latitude\": 50.878452, \"longitude\": 4.389995}", "id": "3104", "name": "{\"fr\": \"CHAUMONTEL\", \"nl\": \"CHAUMONTEL\"}"}, {"gpscoordinates": "{\"latitude\": 50.877636, \"longitude\": 4.379054}", "id": "3107", "name": "{\"fr\": \"SCHAERBEEK GARE\", \"nl\": \"SCHAARBEEK STAT.\"}"}, {"gpscoordinates": "{\"latitude\": 50.867837, \"longitude\": 4.377148}", "id": "3109", "name": "{\"fr\": \"EENENS\", \"nl\": \"EENENS\"}"}, {"gpscoordinates": "{\"latitude\": 50.839547, \"longitude\": 4.380607}", "id": "3117", "name": "{\"fr\": \"PARC LEOPOLD\", \"nl\": \"LEOPOLDSPARK\"}"}, {"gpscoordinates": "{\"latitude\": 50.828059, \"longitude\": 4.371676}", "id": "3122", "name": "{\"fr\": \"FLAGEY\", \"nl\": \"FLAGEY\"}"}, {"gpscoordinates": "{\"latitude\": 50.825065, \"longitude\": 4.380135}", "id": "3125", "name": "{\"fr\": \"HOP. ETT.-IXELLES\", \"nl\": \"ZKH. ETT.-ELSENE\"}"}, {"gpscoordinates": "{\"latitude\": 50.8826, \"longitude\": 4.40709}", "id": "3126", "name": "{\"fr\": \"VANDENHOVEN\", \"nl\": \"VANDENHOVEN\"}"}, {"gpscoordinates": "{\"latitude\": 50.827746, \"longitude\": 4.376628}", "id": "3131", "name": "{\"fr\": \"LEVURE\", \"nl\": \"GIST\"}"}, {"gpscoordinates": "{\"latitude\": 50.822306, \"longitude\": 4.4977}", "id": "3144", "name": "{\"fr\": \"BRUSSELSESTEENWEG\", \"nl\": \"BRUSSELSESTEENWEG\"}"}, {"gpscoordinates": "{\"latitude\": 50.829389, \"longitude\": 4.376204}", "id": "3155", "name": "{\"fr\": \"WERY\", \"nl\": \"WERY\"}"}, {"gpscoordinates": "{\"latitude\": 50.853203, \"longitude\": 4.373496}", "id": "3162", "name": "{\"fr\": \"HOUWAERT\", \"nl\": \"HOUWAERT\"}"}, {"gpscoordinates": "{\"latitude\": 50.863361, \"longitude\": 4.37736}", "id": "3165", "name": "{\"fr\": \"HERMAN\", \"nl\": \"HERMAN\"}"}, {"gpscoordinates": "{\"latitude\": 50.87982, \"longitude\": 4.384156}", "id": "3171", "name": "{\"fr\": \"ZENOBE GRAMME\", \"nl\": \"ZENOBE GRAMME\"}"}, {"gpscoordinates": "{\"latitude\": 50.880598, \"longitude\": 4.402159}", "id": "3175B", "name": "{\"fr\": \"SAINT-VINCENT\", \"nl\": \"SINT-VINCENTIUS\"}"}]}