{"total_count": 2550, "results": [{"gpscoordinates": "{\"latitude\": 50.839135, \"longitude\": 4.32291}", "id": "2217", "name": "{\"fr\": \"ALBERT I\", \"nl\": \"ALBERT I\"}"}, {"gpscoordinates": "{\"latitude\": 50.839153, \"longitude\": 4.322924}", "id": "2217F", "name": "{\"fr\": \"ALBERT I\", \"nl\": \"ALBERT I\"}"}, {"gpscoordinates": "{\"latitude\": 50.869411, \"longitude\": 4.363255}", "id": "2237", "name": "{\"fr\": \"MASUI\", \"nl\": \"MASUI\"}"}, {"gpscoordinates": "{\"latitude\": 50.855222, \"longitude\": 4.397014}", "id": "2242F", "name": "{\"fr\": \"MEISER\", \"nl\": \"MEISER\"}"}, {"gpscoordinates": "{\"latitude\": 50.855159, \"longitude\": 4.397028}", "id": "2249", "name": "{\"fr\": \"MEISER\", \"nl\": \"MEISER\"}"}, {"gpscoordinates": "{\"latitude\": 50.853963, \"longitude\": 4.397794}", "id": "2250", "name": "{\"fr\": \"MEISER\", \"nl\": \"MEISER\"}"}, {"gpscoordinates": "{\"latitude\": 50.841816, \"longitude\": 4.330106}", "id": "2261", "name": "{\"fr\": \"CLEMENCEAU\", \"nl\": \"CLEMENCEAU\"}"}, {"gpscoordinates": "{\"latitude\": 50.864161, \"longitude\": 4.357517}", "id": "2271", "name": "{\"fr\": \"GLIBERT\", \"nl\": \"GLIBERT\"}"}, {"gpscoordinates": "{\"latitude\": 50.838007, \"longitude\": 4.406021}", "id": "2287", "name": "{\"fr\": \"MONTGOMERY\", \"nl\": \"MONTGOMERY\"}"}, {"gpscoordinates": "{\"latitude\": 50.821725, \"longitude\": 4.405707}", "id": "2291B", "name": "{\"fr\": \"HANKAR\", \"nl\": \"HANKAR\"}"}, {"gpscoordinates": "{\"latitude\": 50.881205, \"longitude\": 4.373115}", "id": "2308", "name": "{\"fr\": \"VAN PRAET\", \"nl\": \"VAN PRAET\"}"}, {"gpscoordinates": "{\"latitude\": 50.890381, \"longitude\": 4.391322}", "id": "2327", "name": "{\"fr\": \"RIVE GAUCHE\", \"nl\": \"LINKEROEVER\"}"}, {"gpscoordinates": "{\"latitude\": 50.826574, \"longitude\": 4.344709}", "id": "2336G", "name": "{\"fr\": \"BARRIERE\", \"nl\": \"BAREEL\"}"}, {"gpscoordinates": "{\"latitude\": 50.879578, \"longitude\": 4.371271}", "id": "2337F", "name": "{\"fr\": \"DOCKS BRUXSEL\", \"nl\": \"DOCKS BRUXSEL\"}"}, {"gpscoordinates": "{\"latitude\": 50.879398, \"longitude\": 4.370675}", "id": "2338F", "name": "{\"fr\": \"DOCKS BRUXSEL\", \"nl\": \"DOCKS BRUXSEL\"}"}, {"gpscoordinates": "{\"latitude\": 50.818914, \"longitude\": 4.378791}", "id": "2351", "name": "{\"fr\": \"BUYL\", \"nl\": \"BUYL\"}"}, {"gpscoordinates": "{\"latitude\": 50.895882, \"longitude\": 4.395191}", "id": "2361", "name": "{\"fr\": \"RAMIER\", \"nl\": \"BOSDUIF\"}"}, {"gpscoordinates": "{\"latitude\": 50.908554, \"longitude\": 4.406614}", "id": "2379", "name": "{\"fr\": \"BUDA\", \"nl\": \"BUDA\"}"}, {"gpscoordinates": "{\"latitude\": 50.816774, \"longitude\": 4.291229}", "id": "2385", "name": "{\"fr\": \"CERIA\", \"nl\": \"COOVI\"}"}, {"gpscoordinates": "{\"latitude\": 50.846598, \"longitude\": 4.348295}", "id": "2392", "name": "{\"fr\": \"BOURSE\", \"nl\": \"BEURS\"}"}, {"gpscoordinates": "{\"latitude\": 50.817442, \"longitude\": 4.380672}", "id": "2397", "name": "{\"fr\": \"BUYL\", \"nl\": \"BUYL\"}"}, {"gpscoordinates": "{\"latitude\": 50.844911, \"longitude\": 4.338679}", "id": "2403", "name": "{\"fr\": \"PTE D'ANDERLECHT\", \"nl\": \"ANDERLECHTSEPOORT\"}"}, {"gpscoordinates": "{\"latitude\": 50.825323, \"longitude\": 4.338635}", "id": "2404", "name": "{\"fr\": \"COMBAZ\", \"nl\": \"COMBAZ\"}"}, {"gpscoordinates": "{\"latitude\": 50.814722, \"longitude\": 4.332667}", "id": "2411B", "name": "{\"fr\": \"DUDEN\", \"nl\": \"DUDEN\"}"}, {"gpscoordinates": "{\"latitude\": 50.810676, \"longitude\": 4.329038}", "id": "2412", "name": "{\"fr\": \"DOMAINE\", \"nl\": \"DOMEIN\"}"}, {"gpscoordinates": "{\"latitude\": 50.80432, \"longitude\": 4.32788}", "id": "2414", "name": "{\"fr\": \"DECROLY\", \"nl\": \"DECROLY\"}"}, {"gpscoordinates": "{\"latitude\": 50.84804, \"longitude\": 4.474114}", "id": "2424", "name": "{\"fr\": \"KRAAINEM-SHOPPING\", \"nl\": \"KRAAINEM-SHOPPING\"}"}, {"gpscoordinates": "{\"latitude\": 50.853841, \"longitude\": 4.417309}", "id": "2429", "name": "{\"fr\": \"PLEIADES\", \"nl\": \"PLEJADEN\"}"}, {"gpscoordinates": "{\"latitude\": 50.853057, \"longitude\": 4.424597}", "id": "2431", "name": "{\"fr\": \"ANDROMEDE\", \"nl\": \"ANDROMEDA\"}"}, {"gpscoordinates": "{\"latitude\": 50.804626, \"longitude\": 4.328093}", "id": "2453", "name": "{\"fr\": \"DECROLY\", \"nl\": \"DECROLY\"}"}, {"gpscoordinates": "{\"latitude\": 50.821115, \"longitude\": 4.3378}", "id": "2459", "name": "{\"fr\": \"MONT KEMMEL\", \"nl\": \"KEMMELBERG\"}"}, {"gpscoordinates": "{\"latitude\": 50.824414, \"longitude\": 4.33601}", "id": "2462", "name": "{\"fr\": \"ROCHEFORT\", \"nl\": \"ROCHEFORT\"}"}, {"gpscoordinates": "{\"latitude\": 50.825314, \"longitude\": 4.339075}", "id": "2463F", "name": "{\"fr\": \"COMBAZ\", \"nl\": \"COMBAZ\"}"}, {"gpscoordinates": "{\"latitude\": 50.830153, \"longitude\": 4.344556}", "id": "2465", "name": "{\"fr\": \"PARVIS ST-GILLES\", \"nl\": \"ST-GILLISVOORPL.\"}"}, {"gpscoordinates": "{\"latitude\": 50.832111, \"longitude\": 4.344862}", "id": "2470", "name": "{\"fr\": \"PORTE DE HAL\", \"nl\": \"HALLEPOORT\"}"}, {"gpscoordinates": "{\"latitude\": 50.858628, \"longitude\": 4.311245}", "id": "2511", "name": "{\"fr\": \"CIM. DE MOLENBEEK\", \"nl\": \"BEGR. MOLENBEEK\"}"}, {"gpscoordinates": "{\"latitude\": 50.856955, \"longitude\": 4.308918}", "id": "2512", "name": "{\"fr\": \"LEROY\", \"nl\": \"LEROY\"}"}, {"gpscoordinates": "{\"latitude\": 50.867271, \"longitude\": 4.32007}", "id": "2519", "name": "{\"fr\": \"RIETHUISEN\", \"nl\": \"RIETHUISEN\"}"}, {"gpscoordinates": "{\"latitude\": 50.846278, \"longitude\": 4.298367}", "id": "2522", "name": "{\"fr\": \"PRINCE DE LIEGE\", \"nl\": \"PRINS VAN LUIK\"}"}, {"gpscoordinates": "{\"latitude\": 50.823274, \"longitude\": 4.316581}", "id": "2523", "name": "{\"fr\": \"ILE SAINTE-HELENE\", \"nl\": \"EILAND ST-HELENA\"}"}, {"gpscoordinates": "{\"latitude\": 50.839594, \"longitude\": 4.3061}", "id": "2533", "name": "{\"fr\": \"BEAUTE\", \"nl\": \"SCHOONHEID\"}"}, {"gpscoordinates": "{\"latitude\": 50.838895, \"longitude\": 4.309863}", "id": "2534", "name": "{\"fr\": \"BROEREN\", \"nl\": \"BROEREN\"}"}, {"gpscoordinates": "{\"latitude\": 50.834784, \"longitude\": 4.332879}", "id": "2541", "name": "{\"fr\": \"PLACE V. HORTA\", \"nl\": \"VICTOR HORTAPLEIN\"}"}, {"gpscoordinates": "{\"latitude\": 50.881239, \"longitude\": 4.348305}", "id": "2545", "name": "{\"fr\": \"KAREL BOGAERD\", \"nl\": \"KAREL BOGAERD\"}"}, {"gpscoordinates": "{\"latitude\": 50.828952, \"longitude\": 4.329179}", "id": "2548", "name": "{\"fr\": \"IMPRIMERIE\", \"nl\": \"DRUKKERIJ\"}"}, {"gpscoordinates": "{\"latitude\": 50.827044, \"longitude\": 4.305009}", "id": "2550", "name": "{\"fr\": \"VAN KALKEN\", \"nl\": \"VAN KALKEN\"}"}, {"gpscoordinates": "{\"latitude\": 50.827135, \"longitude\": 4.327179}", "id": "2553", "name": "{\"fr\": \"ORBAN\", \"nl\": \"ORBAN\"}"}, {"gpscoordinates": "{\"latitude\": 50.877652, \"longitude\": 4.347042}", "id": "2554", "name": "{\"fr\": \"BOCKSTAEL\", \"nl\": \"BOCKSTAEL\"}"}, {"gpscoordinates": "{\"latitude\": 50.877697, \"longitude\": 4.347326}", "id": "2558", "name": "{\"fr\": \"BOCKSTAEL\", \"nl\": \"BOCKSTAEL\"}"}, {"gpscoordinates": "{\"latitude\": 50.858682, \"longitude\": 4.311784}", "id": "2568", "name": "{\"fr\": \"CIM. DE MOLENBEEK\", \"nl\": \"BEGR. MOLENBEEK\"}"}, {"gpscoordinates": "{\"latitude\": 50.868071, \"longitude\": 4.321206}", "id": "2571", "name": "{\"fr\": \"RIETHUISEN\", \"nl\": \"RIETHUISEN\"}"}, {"gpscoordinates": "{\"latitude\": 50.869995, \"longitude\": 4.322582}", "id": "2572", "name": "{\"fr\": \"SIMPSON\", \"nl\": \"SIMPSON\"}"}, {"gpscoordinates": "{\"latitude\": 50.87471, \"longitude\": 4.33329}", "id": "2575", "name": "{\"fr\": \"WOESTE\", \"nl\": \"WOESTE\"}"}, {"gpscoordinates": "{\"latitude\": 50.902312, \"longitude\": 4.343989}", "id": "2590", "name": "{\"fr\": \"MADELON\", \"nl\": \"MADELON\"}"}, {"gpscoordinates": "{\"latitude\": 50.850734, \"longitude\": 4.352937}", "id": "2594", "name": "{\"fr\": \"DE BROUCKERE\", \"nl\": \"DE BROUCKERE\"}"}, {"gpscoordinates": "{\"latitude\": 50.819177, \"longitude\": 4.283268}", "id": "2600", "name": "{\"fr\": \"TREFLES\", \"nl\": \"KLAVER\"}"}, {"gpscoordinates": "{\"latitude\": 50.826205, \"longitude\": 4.289699}", "id": "2605", "name": "{\"fr\": \"FRANS HALS\", \"nl\": \"FRANS HALS\"}"}, {"gpscoordinates": "{\"latitude\": 50.793372, \"longitude\": 4.309999}", "id": "2610", "name": "{\"fr\": \"DROGENBOS-SHOP.\", \"nl\": \"DROGENBOS-SHOP.\"}"}, {"gpscoordinates": "{\"latitude\": 50.815638, \"longitude\": 4.272987}", "id": "2614", "name": "{\"fr\": \"MEYLEMEERSCH\", \"nl\": \"MIJLENMEERS\"}"}, {"gpscoordinates": "{\"latitude\": 50.809707, \"longitude\": 4.323479}", "id": "2616B", "name": "{\"fr\": \"FOREST NATIONAL\", \"nl\": \"VORST NATIONAAL\"}"}, {"gpscoordinates": "{\"latitude\": 50.828528, \"longitude\": 4.298556}", "id": "2617", "name": "{\"fr\": \"VEEWEYDE\", \"nl\": \"VEEWEIDE\"}"}, {"gpscoordinates": "{\"latitude\": 50.826707, \"longitude\": 4.290885}", "id": "2619", "name": "{\"fr\": \"FRANS HALS\", \"nl\": \"FRANS HALS\"}"}, {"gpscoordinates": "{\"latitude\": 50.825307, \"longitude\": 4.287215}", "id": "2620", "name": "{\"fr\": \"MARTIN LUTH. KING\", \"nl\": \"MARTIN LUTH. KING\"}"}, {"gpscoordinates": "{\"latitude\": 50.819542, \"longitude\": 4.2830259999999996}", "id": "2622", "name": "{\"fr\": \"TREFLES\", \"nl\": \"KLAVER\"}"}, {"gpscoordinates": "{\"latitude\": 50.815259, \"longitude\": 4.265609}", "id": "2625", "name": "{\"fr\": \"ERASME\", \"nl\": \"ERASMUS\"}"}, {"gpscoordinates": "{\"latitude\": 50.807417, \"longitude\": 4.326368}", "id": "2632", "name": "{\"fr\": \"FORESTOISE\", \"nl\": \"FORESTOISE\"}"}, {"gpscoordinates": "{\"latitude\": 50.792814, \"longitude\": 4.308828}", "id": "2660", "name": "{\"fr\": \"DROGENBOS-SHOP.\", \"nl\": \"DROGENBOS-SHOP.\"}"}, {"gpscoordinates": "{\"latitude\": 50.796824, \"longitude\": 4.309901}", "id": "2661", "name": "{\"fr\": \"RUE LONGUE\", \"nl\": \"LANGESTRAAT\"}"}, {"gpscoordinates": "{\"latitude\": 50.798675, \"longitude\": 4.313548}", "id": "2662B", "name": "{\"fr\": \"UCCLE SPORT\", \"nl\": \"UKKEL SPORT\"}"}, {"gpscoordinates": "{\"latitude\": 50.834276, \"longitude\": 4.336173}", "id": "2671F", "name": "{\"fr\": \"SUEDE\", \"nl\": \"ZWEDEN\"}"}, {"gpscoordinates": "{\"latitude\": 50.830004, \"longitude\": 4.330725}", "id": "2672", "name": "{\"fr\": \"IMPRIMERIE\", \"nl\": \"DRUKKERIJ\"}"}, {"gpscoordinates": "{\"latitude\": 50.830049, \"longitude\": 4.33064}", "id": "2672F", "name": "{\"fr\": \"IMPRIMERIE\", \"nl\": \"DRUKKERIJ\"}"}, {"gpscoordinates": "{\"latitude\": 50.839956, \"longitude\": 4.366364}", "id": "2682", "name": "{\"fr\": \"TRONE\", \"nl\": \"TROON\"}"}, {"gpscoordinates": "{\"latitude\": 50.863832, \"longitude\": 4.403241}", "id": "2695", "name": "{\"fr\": \"GENEVE\", \"nl\": \"GENEVE\"}"}, {"gpscoordinates": "{\"latitude\": 50.790918, \"longitude\": 4.333068}", "id": "2701", "name": "{\"fr\": \"UCCLE CALEVOET\", \"nl\": \"UKKEL KALEVOET\"}"}, {"gpscoordinates": "{\"latitude\": 50.792062, \"longitude\": 4.344201}", "id": "2704", "name": "{\"fr\": \"HELLEVELT\", \"nl\": \"HELLEVELT\"}"}, {"gpscoordinates": "{\"latitude\": 50.79236, \"longitude\": 4.348895}", "id": "2705", "name": "{\"fr\": \"CHENAIE\", \"nl\": \"EIKENBOS\"}"}, {"gpscoordinates": "{\"latitude\": 50.79831, \"longitude\": 4.343077}", "id": "2709F", "name": "{\"fr\": \"WOLVENDAEL\", \"nl\": \"WOLVENDAEL\"}"}, {"gpscoordinates": "{\"latitude\": 50.801591, \"longitude\": 4.340593}", "id": "2710G", "name": "{\"fr\": \"MARLOW\", \"nl\": \"MARLOW\"}"}, {"gpscoordinates": "{\"latitude\": 50.804785, \"longitude\": 4.368837}", "id": "2714", "name": "{\"fr\": \"HOP.STE-ELISABETH\", \"nl\": \"ST-ELIZABETH-ZKH.\"}"}, {"gpscoordinates": "{\"latitude\": 50.802349, \"longitude\": 4.372922}", "id": "2715", "name": "{\"fr\": \"VERT CHASSEUR\", \"nl\": \"GROENE JAGER\"}"}, {"gpscoordinates": "{\"latitude\": 50.798383, \"longitude\": 4.385149}", "id": "2718", "name": "{\"fr\": \"RESERVOIR\", \"nl\": \"VERGAARBAK\"}"}, {"gpscoordinates": "{\"latitude\": 50.799427, \"longitude\": 4.379305}", "id": "2721", "name": "{\"fr\": \"GENDARMES\", \"nl\": \"GENDARMEN\"}"}, {"gpscoordinates": "{\"latitude\": 50.869728, \"longitude\": 4.307907}", "id": "2730", "name": "{\"fr\": \"DE VILLEGAS\", \"nl\": \"DE VILLEGAS\"}"}, {"gpscoordinates": "{\"latitude\": 50.819978, \"longitude\": 4.324912}", "id": "2734", "name": "{\"fr\": \"UNION\", \"nl\": \"UNION\"}"}, {"gpscoordinates": "{\"latitude\": 50.820379, \"longitude\": 4.326376}", "id": "2735", "name": "{\"fr\": \"UNION\", \"nl\": \"UNION\"}"}, {"gpscoordinates": "{\"latitude\": 50.821872, \"longitude\": 4.329885}", "id": "2736", "name": "{\"fr\": \"PIERRE DECOSTER\", \"nl\": \"PIERRE DECOSTER\"}"}, {"gpscoordinates": "{\"latitude\": 50.843934, \"longitude\": 4.355164}", "id": "2739", "name": "{\"fr\": \"MADELEINE\", \"nl\": \"MAGDALENA\"}"}, {"gpscoordinates": "{\"latitude\": 50.898963, \"longitude\": 4.357207}", "id": "2751", "name": "{\"fr\": \"FORUM\", \"nl\": \"FORUM\"}"}, {"gpscoordinates": "{\"latitude\": 50.81639, \"longitude\": 4.434396}", "id": "2752", "name": "{\"fr\": \"DEUX CHAUSSEES\", \"nl\": \"TWEESTEENWEGEN\"}"}, {"gpscoordinates": "{\"latitude\": 50.816078, \"longitude\": 4.428918}", "id": "2753", "name": "{\"fr\": \"BERGOJE\", \"nl\": \"BERGOJE\"}"}, {"gpscoordinates": "{\"latitude\": 50.847316, \"longitude\": 4.304414}", "id": "2754", "name": "{\"fr\": \"RUE DE L'OBUS\", \"nl\": \"BOMSTRAAT\"}"}, {"gpscoordinates": "{\"latitude\": 50.898675, \"longitude\": 4.357229}", "id": "2755B", "name": "{\"fr\": \"FORUM\", \"nl\": \"FORUM\"}"}, {"gpscoordinates": "{\"latitude\": 50.896643, \"longitude\": 4.383384}", "id": "2758", "name": "{\"fr\": \"CRAETBOS\", \"nl\": \"CRAETBOS\"}"}, {"gpscoordinates": "{\"latitude\": 50.798554, \"longitude\": 4.384695}", "id": "2759", "name": "{\"fr\": \"RESERVOIR\", \"nl\": \"VERGAARBAK\"}"}, {"gpscoordinates": "{\"latitude\": 50.804883, \"longitude\": 4.368986}", "id": "2763", "name": "{\"fr\": \"HOP.STE-ELISABETH\", \"nl\": \"ST-ELIZABETH-ZKH.\"}"}, {"gpscoordinates": "{\"latitude\": 50.800814, \"longitude\": 4.34091}", "id": "2764G", "name": "{\"fr\": \"MARLOW\", \"nl\": \"MARLOW\"}"}, {"gpscoordinates": "{\"latitude\": 50.797959, \"longitude\": 4.343375}", "id": "2765", "name": "{\"fr\": \"WOLVENDAEL\", \"nl\": \"WOLVENDAEL\"}"}, {"gpscoordinates": "{\"latitude\": 50.900012, \"longitude\": 4.385067}", "id": "2766", "name": "{\"fr\": \"VAL MARIA\", \"nl\": \"MARIENDAAL\"}"}, {"gpscoordinates": "{\"latitude\": 50.847423, \"longitude\": 4.303803}", "id": "2768", "name": "{\"fr\": \"RUE DE L'OBUS\", \"nl\": \"BOMSTRAAT\"}"}]}