{"total_count": 2550, "results": [{"gpscoordinates": "{\"latitude\": 50.829349, \"longitude\": 4.281742}", "id": "3718", "name": "{\"fr\": \"NEERPEDE\", \"nl\": \"NEERPEDE\"}"}, {"gpscoordinates": "{\"latitude\": 50.833206, \"longitude\": 4.282487}", "id": "3752", "name": "{\"fr\": \"SIBELIUS\", \"nl\": \"SIBELIUS\"}"}, {"gpscoordinates": "{\"latitude\": 50.831225, \"longitude\": 4.290057}", "id": "3755", "name": "{\"fr\": \"SCHERDEMAEL\", \"nl\": \"SCHERDEMAAL\"}"}, {"gpscoordinates": "{\"latitude\": 50.829451, \"longitude\": 4.286071}", "id": "3756", "name": "{\"fr\": \"VANHELLEMONT\", \"nl\": \"VANHELLEMONT\"}"}, {"gpscoordinates": "{\"latitude\": 50.813705, \"longitude\": 4.307014}", "id": "3810", "name": "{\"fr\": \"BOLLINCKX\", \"nl\": \"BOLLINCKX\"}"}, {"gpscoordinates": "{\"latitude\": 50.813408, \"longitude\": 4.307128}", "id": "3851", "name": "{\"fr\": \"BOLLINCKX\", \"nl\": \"BOLLINCKX\"}"}, {"gpscoordinates": "{\"latitude\": 50.816699, \"longitude\": 4.307634}", "id": "3853", "name": "{\"fr\": \"INTERNATIONAL\", \"nl\": \"INTERNATIONAAL\"}"}, {"gpscoordinates": "{\"latitude\": 50.830575, \"longitude\": 4.320065}", "id": "3858", "name": "{\"fr\": \"PETITE ILE\", \"nl\": \"KLEIN EILAND\"}"}, {"gpscoordinates": "{\"latitude\": 50.816204, \"longitude\": 4.307848}", "id": "3860", "name": "{\"fr\": \"INTERNATIONAL\", \"nl\": \"INTERNATIONAAL\"}"}, {"gpscoordinates": "{\"latitude\": 50.858911, \"longitude\": 4.41362}", "id": "3898", "name": "{\"fr\": \"PADUWA\", \"nl\": \"PADUWA\"}"}, {"gpscoordinates": "{\"latitude\": 50.848423, \"longitude\": 4.428846}", "id": "3899", "name": "{\"fr\": \"MOONENS\", \"nl\": \"MOONENS\"}"}, {"gpscoordinates": "{\"latitude\": 50.850347, \"longitude\": 4.427968}", "id": "3900", "name": "{\"fr\": \"SAINTE-FAMILLE\", \"nl\": \"HEILIGE FAMILIE\"}"}, {"gpscoordinates": "{\"latitude\": 50.85516, \"longitude\": 4.420888}", "id": "3902", "name": "{\"fr\": \"CAPRICORNE\", \"nl\": \"STEENBOK\"}"}, {"gpscoordinates": "{\"latitude\": 50.854016, \"longitude\": 4.418262}", "id": "3903", "name": "{\"fr\": \"PLEIADES\", \"nl\": \"PLEJADEN\"}"}, {"gpscoordinates": "{\"latitude\": 50.852548, \"longitude\": 4.409566}", "id": "3905", "name": "{\"fr\": \"COLONEL BOURG\", \"nl\": \"KOLONEL BOURG\"}"}, {"gpscoordinates": "{\"latitude\": 50.850669, \"longitude\": 4.41134}", "id": "3906", "name": "{\"fr\": \"FEVRIER\", \"nl\": \"FEBRUARI\"}"}, {"gpscoordinates": "{\"latitude\": 50.850158, \"longitude\": 4.427954}", "id": "3909", "name": "{\"fr\": \"SAINTE-FAMILLE\", \"nl\": \"HEILIGE FAMILIE\"}"}, {"gpscoordinates": "{\"latitude\": 50.848128, \"longitude\": 4.424714}", "id": "3919", "name": "{\"fr\": \"VERHEYLEWEGHEN\", \"nl\": \"VERHEYLEWEGHEN\"}"}, {"gpscoordinates": "{\"latitude\": 50.837471, \"longitude\": 4.38028}", "id": "3921", "name": "{\"fr\": \"JOURDAN\", \"nl\": \"JOURDAN\"}"}, {"gpscoordinates": "{\"latitude\": 50.83625, \"longitude\": 4.379636}", "id": "3922", "name": "{\"fr\": \"JOURDAN\", \"nl\": \"JOURDAN\"}"}, {"gpscoordinates": "{\"latitude\": 50.85688, \"longitude\": 4.412695}", "id": "3961", "name": "{\"fr\": \"MOMMAERTS\", \"nl\": \"MOMMAERTS\"}"}, {"gpscoordinates": "{\"latitude\": 50.869581, \"longitude\": 4.291958}", "id": "4002B", "name": "{\"fr\": \"BERCHEM-SHOPPING\", \"nl\": \"BERCHEM-SHOPPING\"}"}, {"gpscoordinates": "{\"latitude\": 50.869625, \"longitude\": 4.291895}", "id": "4002G", "name": "{\"fr\": \"BERCHEM-SHOPPING\", \"nl\": \"BERCHEM-SHOPPING\"}"}, {"gpscoordinates": "{\"latitude\": 50.86679, \"longitude\": 4.294558}", "id": "4003G", "name": "{\"fr\": \"ALCYONS\", \"nl\": \"ALCYONS\"}"}, {"gpscoordinates": "{\"latitude\": 50.86185, \"longitude\": 4.301611}", "id": "4005F", "name": "{\"fr\": \"GENOT\", \"nl\": \"GENOT\"}"}, {"gpscoordinates": "{\"latitude\": 50.854237, \"longitude\": 4.323407}", "id": "4014", "name": "{\"fr\": \"BEEKKANT\", \"nl\": \"BEEKKANT\"}"}, {"gpscoordinates": "{\"latitude\": 50.856689, \"longitude\": 4.317397}", "id": "4022", "name": "{\"fr\": \"KARREVELD\", \"nl\": \"KARREVELD\"}"}, {"gpscoordinates": "{\"latitude\": 50.861042, \"longitude\": 4.304376}", "id": "4055G", "name": "{\"fr\": \"VAN ZANDE\", \"nl\": \"VAN ZANDE\"}"}, {"gpscoordinates": "{\"latitude\": 50.87042, \"longitude\": 4.291341}", "id": "4059", "name": "{\"fr\": \"BERCHEM-SHOPPING\", \"nl\": \"BERCHEM-SHOPPING\"}"}, {"gpscoordinates": "{\"latitude\": 50.870599, \"longitude\": 4.291199}", "id": "4059F", "name": "{\"fr\": \"BERCHEM-SHOPPING\", \"nl\": \"BERCHEM-SHOPPING\"}"}, {"gpscoordinates": "{\"latitude\": 50.893633, \"longitude\": 4.320188}", "id": "4072B", "name": "{\"fr\": \"DE HEYN\", \"nl\": \"DE HEYN\"}"}, {"gpscoordinates": "{\"latitude\": 50.857531, \"longitude\": 4.334084}", "id": "4074B", "name": "{\"fr\": \"ETANGS NOIRS\", \"nl\": \"ZWARTE VIJVERS\"}"}, {"gpscoordinates": "{\"latitude\": 50.876344, \"longitude\": 4.306662}", "id": "4104", "name": "{\"fr\": \"NEUBERGER\", \"nl\": \"NEUBERGER\"}"}, {"gpscoordinates": "{\"latitude\": 50.870674, \"longitude\": 4.311571}", "id": "4106", "name": "{\"fr\": \"SORENSEN\", \"nl\": \"SORENSEN\"}"}, {"gpscoordinates": "{\"latitude\": 50.869204, \"longitude\": 4.310398}", "id": "4107", "name": "{\"fr\": \"BEECKMANS\", \"nl\": \"BEECKMANS\"}"}, {"gpscoordinates": "{\"latitude\": 50.87563, \"longitude\": 4.300142}", "id": "4109", "name": "{\"fr\": \"CHOPIN\", \"nl\": \"CHOPIN\"}"}, {"gpscoordinates": "{\"latitude\": 50.877186, \"longitude\": 4.301063}", "id": "4115", "name": "{\"fr\": \"GANSHOREN-SPORT\", \"nl\": \"GANSHOREN-SPORT\"}"}, {"gpscoordinates": "{\"latitude\": 50.865071, \"longitude\": 4.32834}", "id": "4116", "name": "{\"fr\": \"PARC ELISABETH\", \"nl\": \"ELISABETHPARK\"}"}, {"gpscoordinates": "{\"latitude\": 50.878093, \"longitude\": 4.347908}", "id": "4124", "name": "{\"fr\": \"BOCKSTAEL\", \"nl\": \"BOCKSTAEL\"}"}, {"gpscoordinates": "{\"latitude\": 50.875855, \"longitude\": 4.348193}", "id": "4125", "name": "{\"fr\": \"BOCKSTAEL\", \"nl\": \"BOCKSTAEL\"}"}, {"gpscoordinates": "{\"latitude\": 50.879855, \"longitude\": 4.347609}", "id": "4131B", "name": "{\"fr\": \"GARE DE BOCKSTAEL\", \"nl\": \"STATION BOCKSTAEL\"}"}, {"gpscoordinates": "{\"latitude\": 50.879738, \"longitude\": 4.347908}", "id": "4132B", "name": "{\"fr\": \"GARE DE BOCKSTAEL\", \"nl\": \"STATION BOCKSTAEL\"}"}, {"gpscoordinates": "{\"latitude\": 50.871043, \"longitude\": 4.312039}", "id": "4157", "name": "{\"fr\": \"SORENSEN\", \"nl\": \"SORENSEN\"}"}, {"gpscoordinates": "{\"latitude\": 50.872616, \"longitude\": 4.313103}", "id": "4158", "name": "{\"fr\": \"NEREUS\", \"nl\": \"NEREUS\"}"}, {"gpscoordinates": "{\"latitude\": 50.878248, \"longitude\": 4.304045}", "id": "4160", "name": "{\"fr\": \"HET VEROOST\", \"nl\": \"HET VEROOST\"}"}, {"gpscoordinates": "{\"latitude\": 50.874242, \"longitude\": 4.310189}", "id": "4163", "name": "{\"fr\": \"LOWET\", \"nl\": \"LOWET\"}"}, {"gpscoordinates": "{\"latitude\": 50.873874, \"longitude\": 4.294405}", "id": "4165", "name": "{\"fr\": \"BOIS DES ILES\", \"nl\": \"EILANDENHOUT\"}"}, {"gpscoordinates": "{\"latitude\": 50.893405, \"longitude\": 4.319125}", "id": "4223F", "name": "{\"fr\": \"DE HEYN\", \"nl\": \"DE HEYN\"}"}, {"gpscoordinates": "{\"latitude\": 50.891131, \"longitude\": 4.325105}", "id": "4259", "name": "{\"fr\": \"PATTIJN\", \"nl\": \"PATTIJN\"}"}, {"gpscoordinates": "{\"latitude\": 50.872676, \"longitude\": 4.290261}", "id": "4263F", "name": "{\"fr\": \"GARE DE BERCHEM\", \"nl\": \"STATION BERCHEM\"}"}, {"gpscoordinates": "{\"latitude\": 50.896429, \"longitude\": 4.335858}", "id": "4265", "name": "{\"fr\": \"HEYSEL\", \"nl\": \"HEIZEL\"}"}, {"gpscoordinates": "{\"latitude\": 50.896021, \"longitude\": 4.327105}", "id": "4268", "name": "{\"fr\": \"AMETHYSTE\", \"nl\": \"AMETHIST\"}"}, {"gpscoordinates": "{\"latitude\": 50.884735, \"longitude\": 4.343898}", "id": "4274", "name": "{\"fr\": \"SOBIESKI\", \"nl\": \"SOBIESKI\"}"}, {"gpscoordinates": "{\"latitude\": 50.894019, \"longitude\": 4.332238}", "id": "4277", "name": "{\"fr\": \"STADE\", \"nl\": \"STADION\"}"}, {"gpscoordinates": "{\"latitude\": 50.792179, \"longitude\": 4.41937}", "id": "4288", "name": "{\"fr\": \"INTERNAT. SCHOOL\", \"nl\": \"INTERNAT. SCHOOL\"}"}, {"gpscoordinates": "{\"latitude\": 50.811909, \"longitude\": 4.401854}", "id": "4293", "name": "{\"fr\": \"BRILLANT\", \"nl\": \"BRILJANT\"}"}, {"gpscoordinates": "{\"latitude\": 50.812313, \"longitude\": 4.404749}", "id": "4294", "name": "{\"fr\": \"TERCOIGNE\", \"nl\": \"TERCOIGNE\"}"}, {"gpscoordinates": "{\"latitude\": 50.813685, \"longitude\": 4.414881}", "id": "4296", "name": "{\"fr\": \"BERENSHEIDE\", \"nl\": \"BERENSHEIDE\"}"}, {"gpscoordinates": "{\"latitude\": 50.814776, \"longitude\": 4.403204}", "id": "4298", "name": "{\"fr\": \"MICHIELS\", \"nl\": \"MICHIELS\"}"}, {"gpscoordinates": "{\"latitude\": 50.829929, \"longitude\": 4.37866}", "id": "4303", "name": "{\"fr\": \"GERMOIR\", \"nl\": \"MOUTERIJ\"}"}, {"gpscoordinates": "{\"latitude\": 50.811687, \"longitude\": 4.393043}", "id": "4308", "name": "{\"fr\": \"RELAIS\", \"nl\": \"PLEISTERPLAATS\"}"}, {"gpscoordinates": "{\"latitude\": 50.810238, \"longitude\": 4.397015}", "id": "4309", "name": "{\"fr\": \"ARCADES\", \"nl\": \"ARCADEN\"}"}, {"gpscoordinates": "{\"latitude\": 50.801357, \"longitude\": 4.422388}", "id": "4315", "name": "{\"fr\": \"FAUCONNERIE\", \"nl\": \"VALKERIJ\"}"}, {"gpscoordinates": "{\"latitude\": 50.796612, \"longitude\": 4.417673}", "id": "4341", "name": "{\"fr\": \"DIABOLO\", \"nl\": \"DIABOLO\"}"}, {"gpscoordinates": "{\"latitude\": 50.796333, \"longitude\": 4.417673}", "id": "4342", "name": "{\"fr\": \"DIABOLO\", \"nl\": \"DIABOLO\"}"}, {"gpscoordinates": "{\"latitude\": 50.799796, \"longitude\": 4.414442}", "id": "4347", "name": "{\"fr\": \"MIRAVAL\", \"nl\": \"MIRAVAL\"}"}, {"gpscoordinates": "{\"latitude\": 50.800227, \"longitude\": 4.414017}", "id": "4348", "name": "{\"fr\": \"MIRAVAL\", \"nl\": \"MIRAVAL\"}"}, {"gpscoordinates": "{\"latitude\": 50.798535, \"longitude\": 4.419065}", "id": "4349", "name": "{\"fr\": \"WIENER\", \"nl\": \"WIENER\"}"}, {"gpscoordinates": "{\"latitude\": 50.798688, \"longitude\": 4.419164}", "id": "4351", "name": "{\"fr\": \"WIENER\", \"nl\": \"WIENER\"}"}, {"gpscoordinates": "{\"latitude\": 50.81049, \"longitude\": 4.39676}", "id": "4359", "name": "{\"fr\": \"ARCADES\", \"nl\": \"ARCADEN\"}"}, {"gpscoordinates": "{\"latitude\": 50.81753, \"longitude\": 4.392634}", "id": "4362", "name": "{\"fr\": \"THYS\", \"nl\": \"THYS\"}"}, {"gpscoordinates": "{\"latitude\": 50.8219, \"longitude\": 4.388876}", "id": "4363", "name": "{\"fr\": \"ETTERBEEK GARE\", \"nl\": \"ETTERBEEK STATION\"}"}, {"gpscoordinates": "{\"latitude\": 50.824345, \"longitude\": 4.385783}", "id": "4364", "name": "{\"fr\": \"DELPORTE\", \"nl\": \"DELPORTE\"}"}, {"gpscoordinates": "{\"latitude\": 50.829272, \"longitude\": 4.379696}", "id": "4366", "name": "{\"fr\": \"GERMOIR\", \"nl\": \"MOUTERIJ\"}"}, {"gpscoordinates": "{\"latitude\": 50.810748, \"longitude\": 4.407132}", "id": "4401", "name": "{\"fr\": \"LOUTRIER\", \"nl\": \"OTTERVANGER\"}"}, {"gpscoordinates": "{\"latitude\": 50.810259, \"longitude\": 4.416127}", "id": "4454", "name": "{\"fr\": \"ARCHIDUCS\", \"nl\": \"AARTSHERTOGEN\"}"}, {"gpscoordinates": "{\"latitude\": 50.811007, \"longitude\": 4.41119}", "id": "4455", "name": "{\"fr\": \"HANNETONS\", \"nl\": \"MEIKEVERS\"}"}, {"gpscoordinates": "{\"latitude\": 50.810757, \"longitude\": 4.407004}", "id": "4456", "name": "{\"fr\": \"LOUTRIER\", \"nl\": \"OTTERVANGER\"}"}, {"gpscoordinates": "{\"latitude\": 50.864192, \"longitude\": 4.403284}", "id": "4556B", "name": "{\"fr\": \"GENEVE\", \"nl\": \"GENEVE\"}"}, {"gpscoordinates": "{\"latitude\": 50.857268, \"longitude\": 4.408122}", "id": "4558", "name": "{\"fr\": \"RTL HOUSE\", \"nl\": \"RTL HOUSE\"}"}, {"gpscoordinates": "{\"latitude\": 50.86283, \"longitude\": 4.287575}", "id": "4598", "name": "{\"fr\": \"BROEK\", \"nl\": \"BROEK\"}"}, {"gpscoordinates": "{\"latitude\": 50.85543, \"longitude\": 4.298708}", "id": "4602", "name": "{\"fr\": \"HOOGBOSCH\", \"nl\": \"HOOGBOSCH\"}"}, {"gpscoordinates": "{\"latitude\": 50.855484, \"longitude\": 4.298467}", "id": "4653", "name": "{\"fr\": \"HOOGBOSCH\", \"nl\": \"HOOGBOSCH\"}"}, {"gpscoordinates": "{\"latitude\": 50.855293, \"longitude\": 4.294973}", "id": "4655", "name": "{\"fr\": \"ELBERS\", \"nl\": \"ELBERS\"}"}, {"gpscoordinates": "{\"latitude\": 50.796829, \"longitude\": 4.35651}", "id": "4804B", "name": "{\"fr\": \"MERCURE\", \"nl\": \"MERCURIUS\"}"}, {"gpscoordinates": "{\"latitude\": 50.799876, \"longitude\": 4.358382}", "id": "4854C", "name": "{\"fr\": \"OBSERVATOIRE\", \"nl\": \"STERRENWACHT\"}"}, {"gpscoordinates": "{\"latitude\": 50.799526, \"longitude\": 4.35773}", "id": "4856B", "name": "{\"fr\": \"OBSERVATOIRE\", \"nl\": \"STERRENWACHT\"}"}, {"gpscoordinates": "{\"latitude\": 50.838892, \"longitude\": 4.363073}", "id": "4952", "name": "{\"fr\": \"PORTE DE NAMUR\", \"nl\": \"NAAMSEPOORT\"}"}, {"gpscoordinates": "{\"latitude\": 50.886299, \"longitude\": 4.341538}", "id": "4957", "name": "{\"fr\": \"STUYVENBERGH\", \"nl\": \"STUYVENBERGH\"}"}, {"gpscoordinates": "{\"latitude\": 50.886389, \"longitude\": 4.342476}", "id": "4958F", "name": "{\"fr\": \"STUYVENBERGH\", \"nl\": \"STUYVENBERGH\"}"}, {"gpscoordinates": "{\"latitude\": 50.88424, \"longitude\": 4.337788}", "id": "5003", "name": "{\"fr\": \"ERNEST SALU\", \"nl\": \"ERNEST SALU\"}"}, {"gpscoordinates": "{\"latitude\": 50.87764, \"longitude\": 4.332876}", "id": "5006", "name": "{\"fr\": \"DEMINEURS\", \"nl\": \"ONTMIJNERS\"}"}, {"gpscoordinates": "{\"latitude\": 50.874163, \"longitude\": 4.333773}", "id": "5007F", "name": "{\"fr\": \"WOESTE\", \"nl\": \"WOESTE\"}"}, {"gpscoordinates": "{\"latitude\": 50.867474, \"longitude\": 4.336065}", "id": "5009B", "name": "{\"fr\": \"BELGICA\", \"nl\": \"BELGICA\"}"}, {"gpscoordinates": "{\"latitude\": 50.865946, \"longitude\": 4.338822}", "id": "5011", "name": "{\"fr\": \"VANDERSTICHELEN\", \"nl\": \"VANDERSTICHELEN\"}"}, {"gpscoordinates": "{\"latitude\": 50.860212, \"longitude\": 4.340871}", "id": "5013F", "name": "{\"fr\": \"RIBAUCOURT\", \"nl\": \"RIBAUCOURT\"}"}, {"gpscoordinates": "{\"latitude\": 50.858981, \"longitude\": 4.344891}", "id": "5014", "name": "{\"fr\": \"SAINCTELETTE\", \"nl\": \"SAINCTELETTE\"}"}, {"gpscoordinates": "{\"latitude\": 50.833327, \"longitude\": 4.357041}", "id": "5016F", "name": "{\"fr\": \"STEPHANIE\", \"nl\": \"STEFANIA\"}"}, {"gpscoordinates": "{\"latitude\": 50.832607, \"longitude\": 4.3568}", "id": "5017", "name": "{\"fr\": \"STEPHANIE\", \"nl\": \"STEFANIA\"}"}, {"gpscoordinates": "{\"latitude\": 50.829515, \"longitude\": 4.35585}", "id": "5018F", "name": "{\"fr\": \"FAIDER\", \"nl\": \"FAIDER\"}"}]}