{"total_count": 2550, "results": [{"gpscoordinates": "{\"latitude\": 50.856901, \"longitude\": 4.3094}", "id": "2567", "name": "{\"fr\": \"LEROY\", \"nl\": \"LEROY\"}"}, {"gpscoordinates": "{\"latitude\": 50.862379, \"longitude\": 4.316595}", "id": "2569", "name": "{\"fr\": \"BASTOGNE\", \"nl\": \"BASTENAKEN\"}"}, {"gpscoordinates": "{\"latitude\": 50.871156, \"longitude\": 4.323703}", "id": "2573B", "name": "{\"fr\": \"MIROIR\", \"nl\": \"SPIEGEL\"}"}, {"gpscoordinates": "{\"latitude\": 50.845686, \"longitude\": 4.346176}", "id": "2581", "name": "{\"fr\": \"ANNEESSENS\", \"nl\": \"ANNEESSENS\"}"}, {"gpscoordinates": "{\"latitude\": 50.876435, \"longitude\": 4.330532}", "id": "2586", "name": "{\"fr\": \"VERBEYST\", \"nl\": \"VERBEYST\"}"}, {"gpscoordinates": "{\"latitude\": 50.860782, \"longitude\": 4.355779}", "id": "2587", "name": "{\"fr\": \"WTC\", \"nl\": \"WTC\"}"}, {"gpscoordinates": "{\"latitude\": 50.850504, \"longitude\": 4.35389}", "id": "2595", "name": "{\"fr\": \"DE BROUCKERE\", \"nl\": \"DE BROUCKERE\"}"}, {"gpscoordinates": "{\"latitude\": 50.849654, \"longitude\": 4.352651}", "id": "2596", "name": "{\"fr\": \"DE BROUCKERE\", \"nl\": \"DE BROUCKERE\"}"}, {"gpscoordinates": "{\"latitude\": 50.8215, \"longitude\": 4.284226}", "id": "2601", "name": "{\"fr\": \"MARIE CURIE\", \"nl\": \"MARIE CURIE\"}"}, {"gpscoordinates": "{\"latitude\": 50.812957, \"longitude\": 4.322694}", "id": "2604F", "name": "{\"fr\": \"MONACO\", \"nl\": \"MONACO\"}"}, {"gpscoordinates": "{\"latitude\": 50.827658, \"longitude\": 4.295798}", "id": "2606", "name": "{\"fr\": \"DEBUSSY\", \"nl\": \"DEBUSSY\"}"}, {"gpscoordinates": "{\"latitude\": 50.828449, \"longitude\": 4.299611}", "id": "2607", "name": "{\"fr\": \"VEEWEYDE\", \"nl\": \"VEEWEIDE\"}"}, {"gpscoordinates": "{\"latitude\": 50.794791, \"longitude\": 4.306641}", "id": "2611", "name": "{\"fr\": \"GILSON\", \"nl\": \"GILSON\"}"}, {"gpscoordinates": "{\"latitude\": 50.827578, \"longitude\": 4.294576}", "id": "2618", "name": "{\"fr\": \"DEBUSSY\", \"nl\": \"DEBUSSY\"}"}, {"gpscoordinates": "{\"latitude\": 50.817028, \"longitude\": 4.278602}", "id": "2623", "name": "{\"fr\": \"EDDY MERCKX\", \"nl\": \"EDDY MERCKX\"}"}, {"gpscoordinates": "{\"latitude\": 50.807655, \"longitude\": 4.328317}", "id": "2634", "name": "{\"fr\": \"GATTI DE GAMOND\", \"nl\": \"GATTI DE GAMOND\"}"}, {"gpscoordinates": "{\"latitude\": 50.890848, \"longitude\": 4.344463}", "id": "2635F", "name": "{\"fr\": \"SAINT-LAMBERT\", \"nl\": \"SINT-LAMBERTUS\"}"}, {"gpscoordinates": "{\"latitude\": 50.878765, \"longitude\": 4.374388}", "id": "2655", "name": "{\"fr\": \"DOCKS BRUXSEL\", \"nl\": \"DOCKS BRUXSEL\"}"}, {"gpscoordinates": "{\"latitude\": 50.794746, \"longitude\": 4.306627}", "id": "2659", "name": "{\"fr\": \"GILSON\", \"nl\": \"GILSON\"}"}, {"gpscoordinates": "{\"latitude\": 50.798433, \"longitude\": 4.312655}", "id": "2664", "name": "{\"fr\": \"UCCLE SPORT\", \"nl\": \"UKKEL SPORT\"}"}, {"gpscoordinates": "{\"latitude\": 50.812876, \"longitude\": 4.322907}", "id": "2667", "name": "{\"fr\": \"MONACO\", \"nl\": \"MONACO\"}"}, {"gpscoordinates": "{\"latitude\": 50.812894, \"longitude\": 4.322907}", "id": "2667F", "name": "{\"fr\": \"MONACO\", \"nl\": \"MONACO\"}"}, {"gpscoordinates": "{\"latitude\": 50.814001, \"longitude\": 4.324963}", "id": "2668", "name": "{\"fr\": \"ZAMAN-FOREST NAT.\", \"nl\": \"ZAMAN-VORST NAT.\"}"}, {"gpscoordinates": "{\"latitude\": 50.850586, \"longitude\": 4.381149}", "id": "2680", "name": "{\"fr\": \"CLOVIS\", \"nl\": \"CLOVIS\"}"}, {"gpscoordinates": "{\"latitude\": 50.789861, \"longitude\": 4.33866}", "id": "2702", "name": "{\"fr\": \"GROELSTVELD\", \"nl\": \"GROELSTVELD\"}"}, {"gpscoordinates": "{\"latitude\": 50.796753, \"longitude\": 4.346159}", "id": "2708G", "name": "{\"fr\": \"DIEWEG\", \"nl\": \"DIEWEG\"}"}, {"gpscoordinates": "{\"latitude\": 50.799184, \"longitude\": 4.379419}", "id": "2717", "name": "{\"fr\": \"GENDARMES\", \"nl\": \"GENDARMEN\"}"}, {"gpscoordinates": "{\"latitude\": 50.864422, \"longitude\": 4.365912}", "id": "2720F", "name": "{\"fr\": \"LIEDTS\", \"nl\": \"LIEDTS\"}"}, {"gpscoordinates": "{\"latitude\": 50.86497, \"longitude\": 4.365599}", "id": "2726F", "name": "{\"fr\": \"LIEDTS\", \"nl\": \"LIEDTS\"}"}, {"gpscoordinates": "{\"latitude\": 50.818214, \"longitude\": 4.436513}", "id": "2728", "name": "{\"fr\": \"SAINTE-ANNE\", \"nl\": \"SINT-ANNA\"}"}, {"gpscoordinates": "{\"latitude\": 50.869539, \"longitude\": 4.307992}", "id": "2729", "name": "{\"fr\": \"DE VILLEGAS\", \"nl\": \"DE VILLEGAS\"}"}, {"gpscoordinates": "{\"latitude\": 50.844886, \"longitude\": 4.346148}", "id": "2733", "name": "{\"fr\": \"ANNEESSENS\", \"nl\": \"ANNEESSENS\"}"}, {"gpscoordinates": "{\"latitude\": 50.821996, \"longitude\": 4.329977}", "id": "2738", "name": "{\"fr\": \"PIERRE DECOSTER\", \"nl\": \"PIERRE DECOSTER\"}"}, {"gpscoordinates": "{\"latitude\": 50.897592, \"longitude\": 4.334295}", "id": "2741", "name": "{\"fr\": \"HEYSEL\", \"nl\": \"HEIZEL\"}"}, {"gpscoordinates": "{\"latitude\": 50.89932, \"longitude\": 4.341281}", "id": "2742", "name": "{\"fr\": \"PALAIS 12\", \"nl\": \"PALEIS 12\"}"}, {"gpscoordinates": "{\"latitude\": 50.899089, \"longitude\": 4.340554}", "id": "2743", "name": "{\"fr\": \"PALAIS 12\", \"nl\": \"PALEIS 12\"}"}, {"gpscoordinates": "{\"latitude\": 50.845749, \"longitude\": 4.3493}", "id": "2744", "name": "{\"fr\": \"MANNEKEN-PIS\", \"nl\": \"MANNEKEN-PIS\"}"}, {"gpscoordinates": "{\"latitude\": 50.901578, \"longitude\": 4.347422}", "id": "2745", "name": "{\"fr\": \"ESPLANADE\", \"nl\": \"ESPLANADE\"}"}, {"gpscoordinates": "{\"latitude\": 50.901558, \"longitude\": 4.348599}", "id": "2746", "name": "{\"fr\": \"ESPLANADE\", \"nl\": \"ESPLANADE\"}"}, {"gpscoordinates": "{\"latitude\": 50.901366, \"longitude\": 4.355204}", "id": "2749", "name": "{\"fr\": \"BERGDAL\", \"nl\": \"BERGDAL\"}"}, {"gpscoordinates": "{\"latitude\": 50.845829, \"longitude\": 4.29929}", "id": "2750", "name": "{\"fr\": \"PRINCE DE LIEGE\", \"nl\": \"PRINS VAN LUIK\"}"}, {"gpscoordinates": "{\"latitude\": 50.89641, \"longitude\": 4.382687}", "id": "2756", "name": "{\"fr\": \"CRAETBOS\", \"nl\": \"CRAETBOS\"}"}, {"gpscoordinates": "{\"latitude\": 50.797285, \"longitude\": 4.394014}", "id": "2757C", "name": "{\"fr\": \"HIPPOD. BOITSFORT\", \"nl\": \"RENBAAN BOSVOORDE\"}"}, {"gpscoordinates": "{\"latitude\": 50.792764, \"longitude\": 4.347278}", "id": "2769", "name": "{\"fr\": \"CHENAIE\", \"nl\": \"EIKENBOS\"}"}, {"gpscoordinates": "{\"latitude\": 50.831684, \"longitude\": 4.333425}", "id": "2775", "name": "{\"fr\": \"AVENUE DU ROI\", \"nl\": \"KONINGSLAAN\"}"}, {"gpscoordinates": "{\"latitude\": 50.847192, \"longitude\": 4.308958}", "id": "2776", "name": "{\"fr\": \"SCHEUT\", \"nl\": \"SCHEUT\"}"}, {"gpscoordinates": "{\"latitude\": 50.831139, \"longitude\": 4.333253}", "id": "2777", "name": "{\"fr\": \"AVENUE DU ROI\", \"nl\": \"KONINGSLAAN\"}"}, {"gpscoordinates": "{\"latitude\": 50.843485, \"longitude\": 4.313586}", "id": "2783", "name": "{\"fr\": \"VETERANS COLON.\", \"nl\": \"KOLON. VETERANEN\"}"}, {"gpscoordinates": "{\"latitude\": 50.845464, \"longitude\": 4.357538}", "id": "2788", "name": "{\"fr\": \"GARE CENTRALE\", \"nl\": \"CENTRAAL STATION\"}"}, {"gpscoordinates": "{\"latitude\": 50.882853, \"longitude\": 4.330882}", "id": "2803", "name": "{\"fr\": \"LORGE\", \"nl\": \"LORGE\"}"}, {"gpscoordinates": "{\"latitude\": 50.882577, \"longitude\": 4.341384}", "id": "2807", "name": "{\"fr\": \"PRINCE LEOPOLD\", \"nl\": \"PRINS LEOPOLD\"}"}, {"gpscoordinates": "{\"latitude\": 50.895678, \"longitude\": 4.357282}", "id": "2813B", "name": "{\"fr\": \"DE WAND\", \"nl\": \"DE WAND\"}"}, {"gpscoordinates": "{\"latitude\": 50.896235, \"longitude\": 4.372264}", "id": "2816", "name": "{\"fr\": \"VERSAILLES\", \"nl\": \"VERSAILLES\"}"}, {"gpscoordinates": "{\"latitude\": 50.90383, \"longitude\": 4.386737}", "id": "2823B", "name": "{\"fr\": \"FERME NOS PILIFS\", \"nl\": \"FERME NOS PILIFS\"}"}, {"gpscoordinates": "{\"latitude\": 50.903066, \"longitude\": 4.386538}", "id": "2827", "name": "{\"fr\": \"FERME NOS PILIFS\", \"nl\": \"FERME NOS PILIFS\"}"}, {"gpscoordinates": "{\"latitude\": 50.855126, \"longitude\": 4.357632}", "id": "2830", "name": "{\"fr\": \"ROGIER\", \"nl\": \"ROGIER\"}"}, {"gpscoordinates": "{\"latitude\": 50.922931, \"longitude\": 4.413867}", "id": "2841", "name": "{\"fr\": \"VLIERKENS\", \"nl\": \"VLIERKENS\"}"}, {"gpscoordinates": "{\"latitude\": 50.813945, \"longitude\": 4.356293}", "id": "2846", "name": "{\"fr\": \"MARIE DEPAGE\", \"nl\": \"MARIE DEPAGE\"}"}, {"gpscoordinates": "{\"latitude\": 50.814475, \"longitude\": 4.356109}", "id": "2847", "name": "{\"fr\": \"MARIE DEPAGE\", \"nl\": \"MARIE DEPAGE\"}"}, {"gpscoordinates": "{\"latitude\": 50.889678, \"longitude\": 4.316768}", "id": "2849", "name": "{\"fr\": \"AUDREY HEPBURN\", \"nl\": \"AUDREY HEPBURN\"}"}, {"gpscoordinates": "{\"latitude\": 50.855619, \"longitude\": 4.346114}", "id": "2851F", "name": "{\"fr\": \"MARGUERITE DURAS\", \"nl\": \"MARGUERITE DURAS\"}"}, {"gpscoordinates": "{\"latitude\": 50.895129, \"longitude\": 4.357751}", "id": "2857C", "name": "{\"fr\": \"DE WAND\", \"nl\": \"DE WAND\"}"}, {"gpscoordinates": "{\"latitude\": 50.878802, \"longitude\": 4.342708}", "id": "2863", "name": "{\"fr\": \"JACOBS FONTAINE\", \"nl\": \"JACOBS FONTAINE\"}"}, {"gpscoordinates": "{\"latitude\": 50.885793, \"longitude\": 4.332671}", "id": "2867", "name": "{\"fr\": \"HOPITAL BRUGMANN\", \"nl\": \"BRUGMANN-ZIEKENH.\"}"}, {"gpscoordinates": "{\"latitude\": 50.882386, \"longitude\": 4.331153}", "id": "2871", "name": "{\"fr\": \"LORGE\", \"nl\": \"LORGE\"}"}, {"gpscoordinates": "{\"latitude\": 50.885109, \"longitude\": 4.330383}", "id": "2872", "name": "{\"fr\": \"CROCQ\", \"nl\": \"CROCQ\"}"}, {"gpscoordinates": "{\"latitude\": 50.88868, \"longitude\": 4.356059}", "id": "2875", "name": "{\"fr\": \"SERRES ROYALES\", \"nl\": \"KONINKL. SERRES\"}"}, {"gpscoordinates": "{\"latitude\": 50.901131, \"longitude\": 4.422318}", "id": "2899", "name": "{\"fr\": \"WITLOOF\", \"nl\": \"WITLOOF\"}"}, {"gpscoordinates": "{\"latitude\": 50.879033, \"longitude\": 4.403878}", "id": "2900", "name": "{\"fr\": \"FONSON\", \"nl\": \"FONSON\"}"}, {"gpscoordinates": "{\"latitude\": 50.880138, \"longitude\": 4.407488}", "id": "2901", "name": "{\"fr\": \"VAN CUTSEM\", \"nl\": \"VAN CUTSEM\"}"}, {"gpscoordinates": "{\"latitude\": 50.880816, \"longitude\": 4.403821}", "id": "2909", "name": "{\"fr\": \"SAINT-VINCENT\", \"nl\": \"SINT-VINCENTIUS\"}"}, {"gpscoordinates": "{\"latitude\": 50.877097, \"longitude\": 4.401905}", "id": "2910", "name": "{\"fr\": \"PAIX\", \"nl\": \"VREDE\"}"}, {"gpscoordinates": "{\"latitude\": 50.84104, \"longitude\": 4.378293}", "id": "2927", "name": "{\"fr\": \"PARC LEOPOLD\", \"nl\": \"LEOPOLDSPARK\"}"}, {"gpscoordinates": "{\"latitude\": 50.829776, \"longitude\": 4.364338}", "id": "2929", "name": "{\"fr\": \"VANNE\", \"nl\": \"VERLAAT\"}"}, {"gpscoordinates": "{\"latitude\": 50.825002, \"longitude\": 4.357554}", "id": "2931", "name": "{\"fr\": \"TRINITE\", \"nl\": \"DRIEVULDIGHEID\"}"}, {"gpscoordinates": "{\"latitude\": 50.809306, \"longitude\": 4.320361}", "id": "2939B", "name": "{\"fr\": \"GARE FOREST-EST\", \"nl\": \"STAT. VORST-OOST\"}"}, {"gpscoordinates": "{\"latitude\": 50.822511, \"longitude\": 4.346584}", "id": "2950", "name": "{\"fr\": \"PRISON\", \"nl\": \"GEVANGENIS\"}"}, {"gpscoordinates": "{\"latitude\": 50.821413, \"longitude\": 4.341859}", "id": "2957", "name": "{\"fr\": \"ALBERT\", \"nl\": \"ALBERT\"}"}, {"gpscoordinates": "{\"latitude\": 50.838163, \"longitude\": 4.362038}", "id": "2967B", "name": "{\"fr\": \"PORTE DE NAMUR\", \"nl\": \"NAAMSEPOORT\"}"}, {"gpscoordinates": "{\"latitude\": 50.827127, \"longitude\": 4.363442}", "id": "2971F", "name": "{\"fr\": \"BAILLI\", \"nl\": \"BALJUW\"}"}, {"gpscoordinates": "{\"latitude\": 50.826857, \"longitude\": 4.362606}", "id": "2972", "name": "{\"fr\": \"BAILLI\", \"nl\": \"BALJUW\"}"}, {"gpscoordinates": "{\"latitude\": 50.853714, \"longitude\": 4.388478}", "id": "2974", "name": "{\"fr\": \"DAILLY\", \"nl\": \"DAILLY\"}"}, {"gpscoordinates": "{\"latitude\": 50.876696, \"longitude\": 4.402225}", "id": "2982B", "name": "{\"fr\": \"PAIX\", \"nl\": \"VREDE\"}"}, {"gpscoordinates": "{\"latitude\": 50.896196, \"longitude\": 4.421147}", "id": "2986B", "name": "{\"fr\": \"TWYENINCK\", \"nl\": \"TWYENINCK\"}"}, {"gpscoordinates": "{\"latitude\": 50.891847, \"longitude\": 4.418029}", "id": "2987", "name": "{\"fr\": \"CORTENBACH\", \"nl\": \"KORTENBACH\"}"}, {"gpscoordinates": "{\"latitude\": 50.90116, \"longitude\": 4.422863}", "id": "2991", "name": "{\"fr\": \"WITLOOF\", \"nl\": \"WITLOOF\"}"}, {"gpscoordinates": "{\"latitude\": 50.867672, \"longitude\": 4.398627}", "id": "2997", "name": "{\"fr\": \"CONSCIENCE\", \"nl\": \"CONSCIENCE\"}"}, {"gpscoordinates": "{\"latitude\": 50.906102, \"longitude\": 4.396434}", "id": "3002", "name": "{\"fr\": \"DGHR DOMAINE MIL.\", \"nl\": \"DGHR MIL. DOMEIN\"}"}, {"gpscoordinates": "{\"latitude\": 50.885555, \"longitude\": 4.37907}", "id": "3008", "name": "{\"fr\": \"AVANT-PORT\", \"nl\": \"VOORHAVEN\"}"}, {"gpscoordinates": "{\"latitude\": 50.85523, \"longitude\": 4.335619}", "id": "3009", "name": "{\"fr\": \"BORNE\", \"nl\": \"PAAL\"}"}, {"gpscoordinates": "{\"latitude\": 50.87815, \"longitude\": 4.430334}", "id": "3017", "name": "{\"fr\": \"BOURGET\", \"nl\": \"BOURGET\"}"}, {"gpscoordinates": "{\"latitude\": 50.8785, \"longitude\": 4.431073}", "id": "3018", "name": "{\"fr\": \"BOURGET\", \"nl\": \"BOURGET\"}"}, {"gpscoordinates": "{\"latitude\": 50.887865, \"longitude\": 4.384613}", "id": "3059", "name": "{\"fr\": \"BIEBUYCK\", \"nl\": \"BIEBUYCK\"}"}, {"gpscoordinates": "{\"latitude\": 50.906156, \"longitude\": 4.396363}", "id": "3064B", "name": "{\"fr\": \"DGHR DOMAINE MIL.\", \"nl\": \"DGHR MIL. DOMEIN\"}"}, {"gpscoordinates": "{\"latitude\": 50.818299, \"longitude\": 4.266915}", "id": "3074", "name": "{\"fr\": \"CLEMENCE EVERARD\", \"nl\": \"CLEMENCE EVERARD\"}"}, {"gpscoordinates": "{\"latitude\": 50.845721, \"longitude\": 4.378078}", "id": "3081", "name": "{\"fr\": \"MARIE-LOUISE\", \"nl\": \"MARIA-LOUIZA\"}"}, {"gpscoordinates": "{\"latitude\": 50.87101, \"longitude\": 4.348892}", "id": "3082", "name": "{\"fr\": \"ANDREE DE JONGH\", \"nl\": \"ANDREE DE JONGH\"}"}, {"gpscoordinates": "{\"latitude\": 50.919289, \"longitude\": 4.425681}", "id": "3086", "name": "{\"fr\": \"MACHELENSTRAAT\", \"nl\": \"MACHELENSTRAAT\"}"}, {"gpscoordinates": "{\"latitude\": 50.842969, \"longitude\": 4.318109}", "id": "3088", "name": "{\"fr\": \"JACQUES BREL\", \"nl\": \"JACQUES BREL\"}"}, {"gpscoordinates": "{\"latitude\": 50.838859, \"longitude\": 4.310282}", "id": "3090", "name": "{\"fr\": \"BROEREN\", \"nl\": \"BROEREN\"}"}]}