{"total_count": 2550, "results": [{"gpscoordinates": "{\"latitude\": 50.820754, \"longitude\": 4.293579}", "id": "7755", "name": "{\"fr\": \"LA ROUE\", \"nl\": \"HET RAD\"}"}, {"gpscoordinates": "{\"latitude\": 50.839787, \"longitude\": 4.312758}", "id": "7759", "name": "{\"fr\": \"AUMALE\", \"nl\": \"AUMALE\"}"}, {"gpscoordinates": "{\"latitude\": 50.852966, \"longitude\": 4.341174}", "id": "7813", "name": "{\"fr\": \"PORTE DE FLANDRE\", \"nl\": \"VLAAMSEPOORT\"}"}, {"gpscoordinates": "{\"latitude\": 50.845476, \"longitude\": 4.369121}", "id": "8041", "name": "{\"fr\": \"ARTS-LOI\", \"nl\": \"KUNST-WET\"}"}, {"gpscoordinates": "{\"latitude\": 50.84379, \"longitude\": 4.377084}", "id": "8051", "name": "{\"fr\": \"MAELBEEK\", \"nl\": \"MAALBEEK\"}"}, {"gpscoordinates": "{\"latitude\": 50.843654, \"longitude\": 4.377588}", "id": "8052", "name": "{\"fr\": \"MAELBEEK\", \"nl\": \"MAALBEEK\"}"}, {"gpscoordinates": "{\"latitude\": 50.839534, \"longitude\": 4.397696}", "id": "8071", "name": "{\"fr\": \"MERODE\", \"nl\": \"MERODE\"}"}, {"gpscoordinates": "{\"latitude\": 50.837806, \"longitude\": 4.407955}", "id": "8082", "name": "{\"fr\": \"MONTGOMERY\", \"nl\": \"MONTGOMERY\"}"}, {"gpscoordinates": "{\"latitude\": 50.840366, \"longitude\": 4.413792}", "id": "8091", "name": "{\"fr\": \"JOSEPH.-CHARLOTTE\", \"nl\": \"JOSEPH.-CHARLOTTE\"}"}, {"gpscoordinates": "{\"latitude\": 50.840527, \"longitude\": 4.414051}", "id": "8092", "name": "{\"fr\": \"JOSEPH.-CHARLOTTE\", \"nl\": \"JOSEPH.-CHARLOTTE\"}"}, {"gpscoordinates": "{\"latitude\": 50.842594, \"longitude\": 4.418967}", "id": "8102", "name": "{\"fr\": \"GRIBAUMONT\", \"nl\": \"GRIBAUMONT\"}"}, {"gpscoordinates": "{\"latitude\": 50.847552, \"longitude\": 4.436102}", "id": "8122", "name": "{\"fr\": \"ROODEBEEK\", \"nl\": \"ROODEBEEK\"}"}, {"gpscoordinates": "{\"latitude\": 50.847387, \"longitude\": 4.446705}", "id": "8131", "name": "{\"fr\": \"VANDERVELDE\", \"nl\": \"VANDERVELDE\"}"}, {"gpscoordinates": "{\"latitude\": 50.84988, \"longitude\": 4.453149}", "id": "8141", "name": "{\"fr\": \"ALMA\", \"nl\": \"ALMA\"}"}, {"gpscoordinates": "{\"latitude\": 50.848796, \"longitude\": 4.458719}", "id": "8151", "name": "{\"fr\": \"CRAINHEM\", \"nl\": \"KRAAINEM\"}"}, {"gpscoordinates": "{\"latitude\": 50.83369, \"longitude\": 4.401677}", "id": "8201", "name": "{\"fr\": \"THIEFFRY\", \"nl\": \"THIEFFRY\"}"}, {"gpscoordinates": "{\"latitude\": 50.827929, \"longitude\": 4.403859}", "id": "8211", "name": "{\"fr\": \"PETILLON\", \"nl\": \"PETILLON\"}"}, {"gpscoordinates": "{\"latitude\": 50.818202, \"longitude\": 4.404056}", "id": "8232", "name": "{\"fr\": \"DELTA\", \"nl\": \"DELTA\"}"}, {"gpscoordinates": "{\"latitude\": 50.815128, \"longitude\": 4.409347}", "id": "8241", "name": "{\"fr\": \"BEAULIEU\", \"nl\": \"BEAULIEU\"}"}, {"gpscoordinates": "{\"latitude\": 50.813545, \"longitude\": 4.421005}", "id": "8251", "name": "{\"fr\": \"DEMEY\", \"nl\": \"DEMEY\"}"}, {"gpscoordinates": "{\"latitude\": 50.854705, \"longitude\": 4.340542}", "id": "8282", "name": "{\"fr\": \"COMTE DE FLANDRE\", \"nl\": \"GRAAF VAN VLAAND.\"}"}, {"gpscoordinates": "{\"latitude\": 50.835176, \"longitude\": 4.354622}", "id": "8322", "name": "{\"fr\": \"LOUISE\", \"nl\": \"LOUIZA\"}"}, {"gpscoordinates": "{\"latitude\": 50.833236, \"longitude\": 4.348603}", "id": "8331", "name": "{\"fr\": \"HOTEL DES MONNAIES\", \"nl\": \"MUNTHOF\"}"}, {"gpscoordinates": "{\"latitude\": 50.833944, \"longitude\": 4.343071}", "id": "8341", "name": "{\"fr\": \"PORTE DE HAL\", \"nl\": \"HALLEPOORT\"}"}, {"gpscoordinates": "{\"latitude\": 50.836258, \"longitude\": 4.33847}", "id": "8352", "name": "{\"fr\": \"GARE DU MIDI\", \"nl\": \"ZUIDSTATION\"}"}, {"gpscoordinates": "{\"latitude\": 50.84082, \"longitude\": 4.331202}", "id": "8361", "name": "{\"fr\": \"CLEMENCEAU\", \"nl\": \"CLEMENCEAU\"}"}, {"gpscoordinates": "{\"latitude\": 50.84069, \"longitude\": 4.331467}", "id": "8362", "name": "{\"fr\": \"CLEMENCEAU\", \"nl\": \"CLEMENCEAU\"}"}, {"gpscoordinates": "{\"latitude\": 50.849728, \"longitude\": 4.369174}", "id": "8411", "name": "{\"fr\": \"MADOU\", \"nl\": \"MADOU\"}"}, {"gpscoordinates": "{\"latitude\": 50.84993, \"longitude\": 4.369164}", "id": "8412", "name": "{\"fr\": \"MADOU\", \"nl\": \"MADOU\"}"}, {"gpscoordinates": "{\"latitude\": 50.85556, \"longitude\": 4.358317}", "id": "8432", "name": "{\"fr\": \"ROGIER\", \"nl\": \"ROGIER\"}"}, {"gpscoordinates": "{\"latitude\": 50.857225, \"longitude\": 4.351502}", "id": "8441", "name": "{\"fr\": \"YSER\", \"nl\": \"IJZER\"}"}, {"gpscoordinates": "{\"latitude\": 50.862878, \"longitude\": 4.331367}", "id": "8471", "name": "{\"fr\": \"ELISABETH\", \"nl\": \"ELISABETH\"}"}, {"gpscoordinates": "{\"latitude\": 50.815223, \"longitude\": 4.266114}", "id": "8641", "name": "{\"fr\": \"ERASME\", \"nl\": \"ERASMUS\"}"}, {"gpscoordinates": "{\"latitude\": 50.815237, \"longitude\": 4.267327}", "id": "8642", "name": "{\"fr\": \"ERASME\", \"nl\": \"ERASMUS\"}"}, {"gpscoordinates": "{\"latitude\": 50.816767, \"longitude\": 4.280609}", "id": "8651", "name": "{\"fr\": \"EDDY MERCKX\", \"nl\": \"EDDY MERCKX\"}"}, {"gpscoordinates": "{\"latitude\": 50.816504, \"longitude\": 4.281547}", "id": "8652", "name": "{\"fr\": \"EDDY MERCKX\", \"nl\": \"EDDY MERCKX\"}"}, {"gpscoordinates": "{\"latitude\": 50.816162, \"longitude\": 4.289054}", "id": "8661", "name": "{\"fr\": \"CERIA\", \"nl\": \"COOVI\"}"}, {"gpscoordinates": "{\"latitude\": 50.82092, \"longitude\": 4.293693}", "id": "8671", "name": "{\"fr\": \"LA ROUE\", \"nl\": \"HET RAD\"}"}, {"gpscoordinates": "{\"latitude\": 50.829391, \"longitude\": 4.300578}", "id": "8691", "name": "{\"fr\": \"VEEWEYDE\", \"nl\": \"VEEWEIDE\"}"}, {"gpscoordinates": "{\"latitude\": 50.834649, \"longitude\": 4.305052}", "id": "8701", "name": "{\"fr\": \"SAINT-GUIDON\", \"nl\": \"SINT-GUIDO\"}"}, {"gpscoordinates": "{\"latitude\": 50.834929, \"longitude\": 4.305315}", "id": "8702", "name": "{\"fr\": \"SAINT-GUIDON\", \"nl\": \"SINT-GUIDO\"}"}, {"gpscoordinates": "{\"latitude\": 50.84399, \"longitude\": 4.318169}", "id": "8722", "name": "{\"fr\": \"JACQUES BREL\", \"nl\": \"JACQUES BREL\"}"}, {"gpscoordinates": "{\"latitude\": 50.853386, \"longitude\": 4.322974}", "id": "8742", "name": "{\"fr\": \"BEEKKANT\", \"nl\": \"BEEKKANT\"}"}, {"gpscoordinates": "{\"latitude\": 50.853428, \"longitude\": 4.322773}", "id": "8743", "name": "{\"fr\": \"BEEKKANT\", \"nl\": \"BEEKKANT\"}"}, {"gpscoordinates": "{\"latitude\": 50.85335, \"longitude\": 4.323113}", "id": "8744", "name": "{\"fr\": \"BEEKKANT\", \"nl\": \"BEEKKANT\"}"}, {"gpscoordinates": "{\"latitude\": 50.857115, \"longitude\": 4.325218}", "id": "8753", "name": "{\"fr\": \"OSSEGHEM\", \"nl\": \"OSSEGEM\"}"}, {"gpscoordinates": "{\"latitude\": 50.868525, \"longitude\": 4.33685}", "id": "8773", "name": "{\"fr\": \"BELGICA\", \"nl\": \"BELGICA\"}"}, {"gpscoordinates": "{\"latitude\": 50.873666, \"longitude\": 4.343031}", "id": "8783", "name": "{\"fr\": \"PANNENHUIS\", \"nl\": \"PANNENHUIS\"}"}, {"gpscoordinates": "{\"latitude\": 50.873614, \"longitude\": 4.343137}", "id": "8784", "name": "{\"fr\": \"PANNENHUIS\", \"nl\": \"PANNENHUIS\"}"}, {"gpscoordinates": "{\"latitude\": 50.879149, \"longitude\": 4.347845}", "id": "8793", "name": "{\"fr\": \"BOCKSTAEL\", \"nl\": \"BOCKSTAEL\"}"}, {"gpscoordinates": "{\"latitude\": 50.885587, \"longitude\": 4.342629}", "id": "8803", "name": "{\"fr\": \"STUYVENBERGH\", \"nl\": \"STUYVENBERGH\"}"}, {"gpscoordinates": "{\"latitude\": 50.88564, \"longitude\": 4.342738}", "id": "8804", "name": "{\"fr\": \"STUYVENBERGH\", \"nl\": \"STUYVENBERGH\"}"}, {"gpscoordinates": "{\"latitude\": 50.897076, \"longitude\": 4.335408}", "id": "8823", "name": "{\"fr\": \"HEYSEL\", \"nl\": \"HEIZEL\"}"}, {"gpscoordinates": "{\"latitude\": 50.897102, \"longitude\": 4.33543}", "id": "8825", "name": "{\"fr\": \"HEYSEL\", \"nl\": \"HEIZEL\"}"}, {"gpscoordinates": "{\"latitude\": 50.89646, \"longitude\": 4.327959}", "id": "8834", "name": "{\"fr\": \"ROI BAUDOUIN\", \"nl\": \"KONING BOUDEWIJN\"}"}, {"gpscoordinates": "{\"latitude\": 50.861751, \"longitude\": 4.356097}", "id": "9025", "name": "{\"fr\": \"WTC\", \"nl\": \"WTC\"}"}, {"gpscoordinates": "{\"latitude\": 50.789581, \"longitude\": 4.420431}", "id": "9059", "name": "{\"fr\": \"HEILIGENBORRE\", \"nl\": \"HEILIGENBORRE\"}"}, {"gpscoordinates": "{\"latitude\": 50.853235, \"longitude\": 4.501137}", "id": "9169", "name": "{\"fr\": \"VIER HUISKENS\", \"nl\": \"VIER HUISKENS\"}"}, {"gpscoordinates": "{\"latitude\": 50.852788, \"longitude\": 4.3871}", "id": "9291", "name": "{\"fr\": \"DAILLY\", \"nl\": \"DAILLY\"}"}, {"gpscoordinates": "{\"latitude\": 50.880967, \"longitude\": 4.401719}", "id": "9292", "name": "{\"fr\": \"SAINT-VINCENT\", \"nl\": \"SINT-VINCENTIUS\"}"}, {"gpscoordinates": "{\"latitude\": 50.919529, \"longitude\": 4.406511}", "id": "9606", "name": "{\"fr\": \"ENNEPETAL\", \"nl\": \"ENNEPETAL\"}"}, {"gpscoordinates": "{\"latitude\": 50.91687, \"longitude\": 4.402257}", "id": "9607", "name": "{\"fr\": \"TWEE LEEUWENWEG\", \"nl\": \"TWEE LEEUWENWEG\"}"}, {"gpscoordinates": "{\"latitude\": 50.914183, \"longitude\": 4.39907}", "id": "9608", "name": "{\"fr\": \"VTM\", \"nl\": \"VTM\"}"}, {"gpscoordinates": "{\"latitude\": 50.922736, \"longitude\": 4.413781}", "id": "9627", "name": "{\"fr\": \"VLIERKENS\", \"nl\": \"VLIERKENS\"}"}, {"gpscoordinates": "{\"latitude\": 50.916906, \"longitude\": 4.402072}", "id": "9632", "name": "{\"fr\": \"TWEE LEEUWENWEG\", \"nl\": \"TWEE LEEUWENWEG\"}"}, {"gpscoordinates": "{\"latitude\": 50.79408, \"longitude\": 4.301838}", "id": "9649B", "name": "{\"fr\": \"DORENT\", \"nl\": \"DORENT\"}"}, {"gpscoordinates": "{\"latitude\": 50.786863, \"longitude\": 4.296658}", "id": "9652", "name": "{\"fr\": \"RUISBROEK CENTRUM\", \"nl\": \"RUISBROEK CENTRUM\"}"}, {"gpscoordinates": "{\"latitude\": 50.779679, \"longitude\": 4.286436}", "id": "9655", "name": "{\"fr\": \"VOETBALCLUB\", \"nl\": \"VOETBALCLUB\"}"}, {"gpscoordinates": "{\"latitude\": 50.77068, \"longitude\": 4.278504}", "id": "9657", "name": "{\"fr\": \"WATERBURY\", \"nl\": \"WATERBURY\"}"}, {"gpscoordinates": "{\"latitude\": 50.765858, \"longitude\": 4.273708}", "id": "9658", "name": "{\"fr\": \"LOT STATION\", \"nl\": \"LOT STATION\"}"}, {"gpscoordinates": "{\"latitude\": 50.784025, \"longitude\": 4.292617}", "id": "9660", "name": "{\"fr\": \"SPORTCENTRUM\", \"nl\": \"SPORTCENTRUM\"}"}, {"gpscoordinates": "{\"latitude\": 50.771319, \"longitude\": 4.279084}", "id": "9677", "name": "{\"fr\": \"WATERBURY\", \"nl\": \"WATERBURY\"}"}, {"gpscoordinates": "{\"latitude\": 50.786366, \"longitude\": 4.29607}", "id": "9682", "name": "{\"fr\": \"RUISBROEK CENTRUM\", \"nl\": \"RUISBROEK CENTRUM\"}"}, {"gpscoordinates": "{\"latitude\": 50.863666, \"longitude\": 4.329612}", "id": "470F", "name": "{\"fr\": \"SIMONIS\", \"nl\": \"SIMONIS\"}"}, {"gpscoordinates": "{\"latitude\": 50.863732, \"longitude\": 4.329236}", "id": "471", "name": "{\"fr\": \"SIMONIS\", \"nl\": \"SIMONIS\"}"}, {"gpscoordinates": "{\"latitude\": 50.863543, \"longitude\": 4.329023}", "id": "472", "name": "{\"fr\": \"SIMONIS\", \"nl\": \"SIMONIS\"}"}, {"gpscoordinates": "{\"latitude\": 50.863418, \"longitude\": 4.330031}", "id": "473F", "name": "{\"fr\": \"SIMONIS\", \"nl\": \"SIMONIS\"}"}, {"gpscoordinates": "{\"latitude\": 50.851494, \"longitude\": 4.352876}", "id": "501", "name": "{\"fr\": \"DE BROUCKERE\", \"nl\": \"DE BROUCKERE\"}"}, {"gpscoordinates": "{\"latitude\": 50.847772, \"longitude\": 4.348972}", "id": "601", "name": "{\"fr\": \"BOURSE\", \"nl\": \"BEURS\"}"}, {"gpscoordinates": "{\"latitude\": 50.840399, \"longitude\": 4.341408}", "id": "626", "name": "{\"fr\": \"LEMONNIER\", \"nl\": \"LEMONNIER\"}"}, {"gpscoordinates": "{\"latitude\": 50.836353, \"longitude\": 4.338259}", "id": "702", "name": "{\"fr\": \"GARE DU MIDI\", \"nl\": \"ZUIDSTATION\"}"}, {"gpscoordinates": "{\"latitude\": 50.821021, \"longitude\": 4.341497}", "id": "712F", "name": "{\"fr\": \"ALBERT\", \"nl\": \"ALBERT\"}"}, {"gpscoordinates": "{\"latitude\": 50.826043, \"longitude\": 4.345887}", "id": "723", "name": "{\"fr\": \"HORTA\", \"nl\": \"HORTA\"}"}, {"gpscoordinates": "{\"latitude\": 50.832821, \"longitude\": 4.342903}", "id": "725", "name": "{\"fr\": \"PORTE DE HAL\", \"nl\": \"HALLEPOORT\"}"}, {"gpscoordinates": "{\"latitude\": 50.836586, \"longitude\": 4.337506}", "id": "726", "name": "{\"fr\": \"GARE DU MIDI\", \"nl\": \"ZUIDSTATION\"}"}, {"gpscoordinates": "{\"latitude\": 50.837555, \"longitude\": 4.407424}", "id": "806", "name": "{\"fr\": \"MONTGOMERY\", \"nl\": \"MONTGOMERY\"}"}, {"gpscoordinates": "{\"latitude\": 50.843896, \"longitude\": 4.405406}", "id": "816", "name": "{\"fr\": \"GEORGES HENRI\", \"nl\": \"GEORGES HENRI\"}"}, {"gpscoordinates": "{\"latitude\": 50.878265, \"longitude\": 4.321409}", "id": "1010", "name": "{\"fr\": \"LE ROUX\", \"nl\": \"LE ROUX\"}"}, {"gpscoordinates": "{\"latitude\": 50.816648, \"longitude\": 4.319873}", "id": "1015", "name": "{\"fr\": \"BERVOETS\", \"nl\": \"BERVOETS\"}"}, {"gpscoordinates": "{\"latitude\": 50.854208, \"longitude\": 4.447844}", "id": "1043", "name": "{\"fr\": \"HOF TER MUSSCHEN\", \"nl\": \"HOF TER MUSSCHEN\"}"}, {"gpscoordinates": "{\"latitude\": 50.816346, \"longitude\": 4.371817}", "id": "1046G", "name": "{\"fr\": \"LEGRAND\", \"nl\": \"LEGRAND\"}"}, {"gpscoordinates": "{\"latitude\": 50.864456, \"longitude\": 4.343166}", "id": "1056", "name": "{\"fr\": \"PICARD\", \"nl\": \"PICARD\"}"}, {"gpscoordinates": "{\"latitude\": 50.866879, \"longitude\": 4.310144}", "id": "1064", "name": "{\"fr\": \"GOFFIN\", \"nl\": \"GOFFIN\"}"}, {"gpscoordinates": "{\"latitude\": 50.860915, \"longitude\": 4.358355}", "id": "1082", "name": "{\"fr\": \"GARE DU NORD\", \"nl\": \"NOORDSTATION\"}"}, {"gpscoordinates": "{\"latitude\": 50.817464, \"longitude\": 4.320483}", "id": "1085", "name": "{\"fr\": \"BERVOETS\", \"nl\": \"BERVOETS\"}"}, {"gpscoordinates": "{\"latitude\": 50.893923, \"longitude\": 4.397845}", "id": "1089", "name": "{\"fr\": \"PAVILLONS MEUDON\", \"nl\": \"MEUDON-PAVILJ.\"}"}, {"gpscoordinates": "{\"latitude\": 50.866292, \"longitude\": 4.303465}", "id": "1094F", "name": "{\"fr\": \"VALIDA\", \"nl\": \"VALIDA\"}"}, {"gpscoordinates": "{\"latitude\": 50.861233, \"longitude\": 4.292961}", "id": "1095", "name": "{\"fr\": \"PLACE DE L'EGLISE\", \"nl\": \"KERKPLEIN\"}"}, {"gpscoordinates": "{\"latitude\": 50.861842, \"longitude\": 4.322192}", "id": "1098", "name": "{\"fr\": \"SIPPELBERG\", \"nl\": \"SIPPELBERG\"}"}, {"gpscoordinates": "{\"latitude\": 50.86468, \"longitude\": 4.28547}", "id": "1102", "name": "{\"fr\": \"SEPT ETOILES\", \"nl\": \"ZEVEN STERREN\"}"}]}