{"total_count": 2550, "results": [{"gpscoordinates": "{\"latitude\": 50.853715, \"longitude\": 4.36577}", "id": "6438", "name": "{\"fr\": \"BOTANIQUE\", \"nl\": \"KRUIDTUIN\"}"}, {"gpscoordinates": "{\"latitude\": 50.79958, \"longitude\": 4.376341}", "id": "6440", "name": "{\"fr\": \"MONTANA\", \"nl\": \"MONTANA\"}"}, {"gpscoordinates": "{\"latitude\": 50.846496, \"longitude\": 4.359381}", "id": "6442", "name": "{\"fr\": \"GARE CENTRALE\", \"nl\": \"CENTRAAL STATION\"}"}, {"gpscoordinates": "{\"latitude\": 50.845894, \"longitude\": 4.35701}", "id": "6447", "name": "{\"fr\": \"GARE CENTRALE\", \"nl\": \"CENTRAAL STATION\"}"}, {"gpscoordinates": "{\"latitude\": 50.848712, \"longitude\": 4.401753}", "id": "6449", "name": "{\"fr\": \"DIAMANT\", \"nl\": \"DIAMANT\"}"}, {"gpscoordinates": "{\"latitude\": 50.821838, \"longitude\": 4.36282}", "id": "6453", "name": "{\"fr\": \"WASHINGTON\", \"nl\": \"WASHINGTON\"}"}, {"gpscoordinates": "{\"latitude\": 50.849234, \"longitude\": 4.40154}", "id": "6454", "name": "{\"fr\": \"DIAMANT\", \"nl\": \"DIAMANT\"}"}, {"gpscoordinates": "{\"latitude\": 50.872997, \"longitude\": 4.378115}", "id": "6457F", "name": "{\"fr\": \"PRINC. ELISABETH\", \"nl\": \"PRINS. ELISABETH\"}"}, {"gpscoordinates": "{\"latitude\": 50.843737, \"longitude\": 4.378322}", "id": "6464", "name": "{\"fr\": \"MAELBEEK\", \"nl\": \"MAALBEEK\"}"}, {"gpscoordinates": "{\"latitude\": 50.857234, \"longitude\": 4.332479}", "id": "6471", "name": "{\"fr\": \"ETANGS NOIRS\", \"nl\": \"ZWARTE VIJVERS\"}"}, {"gpscoordinates": "{\"latitude\": 50.832846, \"longitude\": 4.401926}", "id": "6473", "name": "{\"fr\": \"THIEFFRY\", \"nl\": \"THIEFFRY\"}"}, {"gpscoordinates": "{\"latitude\": 50.896813, \"longitude\": 4.329876}", "id": "6482", "name": "{\"fr\": \"ROI BAUDOUIN\", \"nl\": \"KONING BOUDEWIJN\"}"}, {"gpscoordinates": "{\"latitude\": 50.830337, \"longitude\": 4.301111}", "id": "6483B", "name": "{\"fr\": \"VEEWEYDE\", \"nl\": \"VEEWEIDE\"}"}, {"gpscoordinates": "{\"latitude\": 50.878901, \"longitude\": 4.342438}", "id": "6504", "name": "{\"fr\": \"JACOBS FONTAINE\", \"nl\": \"JACOBS FONTAINE\"}"}, {"gpscoordinates": "{\"latitude\": 50.853991, \"longitude\": 4.342195}", "id": "6604F", "name": "{\"fr\": \"PORTE DE FLANDRE\", \"nl\": \"VLAAMSEPOORT\"}"}, {"gpscoordinates": "{\"latitude\": 50.850667, \"longitude\": 4.338989}", "id": "6649F", "name": "{\"fr\": \"PORTE DE NINOVE\", \"nl\": \"NINOOFSEPOORT\"}"}, {"gpscoordinates": "{\"latitude\": 50.857525, \"longitude\": 4.34867}", "id": "6651", "name": "{\"fr\": \"YSER\", \"nl\": \"IJZER\"}"}, {"gpscoordinates": "{\"latitude\": 50.850353, \"longitude\": 4.338531}", "id": "6653F", "name": "{\"fr\": \"PORTE DE NINOVE\", \"nl\": \"NINOOFSEPOORT\"}"}, {"gpscoordinates": "{\"latitude\": 50.853685, \"longitude\": 4.341809}", "id": "6654F", "name": "{\"fr\": \"PORTE DE FLANDRE\", \"nl\": \"VLAAMSEPOORT\"}"}, {"gpscoordinates": "{\"latitude\": 50.867911, \"longitude\": 4.326561}", "id": "6805F", "name": "{\"fr\": \"BROUSTIN\", \"nl\": \"BROUSTIN\"}"}, {"gpscoordinates": "{\"latitude\": 50.832679, \"longitude\": 4.30178}", "id": "6810", "name": "{\"fr\": \"MEIR\", \"nl\": \"MEIR\"}"}, {"gpscoordinates": "{\"latitude\": 50.830357, \"longitude\": 4.296602}", "id": "6856", "name": "{\"fr\": \"YSAYE\", \"nl\": \"YSAYE\"}"}, {"gpscoordinates": "{\"latitude\": 50.830357, \"longitude\": 4.296602}", "id": "6856B", "name": "{\"fr\": \"YSAYE\", \"nl\": \"YSAYE\"}"}, {"gpscoordinates": "{\"latitude\": 50.868309, \"longitude\": 4.326364}", "id": "6864F", "name": "{\"fr\": \"BROUSTIN\", \"nl\": \"BROUSTIN\"}"}, {"gpscoordinates": "{\"latitude\": 50.871221, \"longitude\": 4.324418}", "id": "6865F", "name": "{\"fr\": \"MIROIR\", \"nl\": \"SPIEGEL\"}"}, {"gpscoordinates": "{\"latitude\": 50.78962, \"longitude\": 4.373829}", "id": "6934F", "name": "{\"fr\": \"FORT-JACO\", \"nl\": \"FORT-JACO\"}"}, {"gpscoordinates": "{\"latitude\": 50.82563, \"longitude\": 4.50719}", "id": "7223", "name": "{\"fr\": \"OPPEMSTRAAT\", \"nl\": \"OPPEMSTRAAT\"}"}, {"gpscoordinates": "{\"latitude\": 50.817188, \"longitude\": 4.48307}", "id": "7301", "name": "{\"fr\": \"RAVENSTEIN\", \"nl\": \"RAVENSTEIN\"}"}, {"gpscoordinates": "{\"latitude\": 50.825306, \"longitude\": 4.507927}", "id": "7304", "name": "{\"fr\": \"OPPEMSTRAAT\", \"nl\": \"OPPEMSTRAAT\"}"}, {"gpscoordinates": "{\"latitude\": 50.793428, \"longitude\": 4.320552}", "id": "7465", "name": "{\"fr\": \"KEYENBEMPT\", \"nl\": \"KEYENBEMPT\"}"}, {"gpscoordinates": "{\"latitude\": 50.842661, \"longitude\": 4.35201}", "id": "7586", "name": "{\"fr\": \"CESAR DE PAEPE\", \"nl\": \"CESAR DE PAEPE\"}"}, {"gpscoordinates": "{\"latitude\": 50.820839, \"longitude\": 4.293811}", "id": "7757", "name": "{\"fr\": \"LA ROUE\", \"nl\": \"HET RAD\"}"}, {"gpscoordinates": "{\"latitude\": 50.816253, \"longitude\": 4.426352}", "id": "7868", "name": "{\"fr\": \"AUDERGHEM-SHOP.\", \"nl\": \"OUDERGEM-SHOP.\"}"}, {"gpscoordinates": "{\"latitude\": 50.883327, \"longitude\": 4.335375}", "id": "7883", "name": "{\"fr\": \"GUILL. DE GREEF\", \"nl\": \"GUILL. DE GREEF\"}"}, {"gpscoordinates": "{\"latitude\": 50.850095, \"longitude\": 4.352165}", "id": "8011", "name": "{\"fr\": \"DE BROUCKERE\", \"nl\": \"DE BROUCKERE\"}"}, {"gpscoordinates": "{\"latitude\": 50.846679, \"longitude\": 4.358551}", "id": "8021", "name": "{\"fr\": \"GARE CENTRALE\", \"nl\": \"CENTRAAL STATION\"}"}, {"gpscoordinates": "{\"latitude\": 50.846349, \"longitude\": 4.358776}", "id": "8022", "name": "{\"fr\": \"GARE CENTRALE\", \"nl\": \"CENTRAAL STATION\"}"}, {"gpscoordinates": "{\"latitude\": 50.845688, \"longitude\": 4.362979}", "id": "8032", "name": "{\"fr\": \"PARC\", \"nl\": \"PARK\"}"}, {"gpscoordinates": "{\"latitude\": 50.845333, \"longitude\": 4.36962}", "id": "8042", "name": "{\"fr\": \"ARTS-LOI\", \"nl\": \"KUNST-WET\"}"}, {"gpscoordinates": "{\"latitude\": 50.842972, \"longitude\": 4.380974}", "id": "8061", "name": "{\"fr\": \"SCHUMAN\", \"nl\": \"SCHUMAN\"}"}, {"gpscoordinates": "{\"latitude\": 50.842756, \"longitude\": 4.381829}", "id": "8062", "name": "{\"fr\": \"SCHUMAN\", \"nl\": \"SCHUMAN\"}"}, {"gpscoordinates": "{\"latitude\": 50.842506, \"longitude\": 4.418288}", "id": "8101", "name": "{\"fr\": \"GRIBAUMONT\", \"nl\": \"GRIBAUMONT\"}"}, {"gpscoordinates": "{\"latitude\": 50.847439, \"longitude\": 4.447303}", "id": "8132", "name": "{\"fr\": \"VANDERVELDE\", \"nl\": \"VANDERVELDE\"}"}, {"gpscoordinates": "{\"latitude\": 50.849991, \"longitude\": 4.4534}", "id": "8142", "name": "{\"fr\": \"ALMA\", \"nl\": \"ALMA\"}"}, {"gpscoordinates": "{\"latitude\": 50.848478, \"longitude\": 4.458929}", "id": "8152", "name": "{\"fr\": \"CRAINHEM\", \"nl\": \"KRAAINEM\"}"}, {"gpscoordinates": "{\"latitude\": 50.841872, \"longitude\": 4.464541}", "id": "8161", "name": "{\"fr\": \"STOCKEL\", \"nl\": \"STOKKEL\"}"}, {"gpscoordinates": "{\"latitude\": 50.841855, \"longitude\": 4.464405}", "id": "8162", "name": "{\"fr\": \"STOCKEL\", \"nl\": \"STOKKEL\"}"}, {"gpscoordinates": "{\"latitude\": 50.827461, \"longitude\": 4.403987}", "id": "8212", "name": "{\"fr\": \"PETILLON\", \"nl\": \"PETILLON\"}"}, {"gpscoordinates": "{\"latitude\": 50.821592, \"longitude\": 4.405618}", "id": "8221", "name": "{\"fr\": \"HANKAR\", \"nl\": \"HANKAR\"}"}, {"gpscoordinates": "{\"latitude\": 50.820888, \"longitude\": 4.405382}", "id": "8222", "name": "{\"fr\": \"HANKAR\", \"nl\": \"HANKAR\"}"}, {"gpscoordinates": "{\"latitude\": 50.81505, \"longitude\": 4.409977}", "id": "8242", "name": "{\"fr\": \"BEAULIEU\", \"nl\": \"BEAULIEU\"}"}, {"gpscoordinates": "{\"latitude\": 50.813192, \"longitude\": 4.42192}", "id": "8252", "name": "{\"fr\": \"DEMEY\", \"nl\": \"DEMEY\"}"}, {"gpscoordinates": "{\"latitude\": 50.812195, \"longitude\": 4.428503}", "id": "8261", "name": "{\"fr\": \"HERRMANN-DEBROUX\", \"nl\": \"HERRMANN-DEBROUX\"}"}, {"gpscoordinates": "{\"latitude\": 50.812243, \"longitude\": 4.429236}", "id": "8262", "name": "{\"fr\": \"HERRMANN-DEBROUX\", \"nl\": \"HERRMANN-DEBROUX\"}"}, {"gpscoordinates": "{\"latitude\": 50.852347, \"longitude\": 4.347749}", "id": "8271", "name": "{\"fr\": \"SAINTE-CATHERINE\", \"nl\": \"SINT-KATELIJNE\"}"}, {"gpscoordinates": "{\"latitude\": 50.8519, \"longitude\": 4.348012}", "id": "8272", "name": "{\"fr\": \"SAINTE-CATHERINE\", \"nl\": \"SINT-KATELIJNE\"}"}, {"gpscoordinates": "{\"latitude\": 50.854968, \"longitude\": 4.340056}", "id": "8281", "name": "{\"fr\": \"COMTE DE FLANDRE\", \"nl\": \"GRAAF VAN VLAAND.\"}"}, {"gpscoordinates": "{\"latitude\": 50.857096, \"longitude\": 4.332019}", "id": "8291", "name": "{\"fr\": \"ETANGS NOIRS\", \"nl\": \"ZWARTE VIJVERS\"}"}, {"gpscoordinates": "{\"latitude\": 50.840813, \"longitude\": 4.366354}", "id": "8301", "name": "{\"fr\": \"TRONE\", \"nl\": \"TROON\"}"}, {"gpscoordinates": "{\"latitude\": 50.841001, \"longitude\": 4.366499}", "id": "8302", "name": "{\"fr\": \"TRONE\", \"nl\": \"TROON\"}"}, {"gpscoordinates": "{\"latitude\": 50.836273, \"longitude\": 4.338161}", "id": "8351", "name": "{\"fr\": \"GARE DU MIDI\", \"nl\": \"ZUIDSTATION\"}"}, {"gpscoordinates": "{\"latitude\": 50.845157, \"longitude\": 4.324325}", "id": "8371", "name": "{\"fr\": \"DELACROIX\", \"nl\": \"DELACROIX\"}"}, {"gpscoordinates": "{\"latitude\": 50.844982, \"longitude\": 4.324744}", "id": "8372", "name": "{\"fr\": \"DELACROIX\", \"nl\": \"DELACROIX\"}"}, {"gpscoordinates": "{\"latitude\": 50.849014, \"longitude\": 4.32149}", "id": "8381", "name": "{\"fr\": \"GARE DE L'OUEST\", \"nl\": \"WESTSTATION\"}"}, {"gpscoordinates": "{\"latitude\": 50.848922, \"longitude\": 4.321442}", "id": "8382", "name": "{\"fr\": \"GARE DE L'OUEST\", \"nl\": \"WESTSTATION\"}"}, {"gpscoordinates": "{\"latitude\": 50.85399, \"longitude\": 4.365557}", "id": "8421", "name": "{\"fr\": \"BOTANIQUE\", \"nl\": \"KRUIDTUIN\"}"}, {"gpscoordinates": "{\"latitude\": 50.855412, \"longitude\": 4.358416}", "id": "8431", "name": "{\"fr\": \"ROGIER\", \"nl\": \"ROGIER\"}"}, {"gpscoordinates": "{\"latitude\": 50.857321, \"longitude\": 4.351197}", "id": "8442", "name": "{\"fr\": \"YSER\", \"nl\": \"IJZER\"}"}, {"gpscoordinates": "{\"latitude\": 50.860406, \"longitude\": 4.339753}", "id": "8461", "name": "{\"fr\": \"RIBAUCOURT\", \"nl\": \"RIBAUCOURT\"}"}, {"gpscoordinates": "{\"latitude\": 50.825167, \"longitude\": 4.297643}", "id": "8682", "name": "{\"fr\": \"BIZET\", \"nl\": \"BIZET\"}"}, {"gpscoordinates": "{\"latitude\": 50.829611, \"longitude\": 4.300732}", "id": "8692", "name": "{\"fr\": \"VEEWEYDE\", \"nl\": \"VEEWEIDE\"}"}, {"gpscoordinates": "{\"latitude\": 50.839462, \"longitude\": 4.312081}", "id": "8711", "name": "{\"fr\": \"AUMALE\", \"nl\": \"AUMALE\"}"}, {"gpscoordinates": "{\"latitude\": 50.839675, \"longitude\": 4.312518}", "id": "8712", "name": "{\"fr\": \"AUMALE\", \"nl\": \"AUMALE\"}"}, {"gpscoordinates": "{\"latitude\": 50.85685, \"longitude\": 4.325246}", "id": "8754", "name": "{\"fr\": \"OSSEGHEM\", \"nl\": \"OSSEGEM\"}"}, {"gpscoordinates": "{\"latitude\": 50.86312, \"longitude\": 4.330479}", "id": "8764", "name": "{\"fr\": \"SIMONIS\", \"nl\": \"SIMONIS\"}"}, {"gpscoordinates": "{\"latitude\": 50.889549, \"longitude\": 4.337629}", "id": "8813", "name": "{\"fr\": \"HOUBA-BRUGMANN\", \"nl\": \"HOUBA-BRUGMANN\"}"}, {"gpscoordinates": "{\"latitude\": 50.8896, \"longitude\": 4.337736}", "id": "8814", "name": "{\"fr\": \"HOUBA-BRUGMANN\", \"nl\": \"HOUBA-BRUGMANN\"}"}, {"gpscoordinates": "{\"latitude\": 50.897198, \"longitude\": 4.335515}", "id": "8824", "name": "{\"fr\": \"HEYSEL\", \"nl\": \"HEIZEL\"}"}, {"gpscoordinates": "{\"latitude\": 50.896371, \"longitude\": 4.328009}", "id": "8833", "name": "{\"fr\": \"ROI BAUDOUIN\", \"nl\": \"KONING BOUDEWIJN\"}"}, {"gpscoordinates": "{\"latitude\": 50.896415, \"longitude\": 4.338161}", "id": "9056F", "name": "{\"fr\": \"HEYSEL\", \"nl\": \"HEIZEL\"}"}, {"gpscoordinates": "{\"latitude\": 50.852574, \"longitude\": 4.369306}", "id": "9060", "name": "{\"fr\": \"QUETELET\", \"nl\": \"QUETELET\"}"}, {"gpscoordinates": "{\"latitude\": 50.83677, \"longitude\": 4.498038}", "id": "9164", "name": "{\"fr\": \"MARMOTTE\", \"nl\": \"MARMOT\"}"}, {"gpscoordinates": "{\"latitude\": 50.853183, \"longitude\": 4.386873}", "id": "9296", "name": "{\"fr\": \"DAILLY\", \"nl\": \"DAILLY\"}"}, {"gpscoordinates": "{\"latitude\": 50.870901, \"longitude\": 4.418774}", "id": "9311", "name": "{\"fr\": \"JULES BORDET\", \"nl\": \"JULES BORDET\"}"}, {"gpscoordinates": "{\"latitude\": 50.853434, \"longitude\": 4.500712}", "id": "9561", "name": "{\"fr\": \"VIER HUISKENS\", \"nl\": \"VIER HUISKENS\"}"}, {"gpscoordinates": "{\"latitude\": 50.921031, \"longitude\": 4.406413}", "id": "9605", "name": "{\"fr\": \"MINNEMOLEN\", \"nl\": \"MINNEMOLEN\"}"}, {"gpscoordinates": "{\"latitude\": 50.921057, \"longitude\": 4.4093}", "id": "9626", "name": "{\"fr\": \"MINNEMOLEN\", \"nl\": \"MINNEMOLEN\"}"}, {"gpscoordinates": "{\"latitude\": 50.91417, \"longitude\": 4.397798}", "id": "9634", "name": "{\"fr\": \"VTM\", \"nl\": \"VTM\"}"}, {"gpscoordinates": "{\"latitude\": 50.781484, \"longitude\": 4.289118}", "id": "9654", "name": "{\"fr\": \"KAPEL RUISBROEK\", \"nl\": \"KAPEL RUISBROEK\"}"}, {"gpscoordinates": "{\"latitude\": 50.774008, \"longitude\": 4.281333}", "id": "9678", "name": "{\"fr\": \"BEKA\", \"nl\": \"BEKA\"}"}, {"gpscoordinates": "{\"latitude\": 50.779512, \"longitude\": 4.286327}", "id": "9679", "name": "{\"fr\": \"VOETBALCLUB\", \"nl\": \"VOETBALCLUB\"}"}, {"gpscoordinates": "{\"latitude\": 50.781303, \"longitude\": 4.288971}", "id": "9680", "name": "{\"fr\": \"KAPEL RUISBROEK\", \"nl\": \"KAPEL RUISBROEK\"}"}, {"gpscoordinates": "{\"latitude\": 50.790337, \"longitude\": 4.299527}", "id": "9683", "name": "{\"fr\": \"KERK RUISBROEK\", \"nl\": \"KERK RUISBROEK\"}"}, {"gpscoordinates": "{\"latitude\": 50.902953, \"longitude\": 4.427396}", "id": "9703", "name": "{\"fr\": \"KASTEEL BEAULIEU\", \"nl\": \"KASTEEL BEAULIEU\"}"}, {"gpscoordinates": "{\"latitude\": 50.907328, \"longitude\": 4.432775}", "id": "9726", "name": "{\"fr\": \"RAEDEMAEKERS\", \"nl\": \"RAEDEMAEKERS\"}"}, {"gpscoordinates": "{\"latitude\": 50.910192, \"longitude\": 4.43922}", "id": "9727", "name": "{\"fr\": \"PARKSTRAAT\", \"nl\": \"PARKSTRAAT\"}"}, {"gpscoordinates": "{\"latitude\": 50.911397, \"longitude\": 4.43972}", "id": "9728", "name": "{\"fr\": \"KONINGIN FABIOLA\", \"nl\": \"KONINGIN FABIOLA\"}"}, {"gpscoordinates": "{\"latitude\": 50.923537, \"longitude\": 4.430963}", "id": "9751", "name": "{\"fr\": \"VILVOORDE STATION\", \"nl\": \"VILVOORDE STATION\"}"}, {"gpscoordinates": "{\"latitude\": 50.912118, \"longitude\": 4.418122}", "id": "9755", "name": "{\"fr\": \"BICOQUE\", \"nl\": \"BICOQUE\"}"}, {"gpscoordinates": "{\"latitude\": 50.9121, \"longitude\": 4.418563}", "id": "9777", "name": "{\"fr\": \"BICOQUE\", \"nl\": \"BICOQUE\"}"}]}