{"total_count": 2550, "results": [{"gpscoordinates": "{\"latitude\": 50.818151, \"longitude\": 4.350715}", "id": "5021", "name": "{\"fr\": \"DARWIN\", \"nl\": \"DARWIN\"}"}, {"gpscoordinates": "{\"latitude\": 50.80664, \"longitude\": 4.343477}", "id": "5025", "name": "{\"fr\": \"BOETENDAEL\", \"nl\": \"BOETENDAEL\"}"}, {"gpscoordinates": "{\"latitude\": 50.795614, \"longitude\": 4.348908}", "id": "5027", "name": "{\"fr\": \"DIEWEG\", \"nl\": \"DIEWEG\"}"}, {"gpscoordinates": "{\"latitude\": 50.793665, \"longitude\": 4.366567}", "id": "5031F", "name": "{\"fr\": \"PLACE SAINT-JOB\", \"nl\": \"SINT-JOBPLEIN\"}"}, {"gpscoordinates": "{\"latitude\": 50.791094, \"longitude\": 4.368695}", "id": "5032G", "name": "{\"fr\": \"ALPHONSE XIII\", \"nl\": \"ALPHONSE XIII\"}"}, {"gpscoordinates": "{\"latitude\": 50.876145, \"longitude\": 4.410823}", "id": "5040", "name": "{\"fr\": \"DA VINCI\", \"nl\": \"DA VINCI\"}"}, {"gpscoordinates": "{\"latitude\": 50.876811, \"longitude\": 4.414724}", "id": "5044", "name": "{\"fr\": \"DA VINCI\", \"nl\": \"DA VINCI\"}"}, {"gpscoordinates": "{\"latitude\": 50.874913, \"longitude\": 4.412669}", "id": "5045", "name": "{\"fr\": \"DA VINCI\", \"nl\": \"DA VINCI\"}"}, {"gpscoordinates": "{\"latitude\": 50.803542, \"longitude\": 4.341571}", "id": "5058", "name": "{\"fr\": \"HEROS\", \"nl\": \"HELDEN\"}"}, {"gpscoordinates": "{\"latitude\": 50.816533, \"longitude\": 4.349794}", "id": "5062", "name": "{\"fr\": \"MOLIERE\", \"nl\": \"MOLIERE\"}"}, {"gpscoordinates": "{\"latitude\": 50.832778, \"longitude\": 4.35697}", "id": "5067", "name": "{\"fr\": \"STEPHANIE\", \"nl\": \"STEFANIA\"}"}, {"gpscoordinates": "{\"latitude\": 50.859349, \"longitude\": 4.344522}", "id": "5071", "name": "{\"fr\": \"SAINCTELETTE\", \"nl\": \"SAINCTELETTE\"}"}, {"gpscoordinates": "{\"latitude\": 50.860418, \"longitude\": 4.340473}", "id": "5072", "name": "{\"fr\": \"RIBAUCOURT\", \"nl\": \"RIBAUCOURT\"}"}, {"gpscoordinates": "{\"latitude\": 50.866198, \"longitude\": 4.33841}", "id": "5074", "name": "{\"fr\": \"VANDERSTICHELEN\", \"nl\": \"VANDERSTICHELEN\"}"}, {"gpscoordinates": "{\"latitude\": 50.867743, \"longitude\": 4.335639}", "id": "5076G", "name": "{\"fr\": \"BELGICA\", \"nl\": \"BELGICA\"}"}, {"gpscoordinates": "{\"latitude\": 50.8752, \"longitude\": 4.333587}", "id": "5078F", "name": "{\"fr\": \"WOESTE\", \"nl\": \"WOESTE\"}"}, {"gpscoordinates": "{\"latitude\": 50.884725, \"longitude\": 4.338981}", "id": "5082", "name": "{\"fr\": \"ERNEST SALU\", \"nl\": \"ERNEST SALU\"}"}, {"gpscoordinates": "{\"latitude\": 50.879789, \"longitude\": 4.33448}", "id": "5088F", "name": "{\"fr\": \"CIM. DE JETTE\", \"nl\": \"KERKH. VAN JETTE\"}"}, {"gpscoordinates": "{\"latitude\": 50.882239, \"longitude\": 4.33543}", "id": "5093F", "name": "{\"fr\": \"GUILL. DE GREEF\", \"nl\": \"GUILL. DE GREEF\"}"}, {"gpscoordinates": "{\"latitude\": 50.866952, \"longitude\": 4.281744}", "id": "5103", "name": "{\"fr\": \"HUNDERENVELD\", \"nl\": \"HUNDERENVELD\"}"}, {"gpscoordinates": "{\"latitude\": 50.865359, \"longitude\": 4.292486}", "id": "5105", "name": "{\"fr\": \"VEREMAN\", \"nl\": \"VEREMAN\"}"}, {"gpscoordinates": "{\"latitude\": 50.865323, \"longitude\": 4.292571}", "id": "5105F", "name": "{\"fr\": \"VEREMAN\", \"nl\": \"VEREMAN\"}"}, {"gpscoordinates": "{\"latitude\": 50.824125, \"longitude\": 4.330971}", "id": "5107B", "name": "{\"fr\": \"BERTHELOT\", \"nl\": \"BERTHELOT\"}"}, {"gpscoordinates": "{\"latitude\": 50.865427, \"longitude\": 4.318808}", "id": "5108", "name": "{\"fr\": \"BOSSAERT-BASILIQ.\", \"nl\": \"BOSSAERT-BASILIEK\"}"}, {"gpscoordinates": "{\"latitude\": 50.824332, \"longitude\": 4.33073}", "id": "5111B", "name": "{\"fr\": \"BERTHELOT\", \"nl\": \"BERTHELOT\"}"}, {"gpscoordinates": "{\"latitude\": 50.82436, \"longitude\": 4.335499}", "id": "5115", "name": "{\"fr\": \"ROCHEFORT\", \"nl\": \"ROCHEFORT\"}"}, {"gpscoordinates": "{\"latitude\": 50.824369, \"longitude\": 4.335499}", "id": "5115F", "name": "{\"fr\": \"ROCHEFORT\", \"nl\": \"ROCHEFORT\"}"}, {"gpscoordinates": "{\"latitude\": 50.82425, \"longitude\": 4.329964}", "id": "5116", "name": "{\"fr\": \"BERTHELOT\", \"nl\": \"BERTHELOT\"}"}, {"gpscoordinates": "{\"latitude\": 50.810537, \"longitude\": 4.317971}", "id": "5152", "name": "{\"fr\": \"SAINT-DENIS\", \"nl\": \"SINT-DENIJS\"}"}, {"gpscoordinates": "{\"latitude\": 50.865561, \"longitude\": 4.318406}", "id": "5166", "name": "{\"fr\": \"BOSSAERT-BASILIQ.\", \"nl\": \"BOSSAERT-BASILIEK\"}"}, {"gpscoordinates": "{\"latitude\": 50.81968, \"longitude\": 4.381652}", "id": "5200F", "name": "{\"fr\": \"ROFFIAEN\", \"nl\": \"ROFFIAEN\"}"}, {"gpscoordinates": "{\"latitude\": 50.816372, \"longitude\": 4.376301}", "id": "5208", "name": "{\"fr\": \"CAMBRE-ETOILE\", \"nl\": \"TER KAMEREN-STER\"}"}, {"gpscoordinates": "{\"latitude\": 50.811554, \"longitude\": 4.356734}", "id": "5213", "name": "{\"fr\": \"CAVELL\", \"nl\": \"CAVELL\"}"}, {"gpscoordinates": "{\"latitude\": 50.837131, \"longitude\": 4.435076}", "id": "5223F", "name": "{\"fr\": \"PARC DES SOURCES\", \"nl\": \"BRONNENPARK\"}"}, {"gpscoordinates": "{\"latitude\": 50.839505, \"longitude\": 4.435861}", "id": "5226F", "name": "{\"fr\": \"VOOT\", \"nl\": \"VOOT\"}"}, {"gpscoordinates": "{\"latitude\": 50.847523, \"longitude\": 4.436331}", "id": "5229F", "name": "{\"fr\": \"ROODEBEEK\", \"nl\": \"ROODEBEEK\"}"}, {"gpscoordinates": "{\"latitude\": 50.847593, \"longitude\": 4.4369}", "id": "5230F", "name": "{\"fr\": \"ROODEBEEK\", \"nl\": \"ROODEBEEK\"}"}, {"gpscoordinates": "{\"latitude\": 50.811455, \"longitude\": 4.363275}", "id": "5254", "name": "{\"fr\": \"GOSSART\", \"nl\": \"GOSSART\"}"}, {"gpscoordinates": "{\"latitude\": 50.811977, \"longitude\": 4.367858}", "id": "5255F", "name": "{\"fr\": \"LONGCHAMP\", \"nl\": \"LONGCHAMP\"}"}, {"gpscoordinates": "{\"latitude\": 50.81506, \"longitude\": 4.368552}", "id": "5256F", "name": "{\"fr\": \"BASCULE\", \"nl\": \"BASCULE\"}"}, {"gpscoordinates": "{\"latitude\": 50.824739, \"longitude\": 4.394029}", "id": "5265F", "name": "{\"fr\": \"VUB\", \"nl\": \"VUB\"}"}, {"gpscoordinates": "{\"latitude\": 50.816286, \"longitude\": 4.426179}", "id": "5269F", "name": "{\"fr\": \"AUDERGHEM-SHOP.\", \"nl\": \"OUDERGEM-SHOP.\"}"}, {"gpscoordinates": "{\"latitude\": 50.823988, \"longitude\": 4.431525}", "id": "5282F", "name": "{\"fr\": \"EMPAIN\", \"nl\": \"EMPAIN\"}"}, {"gpscoordinates": "{\"latitude\": 50.831884, \"longitude\": 4.432601}", "id": "5287", "name": "{\"fr\": \"MUSEE DU TRAM\", \"nl\": \"TRAMMUSEUM\"}"}, {"gpscoordinates": "{\"latitude\": 50.87886, \"longitude\": 4.409987}", "id": "5298", "name": "{\"fr\": \"BORDET STATION\", \"nl\": \"BORDET STATION\"}"}, {"gpscoordinates": "{\"latitude\": 50.878788, \"longitude\": 4.410101}", "id": "5299F", "name": "{\"fr\": \"BORDET STATION\", \"nl\": \"BORDET STATION\"}"}, {"gpscoordinates": "{\"latitude\": 50.871801, \"longitude\": 4.380544}", "id": "5303", "name": "{\"fr\": \"DEMOLDER\", \"nl\": \"DEMOLDER\"}"}, {"gpscoordinates": "{\"latitude\": 50.860428, \"longitude\": 4.393069}", "id": "5307H", "name": "{\"fr\": \"CHAZAL\", \"nl\": \"CHAZAL\"}"}, {"gpscoordinates": "{\"latitude\": 50.829295, \"longitude\": 4.402321}", "id": "5312", "name": "{\"fr\": \"PETILLON\", \"nl\": \"PETILLON\"}"}, {"gpscoordinates": "{\"latitude\": 50.829546, \"longitude\": 4.402804}", "id": "5352", "name": "{\"fr\": \"PETILLON\", \"nl\": \"PETILLON\"}"}, {"gpscoordinates": "{\"latitude\": 50.857047, \"longitude\": 4.397456}", "id": "5354H", "name": "{\"fr\": \"LEOPOLD III\", \"nl\": \"LEOPOLD III\"}"}, {"gpscoordinates": "{\"latitude\": 50.863513, \"longitude\": 4.385826}", "id": "5356", "name": "{\"fr\": \"HELIOTROPES\", \"nl\": \"HELIOTROPEN\"}"}, {"gpscoordinates": "{\"latitude\": 50.890647, \"longitude\": 4.330038}", "id": "5402", "name": "{\"fr\": \"STIENON\", \"nl\": \"STIENON\"}"}, {"gpscoordinates": "{\"latitude\": 50.828607, \"longitude\": 4.36228}", "id": "5406", "name": "{\"fr\": \"DEFACQZ\", \"nl\": \"DEFACQZ\"}"}, {"gpscoordinates": "{\"latitude\": 50.814061, \"longitude\": 4.384119}", "id": "5407F", "name": "{\"fr\": \"ULB\", \"nl\": \"ULB\"}"}, {"gpscoordinates": "{\"latitude\": 50.82298, \"longitude\": 4.368042}", "id": "5408", "name": "{\"fr\": \"VLEURGAT\", \"nl\": \"VLEURGAT\"}"}, {"gpscoordinates": "{\"latitude\": 50.802634, \"longitude\": 4.390584}", "id": "5415", "name": "{\"fr\": \"BRESIL\", \"nl\": \"BRAZILIE\"}"}, {"gpscoordinates": "{\"latitude\": 50.798194, \"longitude\": 4.418753}", "id": "5422", "name": "{\"fr\": \"WIENER\", \"nl\": \"WIENER\"}"}, {"gpscoordinates": "{\"latitude\": 50.801015, \"longitude\": 4.422699}", "id": "5423", "name": "{\"fr\": \"FAUCONNERIE\", \"nl\": \"VALKERIJ\"}"}, {"gpscoordinates": "{\"latitude\": 50.797123, \"longitude\": 4.394944}", "id": "5424", "name": "{\"fr\": \"HIPPOD. BOITSFORT\", \"nl\": \"RENBAAN BOSVOORDE\"}"}, {"gpscoordinates": "{\"latitude\": 50.811647, \"longitude\": 4.427621}", "id": "5427", "name": "{\"fr\": \"HERRMANN-DEBROUX\", \"nl\": \"HERRMANN-DEBROUX\"}"}, {"gpscoordinates": "{\"latitude\": 50.796555, \"longitude\": 4.400212}", "id": "5455", "name": "{\"fr\": \"COCCINELLES\", \"nl\": \"LIEVEHEERSB.\"}"}, {"gpscoordinates": "{\"latitude\": 50.802868, \"longitude\": 4.3904}", "id": "5459", "name": "{\"fr\": \"BRESIL\", \"nl\": \"BRAZILIE\"}"}, {"gpscoordinates": "{\"latitude\": 50.806653, \"longitude\": 4.387677}", "id": "5460F", "name": "{\"fr\": \"MARIE-JOSE\", \"nl\": \"MARIE-JOSE\"}"}, {"gpscoordinates": "{\"latitude\": 50.813657, \"longitude\": 4.384332}", "id": "5462F", "name": "{\"fr\": \"ULB\", \"nl\": \"ULB\"}"}, {"gpscoordinates": "{\"latitude\": 50.833183, \"longitude\": 4.357651}", "id": "5470", "name": "{\"fr\": \"STEPHANIE\", \"nl\": \"STEFANIA\"}"}, {"gpscoordinates": "{\"latitude\": 50.886216, \"longitude\": 4.333964}", "id": "5471", "name": "{\"fr\": \"HOPITAL BRUGMANN\", \"nl\": \"BRUGMANN-ZIEKENH.\"}"}, {"gpscoordinates": "{\"latitude\": 50.893839, \"longitude\": 4.331926}", "id": "5474", "name": "{\"fr\": \"STADE\", \"nl\": \"STADION\"}"}, {"gpscoordinates": "{\"latitude\": 50.836257, \"longitude\": 4.41523}", "id": "5502", "name": "{\"fr\": \"LEOPOLD II\", \"nl\": \"LEOPOLD II\"}"}, {"gpscoordinates": "{\"latitude\": 50.835002, \"longitude\": 4.428247}", "id": "5504", "name": "{\"fr\": \"CHIEN VERT\", \"nl\": \"GROENE HOND\"}"}, {"gpscoordinates": "{\"latitude\": 50.827135, \"longitude\": 4.444942}", "id": "5508", "name": "{\"fr\": \"MADOUX\", \"nl\": \"MADOUX\"}"}, {"gpscoordinates": "{\"latitude\": 50.838718, \"longitude\": 4.463999}", "id": "5512", "name": "{\"fr\": \"ESCRIME\", \"nl\": \"SCHERMKUNST\"}"}, {"gpscoordinates": "{\"latitude\": 50.846268, \"longitude\": 4.484802}", "id": "5517", "name": "{\"fr\": \"LOUIS MARCELIS\", \"nl\": \"LOUIS MARCELIS\"}"}, {"gpscoordinates": "{\"latitude\": 50.842114, \"longitude\": 4.502611}", "id": "5520F", "name": "{\"fr\": \"BAN-EIK\", \"nl\": \"BAN-EIK\"}"}, {"gpscoordinates": "{\"latitude\": 50.845869, \"longitude\": 4.479264}", "id": "5524", "name": "{\"fr\": \"BEL-AIR\", \"nl\": \"SCHONE LUCHT\"}"}, {"gpscoordinates": "{\"latitude\": 50.834894, \"longitude\": 4.456936}", "id": "5553", "name": "{\"fr\": \"AVIATION\", \"nl\": \"LUCHTVAART\"}"}, {"gpscoordinates": "{\"latitude\": 50.830978, \"longitude\": 4.451379}", "id": "5554", "name": "{\"fr\": \"RUE AU BOIS\", \"nl\": \"BOSSTRAAT\"}"}, {"gpscoordinates": "{\"latitude\": 50.827858, \"longitude\": 4.438684}", "id": "5556", "name": "{\"fr\": \"DE VILLALOBAR\", \"nl\": \"DE VILLALOBAR\"}"}, {"gpscoordinates": "{\"latitude\": 50.821865, \"longitude\": 4.447474}", "id": "5601", "name": "{\"fr\": \"TROIS COULEURS\", \"nl\": \"DRIE KLEUREN\"}"}, {"gpscoordinates": "{\"latitude\": 50.81981, \"longitude\": 4.467423}", "id": "5604", "name": "{\"fr\": \"TIR AUX PIGEONS\", \"nl\": \"DUIVENSCHIETING\"}"}, {"gpscoordinates": "{\"latitude\": 50.820449, \"longitude\": 4.476777}", "id": "5655", "name": "{\"fr\": \"QUATRE BRAS\", \"nl\": \"VIER ARMEN\"}"}, {"gpscoordinates": "{\"latitude\": 50.819863, \"longitude\": 4.467693}", "id": "5656", "name": "{\"fr\": \"TIR AUX PIGEONS\", \"nl\": \"DUIVENSCHIETING\"}"}, {"gpscoordinates": "{\"latitude\": 50.895098, \"longitude\": 4.357463}", "id": "5700G", "name": "{\"fr\": \"DE WAND\", \"nl\": \"DE WAND\"}"}, {"gpscoordinates": "{\"latitude\": 50.892871, \"longitude\": 4.363956}", "id": "5704F", "name": "{\"fr\": \"ARAUCARIA\", \"nl\": \"ARAUCARIA\"}"}, {"gpscoordinates": "{\"latitude\": 50.865348, \"longitude\": 4.362872}", "id": "5714", "name": "{\"fr\": \"THOMAS\", \"nl\": \"THOMAS\"}"}, {"gpscoordinates": "{\"latitude\": 50.798779, \"longitude\": 4.319388}", "id": "5722", "name": "{\"fr\": \"MERLO\", \"nl\": \"MERLO\"}"}, {"gpscoordinates": "{\"latitude\": 50.799112, \"longitude\": 4.319416}", "id": "5756", "name": "{\"fr\": \"MERLO\", \"nl\": \"MERLO\"}"}, {"gpscoordinates": "{\"latitude\": 50.827279, \"longitude\": 4.327477}", "id": "5757F", "name": "{\"fr\": \"ORBAN\", \"nl\": \"ORBAN\"}"}, {"gpscoordinates": "{\"latitude\": 50.878679, \"longitude\": 4.37712}", "id": "5760", "name": "{\"fr\": \"DOCKS BRUXSEL\", \"nl\": \"DOCKS BRUXSEL\"}"}, {"gpscoordinates": "{\"latitude\": 50.869555, \"longitude\": 4.371338}", "id": "5765F", "name": "{\"fr\": \"PAVILLON\", \"nl\": \"PAVILJOEN\"}"}, {"gpscoordinates": "{\"latitude\": 50.900459, \"longitude\": 4.348084}", "id": "5776", "name": "{\"fr\": \"ESPLANADE\", \"nl\": \"ESPLANADE\"}"}, {"gpscoordinates": "{\"latitude\": 50.895188, \"longitude\": 4.355108}", "id": "5779", "name": "{\"fr\": \"DE WAND\", \"nl\": \"DE WAND\"}"}, {"gpscoordinates": "{\"latitude\": 50.791986, \"longitude\": 4.332798}", "id": "5817", "name": "{\"fr\": \"UCCLE CALEVOET\", \"nl\": \"UKKEL KALEVOET\"}"}, {"gpscoordinates": "{\"latitude\": 50.791821, \"longitude\": 4.332703}", "id": "5817F", "name": "{\"fr\": \"UCCLE CALEVOET\", \"nl\": \"UKKEL KALEVOET\"}"}, {"gpscoordinates": "{\"latitude\": 50.788856, \"longitude\": 4.333542}", "id": "5825", "name": "{\"fr\": \"ENGELAND\", \"nl\": \"ENGELAND\"}"}, {"gpscoordinates": "{\"latitude\": 50.803019, \"longitude\": 4.336592}", "id": "5829F", "name": "{\"fr\": \"XAVIER DE BUE\", \"nl\": \"XAVIER DE BUE\"}"}, {"gpscoordinates": "{\"latitude\": 50.807235, \"longitude\": 4.336844}", "id": "5830F", "name": "{\"fr\": \"BENS\", \"nl\": \"BENS\"}"}, {"gpscoordinates": "{\"latitude\": 50.807469, \"longitude\": 4.336801}", "id": "5831F", "name": "{\"fr\": \"BENS\", \"nl\": \"BENS\"}"}, {"gpscoordinates": "{\"latitude\": 50.810714, \"longitude\": 4.337778}", "id": "5832F", "name": "{\"fr\": \"ROOSENDAEL\", \"nl\": \"ROOSENDAEL\"}"}, {"gpscoordinates": "{\"latitude\": 50.809636, \"longitude\": 4.337297}", "id": "5833F", "name": "{\"fr\": \"ROOSENDAEL\", \"nl\": \"ROOSENDAEL\"}"}]}