{"total_count": 2550, "results": [{"gpscoordinates": "{\"latitude\": 50.846111, \"longitude\": 4.383756}", "id": "2068", "name": "{\"fr\": \"AMBIORIX\", \"nl\": \"AMBIORIX\"}"}, {"gpscoordinates": "{\"latitude\": 50.858405, \"longitude\": 4.318501}", "id": "2072", "name": "{\"fr\": \"KARREVELD\", \"nl\": \"KARREVELD\"}"}, {"gpscoordinates": "{\"latitude\": 50.856927, \"longitude\": 4.325319}", "id": "2081", "name": "{\"fr\": \"OSSEGHEM\", \"nl\": \"OSSEGEM\"}"}, {"gpscoordinates": "{\"latitude\": 50.843679, \"longitude\": 4.383925}", "id": "2083", "name": "{\"fr\": \"SCHUMAN\", \"nl\": \"SCHUMAN\"}"}, {"gpscoordinates": "{\"latitude\": 50.80913, \"longitude\": 4.427589}", "id": "2086", "name": "{\"fr\": \"PARC SENY\", \"nl\": \"SENY-PARK\"}"}, {"gpscoordinates": "{\"latitude\": 50.866227, \"longitude\": 4.358283}", "id": "2089", "name": "{\"fr\": \"DESTOUVELLES\", \"nl\": \"DESTOUVELLES\"}"}, {"gpscoordinates": "{\"latitude\": 50.894753, \"longitude\": 4.391357}", "id": "2093", "name": "{\"fr\": \"CROIX DE GUERRE\", \"nl\": \"OORLOGSKRUISEN\"}"}, {"gpscoordinates": "{\"latitude\": 50.891237, \"longitude\": 4.3838}", "id": "2094", "name": "{\"fr\": \"VERGER\", \"nl\": \"BOOMGAARD\"}"}, {"gpscoordinates": "{\"latitude\": 50.867252, \"longitude\": 4.372886}", "id": "2097", "name": "{\"fr\": \"COLIGNON\", \"nl\": \"COLIGNON\"}"}, {"gpscoordinates": "{\"latitude\": 50.855967, \"longitude\": 4.383582}", "id": "2105", "name": "{\"fr\": \"BREMER\", \"nl\": \"BREMER\"}"}, {"gpscoordinates": "{\"latitude\": 50.795803, \"longitude\": 4.372407}", "id": "2109B", "name": "{\"fr\": \"VIVIER D'OIE\", \"nl\": \"DIESDELLE\"}"}, {"gpscoordinates": "{\"latitude\": 50.780305, \"longitude\": 4.349198}", "id": "2112", "name": "{\"fr\": \"PASTEUR\", \"nl\": \"PASTEUR\"}"}, {"gpscoordinates": "{\"latitude\": 50.811716, \"longitude\": 4.357429}", "id": "2123", "name": "{\"fr\": \"CAVELL\", \"nl\": \"CAVELL\"}"}, {"gpscoordinates": "{\"latitude\": 50.806358, \"longitude\": 4.357586}", "id": "2131", "name": "{\"fr\": \"LANGEVELD\", \"nl\": \"LANGEVELD\"}"}, {"gpscoordinates": "{\"latitude\": 50.792451, \"longitude\": 4.374226}", "id": "2137", "name": "{\"fr\": \"RACING\", \"nl\": \"RACING\"}"}, {"gpscoordinates": "{\"latitude\": 50.789637, \"longitude\": 4.374878}", "id": "2142", "name": "{\"fr\": \"FORT-JACO\", \"nl\": \"FORT-JACO\"}"}, {"gpscoordinates": "{\"latitude\": 50.786822, \"longitude\": 4.376323}", "id": "2143B", "name": "{\"fr\": \"RONCES\", \"nl\": \"BRAAMSTRUIKEN\"}"}, {"gpscoordinates": "{\"latitude\": 50.784311, \"longitude\": 4.37835}", "id": "2144", "name": "{\"fr\": \"VAN BEVER\", \"nl\": \"VAN BEVER\"}"}, {"gpscoordinates": "{\"latitude\": 50.781196, \"longitude\": 4.380889}", "id": "2145", "name": "{\"fr\": \"PRINCE D'ORANGE\", \"nl\": \"PRINS VAN ORANJE\"}"}, {"gpscoordinates": "{\"latitude\": 50.779147, \"longitude\": 4.36532}", "id": "2147B", "name": "{\"fr\": \"SAINTE-ALLIANCE\", \"nl\": \"HEILIG VERBOND\"}"}, {"gpscoordinates": "{\"latitude\": 50.788971, \"longitude\": 4.373792}", "id": "2148", "name": "{\"fr\": \"FORT-JACO\", \"nl\": \"FORT-JACO\"}"}, {"gpscoordinates": "{\"latitude\": 50.782373, \"longitude\": 4.35684}", "id": "2156", "name": "{\"fr\": \"GUI\", \"nl\": \"MARENTAK\"}"}, {"gpscoordinates": "{\"latitude\": 50.77804, \"longitude\": 4.354289}", "id": "2157", "name": "{\"fr\": \"VERREWINKEL\", \"nl\": \"VERREWINKEL\"}"}, {"gpscoordinates": "{\"latitude\": 50.870326, \"longitude\": 4.305265}", "id": "2158B", "name": "{\"fr\": \"PAMPOEL\", \"nl\": \"PAMPOEL\"}"}, {"gpscoordinates": "{\"latitude\": 50.872878, \"longitude\": 4.314714}", "id": "2162", "name": "{\"fr\": \"NEREUS\", \"nl\": \"NEREUS\"}"}, {"gpscoordinates": "{\"latitude\": 50.889412, \"longitude\": 4.322303}", "id": "2164", "name": "{\"fr\": \"BOULE ET BILL\", \"nl\": \"BOLLIE EN BILLIE\"}"}, {"gpscoordinates": "{\"latitude\": 50.794343, \"longitude\": 4.3343}", "id": "2165", "name": "{\"fr\": \"JEANNE HERREMAN\", \"nl\": \"JEANNE HERREMAN\"}"}, {"gpscoordinates": "{\"latitude\": 50.794092, \"longitude\": 4.334203}", "id": "2166", "name": "{\"fr\": \"JEANNE HERREMAN\", \"nl\": \"JEANNE HERREMAN\"}"}, {"gpscoordinates": "{\"latitude\": 50.876904, \"longitude\": 4.342176}", "id": "2171", "name": "{\"fr\": \"EMILE DELVA\", \"nl\": \"EMILE DELVA\"}"}, {"gpscoordinates": "{\"latitude\": 50.868582, \"longitude\": 4.389962}", "id": "2174", "name": "{\"fr\": \"TERDELT\", \"nl\": \"TERDELT\"}"}, {"gpscoordinates": "{\"latitude\": 50.83615, \"longitude\": 4.355323}", "id": "2177", "name": "{\"fr\": \"LOUISE\", \"nl\": \"LOUIZA\"}"}, {"gpscoordinates": "{\"latitude\": 50.836813, \"longitude\": 4.318029}", "id": "2218F", "name": "{\"fr\": \"CUREGHEM\", \"nl\": \"KUREGEM\"}"}, {"gpscoordinates": "{\"latitude\": 50.83564, \"longitude\": 4.311456}", "id": "2220F", "name": "{\"fr\": \"RESISTANCE\", \"nl\": \"VERZET\"}"}, {"gpscoordinates": "{\"latitude\": 50.869824, \"longitude\": 4.371196}", "id": "2239", "name": "{\"fr\": \"PAVILLON\", \"nl\": \"PAVILJOEN\"}"}, {"gpscoordinates": "{\"latitude\": 50.855501, \"longitude\": 4.395892}", "id": "2241G", "name": "{\"fr\": \"MEISER\", \"nl\": \"MEISER\"}"}, {"gpscoordinates": "{\"latitude\": 50.854421, \"longitude\": 4.398959}", "id": "2246F", "name": "{\"fr\": \"MEISER\", \"nl\": \"MEISER\"}"}, {"gpscoordinates": "{\"latitude\": 50.85533, \"longitude\": 4.39717}", "id": "2248", "name": "{\"fr\": \"MEISER\", \"nl\": \"MEISER\"}"}, {"gpscoordinates": "{\"latitude\": 50.832176, \"longitude\": 4.302036}", "id": "2254", "name": "{\"fr\": \"MEIR\", \"nl\": \"MEIR\"}"}, {"gpscoordinates": "{\"latitude\": 50.835721, \"longitude\": 4.312172}", "id": "2257G", "name": "{\"fr\": \"RESISTANCE\", \"nl\": \"VERZET\"}"}, {"gpscoordinates": "{\"latitude\": 50.837022, \"longitude\": 4.318582}", "id": "2259", "name": "{\"fr\": \"CUREGHEM\", \"nl\": \"KUREGEM\"}"}, {"gpscoordinates": "{\"latitude\": 50.837038, \"longitude\": 4.318582}", "id": "2259F", "name": "{\"fr\": \"CUREGHEM\", \"nl\": \"KUREGEM\"}"}, {"gpscoordinates": "{\"latitude\": 50.839207, \"longitude\": 4.323336}", "id": "2260F", "name": "{\"fr\": \"ALBERT I\", \"nl\": \"ALBERT I\"}"}, {"gpscoordinates": "{\"latitude\": 50.843431, \"longitude\": 4.354454}", "id": "2268", "name": "{\"fr\": \"BIBLIOTHEQUE\", \"nl\": \"BIBLIOTHEEK\"}"}, {"gpscoordinates": "{\"latitude\": 50.859189, \"longitude\": 4.354777}", "id": "2269", "name": "{\"fr\": \"NICOLAY\", \"nl\": \"NICOLAY\"}"}, {"gpscoordinates": "{\"latitude\": 50.84477, \"longitude\": 4.351983}", "id": "2278", "name": "{\"fr\": \"GRAND-PLACE\", \"nl\": \"GROTE MARKT\"}"}, {"gpscoordinates": "{\"latitude\": 50.836997, \"longitude\": 4.408119}", "id": "2283", "name": "{\"fr\": \"MONTGOMERY\", \"nl\": \"MONTGOMERY\"}"}, {"gpscoordinates": "{\"latitude\": 50.889968, \"longitude\": 4.414876}", "id": "2292B", "name": "{\"fr\": \"GARE DE HAREN-SUD\", \"nl\": \"STAT. HAREN-ZUID\"}"}, {"gpscoordinates": "{\"latitude\": 50.868313, \"longitude\": 4.353197}", "id": "2305", "name": "{\"fr\": \"ENTREPOT\", \"nl\": \"STAPELHUIS\"}"}, {"gpscoordinates": "{\"latitude\": 50.805452, \"longitude\": 4.32734}", "id": "2306", "name": "{\"fr\": \"DECROLY\", \"nl\": \"DECROLY\"}"}, {"gpscoordinates": "{\"latitude\": 50.833457, \"longitude\": 4.295192}", "id": "2319", "name": "{\"fr\": \"HOPITAL BRACOPS\", \"nl\": \"BRACOPS-ZIEKENH.\"}"}, {"gpscoordinates": "{\"latitude\": 50.872853, \"longitude\": 4.358097}", "id": "2326", "name": "{\"fr\": \"CLAESSENS\", \"nl\": \"CLAESSENS\"}"}, {"gpscoordinates": "{\"latitude\": 50.905654, \"longitude\": 4.390918}", "id": "2330", "name": "{\"fr\": \"SAO\", \"nl\": \"DOO\"}"}, {"gpscoordinates": "{\"latitude\": 50.827158, \"longitude\": 4.344041}", "id": "2331F", "name": "{\"fr\": \"BARRIERE\", \"nl\": \"BAREEL\"}"}, {"gpscoordinates": "{\"latitude\": 50.826762, \"longitude\": 4.343545}", "id": "2334B", "name": "{\"fr\": \"BARRIERE\", \"nl\": \"BAREEL\"}"}, {"gpscoordinates": "{\"latitude\": 50.826762, \"longitude\": 4.343545}", "id": "2334F", "name": "{\"fr\": \"BARRIERE\", \"nl\": \"BAREEL\"}"}, {"gpscoordinates": "{\"latitude\": 50.818916, \"longitude\": 4.378789}", "id": "2351F", "name": "{\"fr\": \"BUYL\", \"nl\": \"BUYL\"}"}, {"gpscoordinates": "{\"latitude\": 50.879536, \"longitude\": 4.375408}", "id": "2367", "name": "{\"fr\": \"DOCKS BRUXSEL\", \"nl\": \"DOCKS BRUXSEL\"}"}, {"gpscoordinates": "{\"latitude\": 50.86861, \"longitude\": 4.353112}", "id": "2370", "name": "{\"fr\": \"ENTREPOT\", \"nl\": \"STAPELHUIS\"}"}, {"gpscoordinates": "{\"latitude\": 50.835428, \"longitude\": 4.298979}", "id": "2373", "name": "{\"fr\": \"DE LINDE\", \"nl\": \"DE LINDE\"}"}, {"gpscoordinates": "{\"latitude\": 50.833718, \"longitude\": 4.295433}", "id": "2375", "name": "{\"fr\": \"HOPITAL BRACOPS\", \"nl\": \"BRACOPS-ZIEKENH.\"}"}, {"gpscoordinates": "{\"latitude\": 50.827635, \"longitude\": 4.366478}", "id": "2380F", "name": "{\"fr\": \"DAUTZENBERG\", \"nl\": \"DAUTZENBERG\"}"}, {"gpscoordinates": "{\"latitude\": 50.816172, \"longitude\": 4.29016}", "id": "2383", "name": "{\"fr\": \"CERIA\", \"nl\": \"COOVI\"}"}, {"gpscoordinates": "{\"latitude\": 50.816082, \"longitude\": 4.290149}", "id": "2384", "name": "{\"fr\": \"CERIA\", \"nl\": \"COOVI\"}"}, {"gpscoordinates": "{\"latitude\": 50.890678, \"longitude\": 4.32992}", "id": "2388", "name": "{\"fr\": \"STIENON\", \"nl\": \"STIENON\"}"}, {"gpscoordinates": "{\"latitude\": 50.817442, \"longitude\": 4.380672}", "id": "2397F", "name": "{\"fr\": \"BUYL\", \"nl\": \"BUYL\"}"}, {"gpscoordinates": "{\"latitude\": 50.830628, \"longitude\": 4.34421}", "id": "2402", "name": "{\"fr\": \"PARVIS ST-GILLES\", \"nl\": \"ST-GILLISVOORPL.\"}"}, {"gpscoordinates": "{\"latitude\": 50.825332, \"longitude\": 4.33862}", "id": "2404F", "name": "{\"fr\": \"COMBAZ\", \"nl\": \"COMBAZ\"}"}, {"gpscoordinates": "{\"latitude\": 50.844731, \"longitude\": 4.338892}", "id": "2405", "name": "{\"fr\": \"PTE D'ANDERLECHT\", \"nl\": \"ANDERLECHTSEPOORT\"}"}, {"gpscoordinates": "{\"latitude\": 50.821348, \"longitude\": 4.334025}", "id": "2407", "name": "{\"fr\": \"LAINE\", \"nl\": \"LAINE\"}"}, {"gpscoordinates": "{\"latitude\": 50.802945, \"longitude\": 4.330492}", "id": "2415", "name": "{\"fr\": \"AULNE\", \"nl\": \"ELZEBOOM\"}"}, {"gpscoordinates": "{\"latitude\": 50.800361, \"longitude\": 4.327532}", "id": "2416", "name": "{\"fr\": \"VICTOR ALLARD\", \"nl\": \"VICTOR ALLARD\"}"}, {"gpscoordinates": "{\"latitude\": 50.86909, \"longitude\": 4.316014}", "id": "2422", "name": "{\"fr\": \"DELHOVE\", \"nl\": \"DELHOVE\"}"}, {"gpscoordinates": "{\"latitude\": 50.869063, \"longitude\": 4.315725}", "id": "2423", "name": "{\"fr\": \"DELHOVE\", \"nl\": \"DELHOVE\"}"}, {"gpscoordinates": "{\"latitude\": 50.848221, \"longitude\": 4.472851}", "id": "2425", "name": "{\"fr\": \"KRAAINEM-SHOPPING\", \"nl\": \"KRAAINEM-SHOPPING\"}"}, {"gpscoordinates": "{\"latitude\": 50.853057, \"longitude\": 4.424597}", "id": "2430", "name": "{\"fr\": \"ANDROMEDE\", \"nl\": \"ANDROMEDA\"}"}, {"gpscoordinates": "{\"latitude\": 50.89072, \"longitude\": 4.330309}", "id": "2438", "name": "{\"fr\": \"STIENON\", \"nl\": \"STIENON\"}"}, {"gpscoordinates": "{\"latitude\": 50.889061, \"longitude\": 4.335045}", "id": "2439", "name": "{\"fr\": \"POLYCL. BRUGMANN\", \"nl\": \"POLIKL. BRUGMANN\"}"}, {"gpscoordinates": "{\"latitude\": 50.800733, \"longitude\": 4.32733}", "id": "2452", "name": "{\"fr\": \"VICTOR ALLARD\", \"nl\": \"VICTOR ALLARD\"}"}, {"gpscoordinates": "{\"latitude\": 50.825314, \"longitude\": 4.339089}", "id": "2463", "name": "{\"fr\": \"COMBAZ\", \"nl\": \"COMBAZ\"}"}, {"gpscoordinates": "{\"latitude\": 50.832571, \"longitude\": 4.344302}", "id": "2467", "name": "{\"fr\": \"PORTE DE HAL\", \"nl\": \"HALLEPOORT\"}"}, {"gpscoordinates": "{\"latitude\": 50.838385, \"longitude\": 4.284139}", "id": "2476", "name": "{\"fr\": \"WESTLAND SHOPPING\", \"nl\": \"WESTLAND SHOPPING\"}"}, {"gpscoordinates": "{\"latitude\": 50.871344, \"longitude\": 4.323532}", "id": "2506B", "name": "{\"fr\": \"MIROIR\", \"nl\": \"SPIEGEL\"}"}, {"gpscoordinates": "{\"latitude\": 50.869429, \"longitude\": 4.321787}", "id": "2507", "name": "{\"fr\": \"SIMPSON\", \"nl\": \"SIMPSON\"}"}, {"gpscoordinates": "{\"latitude\": 50.866902, \"longitude\": 4.320028}", "id": "2508", "name": "{\"fr\": \"RIETHUISEN\", \"nl\": \"RIETHUISEN\"}"}, {"gpscoordinates": "{\"latitude\": 50.864744, \"longitude\": 4.318411}", "id": "2509", "name": "{\"fr\": \"BOSSAERT-BASILIQ.\", \"nl\": \"BOSSAERT-BASILIEK\"}"}, {"gpscoordinates": "{\"latitude\": 50.854993, \"longitude\": 4.306065}", "id": "2513", "name": "{\"fr\": \"CANDRIES\", \"nl\": \"CANDRIES\"}"}, {"gpscoordinates": "{\"latitude\": 50.822306, \"longitude\": 4.322642}", "id": "2524", "name": "{\"fr\": \"CHARROI\", \"nl\": \"GERIJ\"}"}, {"gpscoordinates": "{\"latitude\": 50.836335, \"longitude\": 4.337833}", "id": "2531", "name": "{\"fr\": \"GARE DU MIDI\", \"nl\": \"ZUIDSTATION\"}"}, {"gpscoordinates": "{\"latitude\": 50.841454, \"longitude\": 4.303457}", "id": "2532", "name": "{\"fr\": \"JAKOB SMITS\", \"nl\": \"JAKOB SMITS\"}"}, {"gpscoordinates": "{\"latitude\": 50.834096, \"longitude\": 4.335818}", "id": "2539", "name": "{\"fr\": \"SUEDE\", \"nl\": \"ZWEDEN\"}"}, {"gpscoordinates": "{\"latitude\": 50.834069, \"longitude\": 4.33579}", "id": "2539F", "name": "{\"fr\": \"SUEDE\", \"nl\": \"ZWEDEN\"}"}, {"gpscoordinates": "{\"latitude\": 50.870759, \"longitude\": 4.361337}", "id": "2543F", "name": "{\"fr\": \"JULES DE TROOZ\", \"nl\": \"JULES DE TROOZ\"}"}, {"gpscoordinates": "{\"latitude\": 50.831389, \"longitude\": 4.332229}", "id": "2544", "name": "{\"fr\": \"AVENUE DU ROI\", \"nl\": \"KONINGSLAAN\"}"}, {"gpscoordinates": "{\"latitude\": 50.824159, \"longitude\": 4.325394}", "id": "2546", "name": "{\"fr\": \"WIELS\", \"nl\": \"WIELS\"}"}, {"gpscoordinates": "{\"latitude\": 50.822171, \"longitude\": 4.321734}", "id": "2551", "name": "{\"fr\": \"CHARROI\", \"nl\": \"GERIJ\"}"}, {"gpscoordinates": "{\"latitude\": 50.823497, \"longitude\": 4.316113}", "id": "2556", "name": "{\"fr\": \"ILE SAINTE-HELENE\", \"nl\": \"EILAND ST-HELENA\"}"}, {"gpscoordinates": "{\"latitude\": 50.847402, \"longitude\": 4.299103}", "id": "2564", "name": "{\"fr\": \"PRINCE DE LIEGE\", \"nl\": \"PRINS VAN LUIK\"}"}, {"gpscoordinates": "{\"latitude\": 50.855561, \"longitude\": 4.307349}", "id": "2566B", "name": "{\"fr\": \"CANDRIES\", \"nl\": \"CANDRIES\"}"}, {"gpscoordinates": "{\"latitude\": 50.864789, \"longitude\": 4.318851}", "id": "2570", "name": "{\"fr\": \"BOSSAERT-BASILIQ.\", \"nl\": \"BOSSAERT-BASILIEK\"}"}, {"gpscoordinates": "{\"latitude\": 50.845686, \"longitude\": 4.346176}", "id": "2578", "name": "{\"fr\": \"ANNEESSENS\", \"nl\": \"ANNEESSENS\"}"}]}