{"total_count": 2550, "results": [{"gpscoordinates": "{\"latitude\": 50.924533, \"longitude\": 4.431944}", "id": "9784B", "name": "{\"fr\": \"VILVOORDE STATION\", \"nl\": \"VILVOORDE STATION\"}"}, {"gpscoordinates": "{\"latitude\": 50.926173, \"longitude\": 4.426756}", "id": "9786", "name": "{\"fr\": \"HELDENPLEIN\", \"nl\": \"HELDENPLEIN\"}"}, {"gpscoordinates": "{\"latitude\": 50.856491, \"longitude\": 4.450316}", "id": "9876", "name": "{\"fr\": \"LENNEKE MARE\", \"nl\": \"LENNEKE MARE\"}"}, {"gpscoordinates": "{\"latitude\": 50.811985, \"longitude\": 4.353655}", "id": "9969F", "name": "{\"fr\": \"CHURCHILL\", \"nl\": \"CHURCHILL\"}"}, {"gpscoordinates": "{\"latitude\": 50.812075, \"longitude\": 4.35374}", "id": "9986F", "name": "{\"fr\": \"CHURCHILL\", \"nl\": \"CHURCHILL\"}"}, {"gpscoordinates": "{\"latitude\": 50.828814, \"longitude\": 4.317248}", "id": "26", "name": "{\"fr\": \"DEPOT PETITE ILE\", \"nl\": \"REMISE KLEIN EILAND\"}"}, {"gpscoordinates": "{\"latitude\": 50.848279, \"longitude\": 4.323813}", "id": "2", "name": "{\"fr\": \"DEPOT MOLENBEEK TRAM\", \"nl\": \"REMISE MOLENBEEK TRAM\"}"}, {"gpscoordinates": "{\"latitude\": 50.830699, \"longitude\": 4.333}", "id": "1", "name": "{\"fr\": \"DEPOT AVENUE DU ROI\", \"nl\": \"REMISE KONINGSLAAN\"}"}, {"gpscoordinates": "{\"latitude\": 50.816285, \"longitude\": 4.405107}", "id": "28", "name": "{\"fr\": \"DEPOT DELTA\", \"nl\": \"REMISE DELTA\"}"}, {"gpscoordinates": "{\"latitude\": 50.81637, \"longitude\": 4.262953}", "id": "17", "name": "{\"fr\": \"DEPOT ERASME METO\", \"nl\": \"STELPLAATS ERASMUS\"}"}, {"gpscoordinates": "{\"latitude\": 50.865231, \"longitude\": 4.373923}", "id": "6", "name": "{\"fr\": \"DEPOT SCHAERBEEK\", \"nl\": \"REMISE SCHAARBEEK\"}"}, {"gpscoordinates": "{\"latitude\": 50.895385, \"longitude\": 4.403336}", "id": "5961", "name": "{\"fr\": \"CERES\", \"nl\": \"CERES\"}"}, {"gpscoordinates": "{\"latitude\": 50.885437, \"longitude\": 4.39041}", "id": "5965", "name": "{\"fr\": \"MONNOYER\", \"nl\": \"MONNOYER\"}"}, {"gpscoordinates": "{\"latitude\": 50.842637, \"longitude\": 4.395658}", "id": "6024", "name": "{\"fr\": \"CHEVALERIE\", \"nl\": \"RIDDERSCHAP\"}"}, {"gpscoordinates": "{\"latitude\": 50.838807, \"longitude\": 4.33705}", "id": "6068", "name": "{\"fr\": \"BARA\", \"nl\": \"BARA\"}"}, {"gpscoordinates": "{\"latitude\": 50.852014, \"longitude\": 4.316947}", "id": "6070", "name": "{\"fr\": \"JOSEPH BAECK\", \"nl\": \"JOSEPH BAECK\"}"}, {"gpscoordinates": "{\"latitude\": 50.855826, \"longitude\": 4.316659}", "id": "6071", "name": "{\"fr\": \"MENNEKENS\", \"nl\": \"MENNEKENS\"}"}, {"gpscoordinates": "{\"latitude\": 50.875408, \"longitude\": 4.410155}", "id": "6081B", "name": "{\"fr\": \"FERNAND LEGER\", \"nl\": \"FERNAND LEGER\"}"}, {"gpscoordinates": "{\"latitude\": 50.83727, \"longitude\": 4.396066}", "id": "6117", "name": "{\"fr\": \"PLACE ST-PIERRE\", \"nl\": \"ST-PIETERSPLEIN\"}"}, {"gpscoordinates": "{\"latitude\": 50.868934, \"longitude\": 4.362772}", "id": "6179", "name": "{\"fr\": \"MASUI\", \"nl\": \"MASUI\"}"}, {"gpscoordinates": "{\"latitude\": 50.86079, \"longitude\": 4.371323}", "id": "6202", "name": "{\"fr\": \"ROBIANO\", \"nl\": \"ROBIANO\"}"}, {"gpscoordinates": "{\"latitude\": 50.818079, \"longitude\": 4.346047}", "id": "6209", "name": "{\"fr\": \"BERKENDAEL\", \"nl\": \"BERKENDAAL\"}"}, {"gpscoordinates": "{\"latitude\": 50.86639, \"longitude\": 4.375017}", "id": "6303B", "name": "{\"fr\": \"POGGE\", \"nl\": \"POGGE\"}"}, {"gpscoordinates": "{\"latitude\": 50.834884, \"longitude\": 4.429254}", "id": "1859", "name": "{\"fr\": \"CHIEN VERT\", \"nl\": \"GROENE HOND\"}"}, {"gpscoordinates": "{\"latitude\": 50.833549, \"longitude\": 4.420338}", "id": "1860", "name": "{\"fr\": \"JULES CESAR\", \"nl\": \"JULIUS CAESAR\"}"}, {"gpscoordinates": "{\"latitude\": 50.827977, \"longitude\": 4.418103}", "id": "1862", "name": "{\"fr\": \"CHANT D'OISEAU\", \"nl\": \"VOGELZANG\"}"}, {"gpscoordinates": "{\"latitude\": 50.82502, \"longitude\": 4.41529}", "id": "1863", "name": "{\"fr\": \"MOUETTES\", \"nl\": \"MEEUWEN\"}"}, {"gpscoordinates": "{\"latitude\": 50.826037, \"longitude\": 4.412736}", "id": "1864", "name": "{\"fr\": \"DREVE DE NIVELLES\", \"nl\": \"NIJVELSEDREEF\"}"}, {"gpscoordinates": "{\"latitude\": 50.82878, \"longitude\": 4.408268}", "id": "1865", "name": "{\"fr\": \"BARON DE CASTRO\", \"nl\": \"BARON DE CASTRO\"}"}, {"gpscoordinates": "{\"latitude\": 50.833027, \"longitude\": 4.375441}", "id": "1881", "name": "{\"fr\": \"BLYCKAERTS\", \"nl\": \"BLYCKAERTS\"}"}, {"gpscoordinates": "{\"latitude\": 50.877616, \"longitude\": 4.409348}", "id": "1893", "name": "{\"fr\": \"BORDET STATION\", \"nl\": \"BORDET STATION\"}"}, {"gpscoordinates": "{\"latitude\": 50.863234, \"longitude\": 4.356932}", "id": "1896", "name": "{\"fr\": \"GLIBERT\", \"nl\": \"GLIBERT\"}"}, {"gpscoordinates": "{\"latitude\": 50.86008, \"longitude\": 4.360273}", "id": "1900", "name": "{\"fr\": \"GARE DU NORD\", \"nl\": \"NOORDSTATION\"}"}, {"gpscoordinates": "{\"latitude\": 50.83294, \"longitude\": 4.374842}", "id": "1909", "name": "{\"fr\": \"BLYCKAERTS\", \"nl\": \"BLYCKAERTS\"}"}, {"gpscoordinates": "{\"latitude\": 50.823578, \"longitude\": 4.367622}", "id": "1912", "name": "{\"fr\": \"VLEURGAT\", \"nl\": \"VLEURGAT\"}"}, {"gpscoordinates": "{\"latitude\": 50.773299, \"longitude\": 4.335988}", "id": "1935", "name": "{\"fr\": \"BRAVES\", \"nl\": \"DAPPEREN\"}"}, {"gpscoordinates": "{\"latitude\": 50.774094, \"longitude\": 4.338942}", "id": "1936", "name": "{\"fr\": \"GARE DE LINKEBEEK\", \"nl\": \"STATION LINKEBEEK\"}"}, {"gpscoordinates": "{\"latitude\": 50.78698, \"longitude\": 4.330689}", "id": "1937", "name": "{\"fr\": \"BOURDON\", \"nl\": \"HORZEL\"}"}, {"gpscoordinates": "{\"latitude\": 50.77961, \"longitude\": 4.338295}", "id": "1938", "name": "{\"fr\": \"HOMBORCH\", \"nl\": \"HOMBORCH\"}"}, {"gpscoordinates": "{\"latitude\": 50.776292, \"longitude\": 4.33478}", "id": "1939", "name": "{\"fr\": \"VIEUX CHEMIN\", \"nl\": \"OUDE WEG\"}"}, {"gpscoordinates": "{\"latitude\": 50.901745, \"longitude\": 4.335624}", "id": "1945B", "name": "{\"fr\": \"BRUSSELS EXPO\", \"nl\": \"BRUSSELS EXPO\"}"}, {"gpscoordinates": "{\"latitude\": 50.901915, \"longitude\": 4.337825}", "id": "1952B", "name": "{\"fr\": \"BRUSSELS EXPO\", \"nl\": \"BRUSSELS EXPO\"}"}, {"gpscoordinates": "{\"latitude\": 50.776272, \"longitude\": 4.342435}", "id": "1953", "name": "{\"fr\": \"CABRIS\", \"nl\": \"GEITJES\"}"}, {"gpscoordinates": "{\"latitude\": 50.779087, \"longitude\": 4.332411}", "id": "1957B", "name": "{\"fr\": \"MOENSBERG GARE\", \"nl\": \"MOENSBERG STATION\"}"}, {"gpscoordinates": "{\"latitude\": 50.78894, \"longitude\": 4.334006}", "id": "1961B", "name": "{\"fr\": \"ENGELAND\", \"nl\": \"ENGELAND\"}"}, {"gpscoordinates": "{\"latitude\": 50.791224, \"longitude\": 4.332898}", "id": "1962F", "name": "{\"fr\": \"UCCLE CALEVOET\", \"nl\": \"UKKEL KALEVOET\"}"}, {"gpscoordinates": "{\"latitude\": 50.78733, \"longitude\": 4.330532}", "id": "1965", "name": "{\"fr\": \"BOURDON\", \"nl\": \"HORZEL\"}"}, {"gpscoordinates": "{\"latitude\": 50.804317, \"longitude\": 4.354863}", "id": "1968", "name": "{\"fr\": \"ZEECRABBE\", \"nl\": \"ZEECRABBE\"}"}, {"gpscoordinates": "{\"latitude\": 50.804084, \"longitude\": 4.358041}", "id": "1969", "name": "{\"fr\": \"HOUZEAU\", \"nl\": \"HOUZEAU\"}"}, {"gpscoordinates": "{\"latitude\": 50.811069, \"longitude\": 4.362608}", "id": "1973", "name": "{\"fr\": \"GOSSART\", \"nl\": \"GOSSART\"}"}, {"gpscoordinates": "{\"latitude\": 50.81604, \"longitude\": 4.367006}", "id": "1975", "name": "{\"fr\": \"BASCULE\", \"nl\": \"BASCULE\"}"}, {"gpscoordinates": "{\"latitude\": 50.821452, \"longitude\": 4.366581}", "id": "1976", "name": "{\"fr\": \"VAN EYCK\", \"nl\": \"VAN EYCK\"}"}, {"gpscoordinates": "{\"latitude\": 50.823501, \"longitude\": 4.367848}", "id": "1977", "name": "{\"fr\": \"VLEURGAT\", \"nl\": \"VLEURGAT\"}"}, {"gpscoordinates": "{\"latitude\": 50.833192, \"longitude\": 4.374799}", "id": "1981", "name": "{\"fr\": \"BLYCKAERTS\", \"nl\": \"BLYCKAERTS\"}"}, {"gpscoordinates": "{\"latitude\": 50.800674, \"longitude\": 4.337416}", "id": "1984B", "name": "{\"fr\": \"GLOBE\", \"nl\": \"GLOBE\"}"}, {"gpscoordinates": "{\"latitude\": 50.800687, \"longitude\": 4.337586}", "id": "1985G", "name": "{\"fr\": \"GLOBE\", \"nl\": \"GLOBE\"}"}, {"gpscoordinates": "{\"latitude\": 50.825848, \"longitude\": 4.369774}", "id": "1986", "name": "{\"fr\": \"BIARRITZ\", \"nl\": \"BIARRITZ\"}"}, {"gpscoordinates": "{\"latitude\": 50.905632, \"longitude\": 4.402999}", "id": "1991", "name": "{\"fr\": \"ANTOON VAN OSS\", \"nl\": \"ANTOON VAN OSS\"}"}, {"gpscoordinates": "{\"latitude\": 50.905522, \"longitude\": 4.403494}", "id": "1992", "name": "{\"fr\": \"ANTOON VAN OSS\", \"nl\": \"ANTOON VAN OSS\"}"}, {"gpscoordinates": "{\"latitude\": 50.818551, \"longitude\": 4.427289}", "id": "2009", "name": "{\"fr\": \"ROND-PT SOUVERAIN\", \"nl\": \"VORSTRONDPUNT\"}"}, {"gpscoordinates": "{\"latitude\": 50.793389, \"longitude\": 4.366686}", "id": "2010", "name": "{\"fr\": \"PLACE SAINT-JOB\", \"nl\": \"SINT-JOBPLEIN\"}"}, {"gpscoordinates": "{\"latitude\": 50.808321, \"longitude\": 4.427177}", "id": "2014", "name": "{\"fr\": \"PARC SENY\", \"nl\": \"SENY-PARK\"}"}, {"gpscoordinates": "{\"latitude\": 50.862491, \"longitude\": 4.457457}", "id": "2017", "name": "{\"fr\": \"SAINT-ANTOINE\", \"nl\": \"SINT-ANTONIUS\"}"}, {"gpscoordinates": "{\"latitude\": 50.860156, \"longitude\": 4.454896}", "id": "2025", "name": "{\"fr\": \"ANNECY\", \"nl\": \"ANNECY\"}"}, {"gpscoordinates": "{\"latitude\": 50.852563, \"longitude\": 4.455372}", "id": "2027", "name": "{\"fr\": \"DUNETTE\", \"nl\": \"DUNETTE\"}"}, {"gpscoordinates": "{\"latitude\": 50.853935, \"longitude\": 4.44343}", "id": "2028", "name": "{\"fr\": \"THIRY-WOLUWE\", \"nl\": \"THIRY-WOLUWE\"}"}, {"gpscoordinates": "{\"latitude\": 50.864124, \"longitude\": 4.456697}", "id": "2029", "name": "{\"fr\": \"THUMAS\", \"nl\": \"THUMAS\"}"}, {"gpscoordinates": "{\"latitude\": 50.85031, \"longitude\": 4.457931}", "id": "2039", "name": "{\"fr\": \"MOUNIER\", \"nl\": \"MOUNIER\"}"}, {"gpscoordinates": "{\"latitude\": 50.812357, \"longitude\": 4.429112}", "id": "2046", "name": "{\"fr\": \"HERRMANN-DEBROUX\", \"nl\": \"HERRMANN-DEBROUX\"}"}, {"gpscoordinates": "{\"latitude\": 50.859427, \"longitude\": 4.379125}", "id": "2051", "name": "{\"fr\": \"COTEAUX\", \"nl\": \"WIJNHEUVELEN\"}"}, {"gpscoordinates": "{\"latitude\": 50.818479, \"longitude\": 4.427715}", "id": "2058", "name": "{\"fr\": \"ROND-PT SOUVERAIN\", \"nl\": \"VORSTRONDPUNT\"}"}, {"gpscoordinates": "{\"latitude\": 50.801644, \"longitude\": 4.39691}", "id": "2074", "name": "{\"fr\": \"FUTAIE\", \"nl\": \"FUTAIE\"}"}, {"gpscoordinates": "{\"latitude\": 50.804133, \"longitude\": 4.40026}", "id": "2076", "name": "{\"fr\": \"DRIES\", \"nl\": \"DRIES\"}"}, {"gpscoordinates": "{\"latitude\": 50.805085, \"longitude\": 4.426719}", "id": "2077", "name": "{\"fr\": \"TENREUKEN\", \"nl\": \"TENREUKEN\"}"}, {"gpscoordinates": "{\"latitude\": 50.863047, \"longitude\": 4.457565}", "id": "2078", "name": "{\"fr\": \"SAINT-ANTOINE\", \"nl\": \"SINT-ANTONIUS\"}"}, {"gpscoordinates": "{\"latitude\": 50.809788, \"longitude\": 4.399271}", "id": "2079", "name": "{\"fr\": \"WATERMAEL GARE\", \"nl\": \"WATERMAAL STATION\"}"}, {"gpscoordinates": "{\"latitude\": 50.809661, \"longitude\": 4.399387}", "id": "2080", "name": "{\"fr\": \"WATERMAEL GARE\", \"nl\": \"WATERMAAL STATION\"}"}, {"gpscoordinates": "{\"latitude\": 50.85284, \"longitude\": 4.452738}", "id": "2084", "name": "{\"fr\": \"UCL SAINT-LUC\", \"nl\": \"UCL SAINT-LUC\"}"}, {"gpscoordinates": "{\"latitude\": 50.894611, \"longitude\": 4.390838}", "id": "2092", "name": "{\"fr\": \"CROIX DE GUERRE\", \"nl\": \"OORLOGSKRUISEN\"}"}, {"gpscoordinates": "{\"latitude\": 50.891445, \"longitude\": 4.384563}", "id": "2095", "name": "{\"fr\": \"VERGER\", \"nl\": \"BOOMGAARD\"}"}, {"gpscoordinates": "{\"latitude\": 50.866692, \"longitude\": 4.373226}", "id": "2098", "name": "{\"fr\": \"COLIGNON\", \"nl\": \"COLIGNON\"}"}, {"gpscoordinates": "{\"latitude\": 50.867265, \"longitude\": 4.380029}", "id": "2101", "name": "{\"fr\": \"VOLTAIRE\", \"nl\": \"VOLTAIRE\"}"}, {"gpscoordinates": "{\"latitude\": 50.85564, \"longitude\": 4.384072}", "id": "2106", "name": "{\"fr\": \"BREMER\", \"nl\": \"BREMER\"}"}, {"gpscoordinates": "{\"latitude\": 50.794537, \"longitude\": 4.366113}", "id": "2108", "name": "{\"fr\": \"PLACE SAINT-JOB\", \"nl\": \"SINT-JOBPLEIN\"}"}, {"gpscoordinates": "{\"latitude\": 50.806255, \"longitude\": 4.400659}", "id": "2115", "name": "{\"fr\": \"BIEN-FAIRE\", \"nl\": \"BIEN-FAIRE\"}"}, {"gpscoordinates": "{\"latitude\": 50.779228, \"longitude\": 4.364342}", "id": "2116B", "name": "{\"fr\": \"SAINTE-ALLIANCE\", \"nl\": \"HEILIG VERBOND\"}"}, {"gpscoordinates": "{\"latitude\": 50.780738, \"longitude\": 4.380476}", "id": "2118B", "name": "{\"fr\": \"PRINCE D'ORANGE\", \"nl\": \"PRINS VAN ORANJE\"}"}, {"gpscoordinates": "{\"latitude\": 50.787661, \"longitude\": 4.375822}", "id": "2120", "name": "{\"fr\": \"RONCES\", \"nl\": \"BRAAMSTRUIKEN\"}"}, {"gpscoordinates": "{\"latitude\": 50.817163, \"longitude\": 4.354632}", "id": "2122", "name": "{\"fr\": \"GEORGES BRUGMANN\", \"nl\": \"GEORGES BRUGMANN\"}"}, {"gpscoordinates": "{\"latitude\": 50.808086, \"longitude\": 4.357071}", "id": "2124", "name": "{\"fr\": \"BRUNARD\", \"nl\": \"BRUNARD\"}"}, {"gpscoordinates": "{\"latitude\": 50.807958, \"longitude\": 4.357175}", "id": "2132", "name": "{\"fr\": \"BRUNARD\", \"nl\": \"BRUNARD\"}"}, {"gpscoordinates": "{\"latitude\": 50.811185, \"longitude\": 4.357628}", "id": "2133", "name": "{\"fr\": \"CAVELL\", \"nl\": \"CAVELL\"}"}, {"gpscoordinates": "{\"latitude\": 50.794875, \"longitude\": 4.373693}", "id": "2138B", "name": "{\"fr\": \"VIVIER D'OIE\", \"nl\": \"DIESDELLE\"}"}, {"gpscoordinates": "{\"latitude\": 50.778634, \"longitude\": 4.373884}", "id": "2146", "name": "{\"fr\": \"NAPOLEON\", \"nl\": \"NAPOLEON\"}"}, {"gpscoordinates": "{\"latitude\": 50.870839, \"longitude\": 4.304048}", "id": "2159B", "name": "{\"fr\": \"PAMPOEL\", \"nl\": \"PAMPOEL\"}"}, {"gpscoordinates": "{\"latitude\": 50.780341, \"longitude\": 4.349113}", "id": "2161", "name": "{\"fr\": \"PASTEUR\", \"nl\": \"PASTEUR\"}"}, {"gpscoordinates": "{\"latitude\": 50.779458, \"longitude\": 4.338791}", "id": "2168", "name": "{\"fr\": \"HOMBORCH\", \"nl\": \"HOMBORCH\"}"}, {"gpscoordinates": "{\"latitude\": 50.868579, \"longitude\": 4.389682}", "id": "2173", "name": "{\"fr\": \"TERDELT\", \"nl\": \"TERDELT\"}"}, {"gpscoordinates": "{\"latitude\": 50.858919, \"longitude\": 4.354478}", "id": "2209", "name": "{\"fr\": \"NICOLAY\", \"nl\": \"NICOLAY\"}"}, {"gpscoordinates": "{\"latitude\": 50.841816, \"longitude\": 4.329864}", "id": "2216", "name": "{\"fr\": \"CLEMENCEAU\", \"nl\": \"CLEMENCEAU\"}"}]}