{"total_count": 2550, "results": [{"gpscoordinates": "{\"latitude\": 50.866116, \"longitude\": 4.453828}", "id": "2015", "name": "{\"fr\": \"VIADUC E40\", \"nl\": \"VIADUCT E40\"}"}, {"gpscoordinates": "{\"latitude\": 50.801473, \"longitude\": 4.396939}", "id": "2018", "name": "{\"fr\": \"FUTAIE\", \"nl\": \"FUTAIE\"}"}, {"gpscoordinates": "{\"latitude\": 50.854805, \"longitude\": 4.445186}", "id": "2022", "name": "{\"fr\": \"THIRY-WOLUWE\", \"nl\": \"THIRY-WOLUWE\"}"}, {"gpscoordinates": "{\"latitude\": 50.850663, \"longitude\": 4.454183}", "id": "2038", "name": "{\"fr\": \"AUDITOIRES-UCL\", \"nl\": \"AUDITOIRES-UCL\"}"}, {"gpscoordinates": "{\"latitude\": 50.85069, \"longitude\": 4.454112}", "id": "2042", "name": "{\"fr\": \"AUDITOIRES-UCL\", \"nl\": \"AUDITOIRES-UCL\"}"}, {"gpscoordinates": "{\"latitude\": 50.851276, \"longitude\": 4.451528}", "id": "2043", "name": "{\"fr\": \"CLINIQUES-UCL\", \"nl\": \"CLINIQUES-UCL\"}"}, {"gpscoordinates": "{\"latitude\": 50.859755, \"longitude\": 4.378841}", "id": "2067", "name": "{\"fr\": \"COTEAUX\", \"nl\": \"WIJNHEUVELEN\"}"}, {"gpscoordinates": "{\"latitude\": 50.85284, \"longitude\": 4.452738}", "id": "2069", "name": "{\"fr\": \"UCL SAINT-LUC\", \"nl\": \"UCL SAINT-LUC\"}"}, {"gpscoordinates": "{\"latitude\": 50.85312, \"longitude\": 4.353578}", "id": "2070", "name": "{\"fr\": \"DE BROUCKERE\", \"nl\": \"DE BROUCKERE\"}"}, {"gpscoordinates": "{\"latitude\": 50.86003, \"longitude\": 4.454825}", "id": "2071", "name": "{\"fr\": \"ANNECY\", \"nl\": \"ANNECY\"}"}, {"gpscoordinates": "{\"latitude\": 50.857615, \"longitude\": 4.31955}", "id": "2073", "name": "{\"fr\": \"KARREVELD\", \"nl\": \"KARREVELD\"}"}, {"gpscoordinates": "{\"latitude\": 50.857009, \"longitude\": 4.32534}", "id": "2082", "name": "{\"fr\": \"OSSEGHEM\", \"nl\": \"OSSEGEM\"}"}, {"gpscoordinates": "{\"latitude\": 50.852563, \"longitude\": 4.455371}", "id": "2085", "name": "{\"fr\": \"DUNETTE\", \"nl\": \"DUNETTE\"}"}, {"gpscoordinates": "{\"latitude\": 50.864784, \"longitude\": 4.456694}", "id": "2087", "name": "{\"fr\": \"THUMAS\", \"nl\": \"THUMAS\"}"}, {"gpscoordinates": "{\"latitude\": 50.866428, \"longitude\": 4.35856}", "id": "2088", "name": "{\"fr\": \"DESTOUVELLES\", \"nl\": \"DESTOUVELLES\"}"}, {"gpscoordinates": "{\"latitude\": 50.879227, \"longitude\": 4.375066}", "id": "2096", "name": "{\"fr\": \"DOCKS BRUXSEL\", \"nl\": \"DOCKS BRUXSEL\"}"}, {"gpscoordinates": "{\"latitude\": 50.782011, \"longitude\": 4.341228}", "id": "2099", "name": "{\"fr\": \"GAZELLE\", \"nl\": \"GAZELLE\"}"}, {"gpscoordinates": "{\"latitude\": 50.867061, \"longitude\": 4.379705}", "id": "2100", "name": "{\"fr\": \"VOLTAIRE\", \"nl\": \"VOLTAIRE\"}"}, {"gpscoordinates": "{\"latitude\": 50.864943, \"longitude\": 4.380714}", "id": "2102", "name": "{\"fr\": \"CROSSING\", \"nl\": \"CROSSING\"}"}, {"gpscoordinates": "{\"latitude\": 50.778337, \"longitude\": 4.354473}", "id": "2103", "name": "{\"fr\": \"VERREWINKEL\", \"nl\": \"VERREWINKEL\"}"}, {"gpscoordinates": "{\"latitude\": 50.782621, \"longitude\": 4.35701}", "id": "2104", "name": "{\"fr\": \"GUI\", \"nl\": \"MARENTAK\"}"}, {"gpscoordinates": "{\"latitude\": 50.806201, \"longitude\": 4.400573}", "id": "2107", "name": "{\"fr\": \"BIEN-FAIRE\", \"nl\": \"BIEN-FAIRE\"}"}, {"gpscoordinates": "{\"latitude\": 50.779259, \"longitude\": 4.376415}", "id": "2117B", "name": "{\"fr\": \"NAPOLEON\", \"nl\": \"NAPOLEON\"}"}, {"gpscoordinates": "{\"latitude\": 50.783459, \"longitude\": 4.379204}", "id": "2119", "name": "{\"fr\": \"VAN BEVER\", \"nl\": \"VAN BEVER\"}"}, {"gpscoordinates": "{\"latitude\": 50.806502, \"longitude\": 4.357331}", "id": "2125", "name": "{\"fr\": \"LANGEVELD\", \"nl\": \"LANGEVELD\"}"}, {"gpscoordinates": "{\"latitude\": 50.816833, \"longitude\": 4.354964}", "id": "2134", "name": "{\"fr\": \"GEORGES BRUGMANN\", \"nl\": \"GEORGES BRUGMANN\"}"}, {"gpscoordinates": "{\"latitude\": 50.789323, \"longitude\": 4.37502}", "id": "2136", "name": "{\"fr\": \"FORT-JACO\", \"nl\": \"FORT-JACO\"}"}, {"gpscoordinates": "{\"latitude\": 50.792721, \"longitude\": 4.374056}", "id": "2140", "name": "{\"fr\": \"RACING\", \"nl\": \"RACING\"}"}, {"gpscoordinates": "{\"latitude\": 50.78962, \"longitude\": 4.372651}", "id": "2150", "name": "{\"fr\": \"FORT-JACO\", \"nl\": \"FORT-JACO\"}"}, {"gpscoordinates": "{\"latitude\": 50.789619, \"longitude\": 4.359547}", "id": "2153", "name": "{\"fr\": \"DIRECTOIRE\", \"nl\": \"DIRECTOIRE\"}"}, {"gpscoordinates": "{\"latitude\": 50.872959, \"longitude\": 4.315007}", "id": "2160", "name": "{\"fr\": \"NEREUS\", \"nl\": \"NEREUS\"}"}, {"gpscoordinates": "{\"latitude\": 50.889448, \"longitude\": 4.322644}", "id": "2163", "name": "{\"fr\": \"BOULE ET BILL\", \"nl\": \"BOLLIE EN BILLIE\"}"}, {"gpscoordinates": "{\"latitude\": 50.794352, \"longitude\": 4.334285}", "id": "2165F", "name": "{\"fr\": \"JEANNE HERREMAN\", \"nl\": \"JEANNE HERREMAN\"}"}, {"gpscoordinates": "{\"latitude\": 50.794092, \"longitude\": 4.334203}", "id": "2166F", "name": "{\"fr\": \"JEANNE HERREMAN\", \"nl\": \"JEANNE HERREMAN\"}"}, {"gpscoordinates": "{\"latitude\": 50.782155, \"longitude\": 4.341157}", "id": "2167", "name": "{\"fr\": \"GAZELLE\", \"nl\": \"GAZELLE\"}"}, {"gpscoordinates": "{\"latitude\": 50.876959, \"longitude\": 4.342083}", "id": "2170", "name": "{\"fr\": \"EMILE DELVA\", \"nl\": \"EMILE DELVA\"}"}, {"gpscoordinates": "{\"latitude\": 50.872416, \"longitude\": 4.297737}", "id": "2176", "name": "{\"fr\": \"BASILIX\", \"nl\": \"BASILIX\"}"}, {"gpscoordinates": "{\"latitude\": 50.874909, \"longitude\": 4.363098}", "id": "2200F", "name": "{\"fr\": \"MABRU\", \"nl\": \"MABRU\"}"}, {"gpscoordinates": "{\"latitude\": 50.864233, \"longitude\": 4.357417}", "id": "2207", "name": "{\"fr\": \"GLIBERT\", \"nl\": \"GLIBERT\"}"}, {"gpscoordinates": "{\"latitude\": 50.848383, \"longitude\": 4.3467}", "id": "2212", "name": "{\"fr\": \"BOURSE\", \"nl\": \"BEURS\"}"}, {"gpscoordinates": "{\"latitude\": 50.843561, \"longitude\": 4.33398}", "id": "2215", "name": "{\"fr\": \"LIVERPOOL\", \"nl\": \"LIVERPOOL\"}"}, {"gpscoordinates": "{\"latitude\": 50.836822, \"longitude\": 4.318057}", "id": "2218", "name": "{\"fr\": \"CUREGHEM\", \"nl\": \"KUREGEM\"}"}, {"gpscoordinates": "{\"latitude\": 50.849859, \"longitude\": 4.360204}", "id": "2221", "name": "{\"fr\": \"DE BERLAIMONT\", \"nl\": \"DE BERLAIMONT\"}"}, {"gpscoordinates": "{\"latitude\": 50.828805, \"longitude\": 4.303346}", "id": "2225", "name": "{\"fr\": \"ARISTIDE BRIAND\", \"nl\": \"ARISTIDE BRIAND\"}"}, {"gpscoordinates": "{\"latitude\": 50.826586, \"longitude\": 4.304877}", "id": "2226", "name": "{\"fr\": \"VAN KALKEN\", \"nl\": \"VAN KALKEN\"}"}, {"gpscoordinates": "{\"latitude\": 50.869537, \"longitude\": 4.367204}", "id": "2238", "name": "{\"fr\": \"STEPHENSON\", \"nl\": \"STEPHENSON\"}"}, {"gpscoordinates": "{\"latitude\": 50.854907, \"longitude\": 4.398704}", "id": "2243F", "name": "{\"fr\": \"MEISER\", \"nl\": \"MEISER\"}"}, {"gpscoordinates": "{\"latitude\": 50.853976, \"longitude\": 4.397888}", "id": "2247", "name": "{\"fr\": \"MEISER\", \"nl\": \"MEISER\"}"}, {"gpscoordinates": "{\"latitude\": 50.828949, \"longitude\": 4.302693}", "id": "2252", "name": "{\"fr\": \"ARISTIDE BRIAND\", \"nl\": \"ARISTIDE BRIAND\"}"}, {"gpscoordinates": "{\"latitude\": 50.839207, \"longitude\": 4.323321}", "id": "2260", "name": "{\"fr\": \"ALBERT I\", \"nl\": \"ALBERT I\"}"}, {"gpscoordinates": "{\"latitude\": 50.843741, \"longitude\": 4.335201}", "id": "2262", "name": "{\"fr\": \"LIVERPOOL\", \"nl\": \"LIVERPOOL\"}"}, {"gpscoordinates": "{\"latitude\": 50.846737, \"longitude\": 4.343922}", "id": "2264", "name": "{\"fr\": \"BUANDERIE\", \"nl\": \"WASHUIS\"}"}, {"gpscoordinates": "{\"latitude\": 50.837869, \"longitude\": 4.407055}", "id": "2289", "name": "{\"fr\": \"MONTGOMERY\", \"nl\": \"MONTGOMERY\"}"}, {"gpscoordinates": "{\"latitude\": 50.821817, \"longitude\": 4.40557}", "id": "2290B", "name": "{\"fr\": \"HANKAR\", \"nl\": \"HANKAR\"}"}, {"gpscoordinates": "{\"latitude\": 50.8896, \"longitude\": 4.416634}", "id": "2294B", "name": "{\"fr\": \"GARE DE HAREN-SUD\", \"nl\": \"STAT. HAREN-ZUID\"}"}, {"gpscoordinates": "{\"latitude\": 50.848168, \"longitude\": 4.356484}", "id": "2296", "name": "{\"fr\": \"ARENBERG\", \"nl\": \"ARENBERG\"}"}, {"gpscoordinates": "{\"latitude\": 50.849265, \"longitude\": 4.356881}", "id": "2301", "name": "{\"fr\": \"ARENBERG\", \"nl\": \"ARENBERG\"}"}, {"gpscoordinates": "{\"latitude\": 50.895756, \"longitude\": 4.394267}", "id": "2314", "name": "{\"fr\": \"RAMIER\", \"nl\": \"BOSDUIF\"}"}, {"gpscoordinates": "{\"latitude\": 50.87633, \"longitude\": 4.36452}", "id": "2318G", "name": "{\"fr\": \"MABRU\", \"nl\": \"MABRU\"}"}, {"gpscoordinates": "{\"latitude\": 50.83303, \"longitude\": 4.302815}", "id": "2323", "name": "{\"fr\": \"MEIR\", \"nl\": \"MEIR\"}"}, {"gpscoordinates": "{\"latitude\": 50.873033, \"longitude\": 4.358268}", "id": "2325", "name": "{\"fr\": \"CLAESSENS\", \"nl\": \"CLAESSENS\"}"}, {"gpscoordinates": "{\"latitude\": 50.905591, \"longitude\": 4.391614}", "id": "2329", "name": "{\"fr\": \"SAO\", \"nl\": \"DOO\"}"}, {"gpscoordinates": "{\"latitude\": 50.826834, \"longitude\": 4.344013}", "id": "2333", "name": "{\"fr\": \"BARRIERE\", \"nl\": \"BAREEL\"}"}, {"gpscoordinates": "{\"latitude\": 50.826834, \"longitude\": 4.344013}", "id": "2333F", "name": "{\"fr\": \"BARRIERE\", \"nl\": \"BAREEL\"}"}, {"gpscoordinates": "{\"latitude\": 50.866066, \"longitude\": 4.384904}", "id": "2345", "name": "{\"fr\": \"LOUIS BERTRAND\", \"nl\": \"LOUIS BERTRAND\"}"}, {"gpscoordinates": "{\"latitude\": 50.867468, \"longitude\": 4.386353}", "id": "2346", "name": "{\"fr\": \"LATINIS\", \"nl\": \"LATINIS\"}"}, {"gpscoordinates": "{\"latitude\": 50.803139, \"longitude\": 4.342194}", "id": "2355", "name": "{\"fr\": \"HEROS\", \"nl\": \"HELDEN\"}"}, {"gpscoordinates": "{\"latitude\": 50.899893, \"longitude\": 4.385399}", "id": "2365", "name": "{\"fr\": \"VAL MARIA\", \"nl\": \"MARIENDAAL\"}"}, {"gpscoordinates": "{\"latitude\": 50.881565, \"longitude\": 4.373129}", "id": "2376", "name": "{\"fr\": \"VAN PRAET\", \"nl\": \"VAN PRAET\"}"}, {"gpscoordinates": "{\"latitude\": 50.908636, \"longitude\": 4.406829}", "id": "2378", "name": "{\"fr\": \"BUDA\", \"nl\": \"BUDA\"}"}, {"gpscoordinates": "{\"latitude\": 50.816506, \"longitude\": 4.290393}", "id": "2382", "name": "{\"fr\": \"CERIA\", \"nl\": \"COOVI\"}"}, {"gpscoordinates": "{\"latitude\": 50.830979, \"longitude\": 4.390583}", "id": "2395", "name": "{\"fr\": \"LA CHASSE\", \"nl\": \"DE JACHT\"}"}, {"gpscoordinates": "{\"latitude\": 50.815059, \"longitude\": 4.318893}", "id": "2396B", "name": "{\"fr\": \"BERVOETS\", \"nl\": \"BERVOETS\"}"}, {"gpscoordinates": "{\"latitude\": 50.845369, \"longitude\": 4.338892}", "id": "2401F", "name": "{\"fr\": \"PTE D'ANDERLECHT\", \"nl\": \"ANDERLECHTSEPOORT\"}"}, {"gpscoordinates": "{\"latitude\": 50.902419, \"longitude\": 4.343922}", "id": "2406", "name": "{\"fr\": \"MADELON\", \"nl\": \"MADELON\"}"}, {"gpscoordinates": "{\"latitude\": 50.820882, \"longitude\": 4.338183}", "id": "2408", "name": "{\"fr\": \"MONT KEMMEL\", \"nl\": \"KEMMELBERG\"}"}, {"gpscoordinates": "{\"latitude\": 50.816234, \"longitude\": 4.335873}", "id": "2410", "name": "{\"fr\": \"ALTITUDE CENT\", \"nl\": \"HOOGTE HONDERD\"}"}, {"gpscoordinates": "{\"latitude\": 50.802314, \"longitude\": 4.324151}", "id": "2417", "name": "{\"fr\": \"UCCLE-STALLE\", \"nl\": \"UKKEL-STALLE\"}"}, {"gpscoordinates": "{\"latitude\": 50.810911, \"longitude\": 4.329166}", "id": "2455", "name": "{\"fr\": \"DOMAINE\", \"nl\": \"DOMEIN\"}"}, {"gpscoordinates": "{\"latitude\": 50.814758, \"longitude\": 4.332909}", "id": "2456", "name": "{\"fr\": \"DUDEN\", \"nl\": \"DUDEN\"}"}, {"gpscoordinates": "{\"latitude\": 50.816279, \"longitude\": 4.336171}", "id": "2457", "name": "{\"fr\": \"ALTITUDE CENT\", \"nl\": \"HOOGTE HONDERD\"}"}, {"gpscoordinates": "{\"latitude\": 50.821061, \"longitude\": 4.334649}", "id": "2460", "name": "{\"fr\": \"LAINE\", \"nl\": \"LAINE\"}"}, {"gpscoordinates": "{\"latitude\": 50.824414, \"longitude\": 4.33601}", "id": "2462F", "name": "{\"fr\": \"ROCHEFORT\", \"nl\": \"ROCHEFORT\"}"}, {"gpscoordinates": "{\"latitude\": 50.823612, \"longitude\": 4.334704}", "id": "2475", "name": "{\"fr\": \"ROCHEFORT\", \"nl\": \"ROCHEFORT\"}"}, {"gpscoordinates": "{\"latitude\": 50.795809, \"longitude\": 4.318347}", "id": "2477", "name": "{\"fr\": \"STALLE (P)\", \"nl\": \"STALLE (P)\"}"}, {"gpscoordinates": "{\"latitude\": 50.874395, \"longitude\": 4.332338}", "id": "2504", "name": "{\"fr\": \"WOESTE\", \"nl\": \"WOESTE\"}"}, {"gpscoordinates": "{\"latitude\": 50.851754, \"longitude\": 4.30046}", "id": "2514", "name": "{\"fr\": \"MACHTENS\", \"nl\": \"MACHTENS\"}"}, {"gpscoordinates": "{\"latitude\": 50.877071, \"longitude\": 4.331647}", "id": "2515B", "name": "{\"fr\": \"VERBEYST\", \"nl\": \"VERBEYST\"}"}, {"gpscoordinates": "{\"latitude\": 50.83533, \"longitude\": 4.299476}", "id": "2518", "name": "{\"fr\": \"DE LINDE\", \"nl\": \"DE LINDE\"}"}, {"gpscoordinates": "{\"latitude\": 50.832628, \"longitude\": 4.328906}", "id": "2528", "name": "{\"fr\": \"VETERINAIRES\", \"nl\": \"VEEARTSEN\"}"}, {"gpscoordinates": "{\"latitude\": 50.843418, \"longitude\": 4.295787}", "id": "2536", "name": "{\"fr\": \"PETERBOS\", \"nl\": \"PETERBOS\"}"}, {"gpscoordinates": "{\"latitude\": 50.871164, \"longitude\": 4.361237}", "id": "2537", "name": "{\"fr\": \"JULES DE TROOZ\", \"nl\": \"JULES DE TROOZ\"}"}, {"gpscoordinates": "{\"latitude\": 50.871164, \"longitude\": 4.361237}", "id": "2537F", "name": "{\"fr\": \"JULES DE TROOZ\", \"nl\": \"JULES DE TROOZ\"}"}, {"gpscoordinates": "{\"latitude\": 50.870759, \"longitude\": 4.361337}", "id": "2543", "name": "{\"fr\": \"JULES DE TROOZ\", \"nl\": \"JULES DE TROOZ\"}"}, {"gpscoordinates": "{\"latitude\": 50.831353, \"longitude\": 4.332286}", "id": "2544F", "name": "{\"fr\": \"AVENUE DU ROI\", \"nl\": \"KONINGSLAAN\"}"}, {"gpscoordinates": "{\"latitude\": 50.877635, \"longitude\": 4.347781}", "id": "2547", "name": "{\"fr\": \"BOCKSTAEL\", \"nl\": \"BOCKSTAEL\"}"}, {"gpscoordinates": "{\"latitude\": 50.828952, \"longitude\": 4.329208}", "id": "2548F", "name": "{\"fr\": \"IMPRIMERIE\", \"nl\": \"DRUKKERIJ\"}"}, {"gpscoordinates": "{\"latitude\": 50.821668, \"longitude\": 4.32197}", "id": "2555", "name": "{\"fr\": \"CHARROI\", \"nl\": \"GERIJ\"}"}, {"gpscoordinates": "{\"latitude\": 50.841903, \"longitude\": 4.303243}", "id": "2561", "name": "{\"fr\": \"JAKOB SMITS\", \"nl\": \"JAKOB SMITS\"}"}, {"gpscoordinates": "{\"latitude\": 50.851655, \"longitude\": 4.300702}", "id": "2565", "name": "{\"fr\": \"MACHTENS\", \"nl\": \"MACHTENS\"}"}]}