{"total_count": 2550, "results": [{"gpscoordinates": "{\"latitude\": 50.885545, \"longitude\": 4.316271}", "id": "1103", "name": "{\"fr\": \"ANCIENNE BARRIERE\", \"nl\": \"OUDE AFSPANNING\"}"}, {"gpscoordinates": "{\"latitude\": 50.859968, \"longitude\": 4.296401}", "id": "1105", "name": "{\"fr\": \"COMHAIRE\", \"nl\": \"COMHAIRE\"}"}, {"gpscoordinates": "{\"latitude\": 50.86296, \"longitude\": 4.330756}", "id": "1112", "name": "{\"fr\": \"SIMONIS\", \"nl\": \"SIMONIS\"}"}, {"gpscoordinates": "{\"latitude\": 50.845805, \"longitude\": 4.32306}", "id": "1117", "name": "{\"fr\": \"DELACROIX\", \"nl\": \"DELACROIX\"}"}, {"gpscoordinates": "{\"latitude\": 50.862575, \"longitude\": 4.301247}", "id": "1118B", "name": "{\"fr\": \"GENOT\", \"nl\": \"GENOT\"}"}, {"gpscoordinates": "{\"latitude\": 50.841633, \"longitude\": 4.364862}", "id": "1124", "name": "{\"fr\": \"TRONE\", \"nl\": \"TROON\"}"}, {"gpscoordinates": "{\"latitude\": 50.839898, \"longitude\": 4.355875}", "id": "1128", "name": "{\"fr\": \"PETIT SABLON\", \"nl\": \"KLEINE ZAVEL\"}"}, {"gpscoordinates": "{\"latitude\": 50.848351, \"longitude\": 4.322094}", "id": "1145", "name": "{\"fr\": \"GARE DE L'OUEST\", \"nl\": \"WESTSTATION\"}"}, {"gpscoordinates": "{\"latitude\": 50.839607, \"longitude\": 4.398226}", "id": "1156", "name": "{\"fr\": \"MERODE\", \"nl\": \"MERODE\"}"}, {"gpscoordinates": "{\"latitude\": 50.839573, \"longitude\": 4.386044}", "id": "1158", "name": "{\"fr\": \"NERVIENS\", \"nl\": \"NERVIERS\"}"}, {"gpscoordinates": "{\"latitude\": 50.839431, \"longitude\": 4.37338}", "id": "1162C", "name": "{\"fr\": \"LUXEMBOURG\", \"nl\": \"LUXEMBURG\"}"}, {"gpscoordinates": "{\"latitude\": 50.841376, \"longitude\": 4.35808}", "id": "1165", "name": "{\"fr\": \"ROYALE\", \"nl\": \"KONING\"}"}, {"gpscoordinates": "{\"latitude\": 50.840904, \"longitude\": 4.350565}", "id": "1167", "name": "{\"fr\": \"CHAPELLE\", \"nl\": \"KAPELLEKERK\"}"}, {"gpscoordinates": "{\"latitude\": 50.862688, \"longitude\": 4.326239}", "id": "1172", "name": "{\"fr\": \"LIBERTE\", \"nl\": \"VRIJHEID\"}"}, {"gpscoordinates": "{\"latitude\": 50.845922, \"longitude\": 4.323329}", "id": "1178", "name": "{\"fr\": \"DELACROIX\", \"nl\": \"DELACROIX\"}"}, {"gpscoordinates": "{\"latitude\": 50.85886, \"longitude\": 4.330205}", "id": "1179", "name": "{\"fr\": \"AUTRIQUE\", \"nl\": \"AUTRIQUE\"}"}, {"gpscoordinates": "{\"latitude\": 50.860479, \"longitude\": 4.331823}", "id": "1180", "name": "{\"fr\": \"VANHUFFEL\", \"nl\": \"VANHUFFEL\"}"}, {"gpscoordinates": "{\"latitude\": 50.862752, \"longitude\": 4.325697}", "id": "1184", "name": "{\"fr\": \"LIBERTE\", \"nl\": \"VRIJHEID\"}"}, {"gpscoordinates": "{\"latitude\": 50.866943, \"longitude\": 4.281332}", "id": "1195", "name": "{\"fr\": \"HUNDERENVELD\", \"nl\": \"HUNDERENVELD\"}"}, {"gpscoordinates": "{\"latitude\": 50.869753, \"longitude\": 4.288799}", "id": "1196", "name": "{\"fr\": \"PARC MONNET\", \"nl\": \"MONNET-PARK\"}"}, {"gpscoordinates": "{\"latitude\": 50.866834, \"longitude\": 4.308323}", "id": "1199F", "name": "{\"fr\": \"GOFFIN\", \"nl\": \"GOFFIN\"}"}, {"gpscoordinates": "{\"latitude\": 50.842438, \"longitude\": 4.2962}", "id": "1206", "name": "{\"fr\": \"PETERBOS\", \"nl\": \"PETERBOS\"}"}, {"gpscoordinates": "{\"latitude\": 50.821157, \"longitude\": 4.325978}", "id": "1230", "name": "{\"fr\": \"UNION\", \"nl\": \"UNION\"}"}, {"gpscoordinates": "{\"latitude\": 50.866256, \"longitude\": 4.303181}", "id": "1236", "name": "{\"fr\": \"VALIDA\", \"nl\": \"VALIDA\"}"}, {"gpscoordinates": "{\"latitude\": 50.814369, \"longitude\": 4.325119}", "id": "1240", "name": "{\"fr\": \"ZAMAN-FOREST NAT.\", \"nl\": \"ZAMAN-VORST NAT.\"}"}, {"gpscoordinates": "{\"latitude\": 50.854077, \"longitude\": 4.328448}", "id": "1244", "name": "{\"fr\": \"GROENINGHE\", \"nl\": \"GROENINGHE\"}"}, {"gpscoordinates": "{\"latitude\": 50.80305, \"longitude\": 4.358807}", "id": "1250", "name": "{\"fr\": \"HOUZEAU\", \"nl\": \"HOUZEAU\"}"}, {"gpscoordinates": "{\"latitude\": 50.84381, \"longitude\": 4.3051}", "id": "1256", "name": "{\"fr\": \"HENRI REY\", \"nl\": \"HENRI REY\"}"}, {"gpscoordinates": "{\"latitude\": 50.838385, \"longitude\": 4.284139}", "id": "1261", "name": "{\"fr\": \"WESTLAND SHOPPING\", \"nl\": \"WESTLAND SHOPPING\"}"}, {"gpscoordinates": "{\"latitude\": 50.840527, \"longitude\": 4.382651}", "id": "1271B", "name": "{\"fr\": \"FROISSART\", \"nl\": \"FROISSART\"}"}, {"gpscoordinates": "{\"latitude\": 50.863301, \"longitude\": 4.330614}", "id": "1288", "name": "{\"fr\": \"SIMONIS\", \"nl\": \"SIMONIS\"}"}, {"gpscoordinates": "{\"latitude\": 50.867019, \"longitude\": 4.321136}", "id": "1303", "name": "{\"fr\": \"RIETHUISEN\", \"nl\": \"RIETHUISEN\"}"}, {"gpscoordinates": "{\"latitude\": 50.866675, \"longitude\": 4.314772}", "id": "1304", "name": "{\"fr\": \"COLLEGE S.-COEUR\", \"nl\": \"H. HARTCOLLEGE\"}"}, {"gpscoordinates": "{\"latitude\": 50.864373, \"longitude\": 4.296735}", "id": "1307", "name": "{\"fr\": \"SCHWEITZER\", \"nl\": \"SCHWEITZER\"}"}, {"gpscoordinates": "{\"latitude\": 50.864581, \"longitude\": 4.297151}", "id": "1308G", "name": "{\"fr\": \"SCHWEITZER\", \"nl\": \"SCHWEITZER\"}"}, {"gpscoordinates": "{\"latitude\": 50.85644, \"longitude\": 4.431044}", "id": "1320", "name": "{\"fr\": \"ARIANE\", \"nl\": \"ARIANE\"}"}, {"gpscoordinates": "{\"latitude\": 50.85661, \"longitude\": 4.432322}", "id": "1321", "name": "{\"fr\": \"ARIANE\", \"nl\": \"ARIANE\"}"}, {"gpscoordinates": "{\"latitude\": 50.892622, \"longitude\": 4.314011}", "id": "1334", "name": "{\"fr\": \"ARBRE BALLON\", \"nl\": \"DIKKE BEUK\"}"}, {"gpscoordinates": "{\"latitude\": 50.865586, \"longitude\": 4.350999}", "id": "1356", "name": "{\"fr\": \"TOUR ET TAXIS\", \"nl\": \"THURN EN TAXIS\"}"}, {"gpscoordinates": "{\"latitude\": 50.834407, \"longitude\": 4.30463}", "id": "1366", "name": "{\"fr\": \"SAINT-GUIDON\", \"nl\": \"SINT-GUIDO\"}"}, {"gpscoordinates": "{\"latitude\": 50.847956, \"longitude\": 4.436126}", "id": "1379", "name": "{\"fr\": \"ROODEBEEK\", \"nl\": \"ROODEBEEK\"}"}, {"gpscoordinates": "{\"latitude\": 50.85333, \"longitude\": 4.496905}", "id": "1380", "name": "{\"fr\": \"LONG-CHENE\", \"nl\": \"LANGE EIK\"}"}, {"gpscoordinates": "{\"latitude\": 50.853393, \"longitude\": 4.496565}", "id": "1381", "name": "{\"fr\": \"LONG-CHENE\", \"nl\": \"LANGE EIK\"}"}, {"gpscoordinates": "{\"latitude\": 50.84803, \"longitude\": 4.436032}", "id": "1383", "name": "{\"fr\": \"ROODEBEEK\", \"nl\": \"ROODEBEEK\"}"}, {"gpscoordinates": "{\"latitude\": 50.847281, \"longitude\": 4.435155}", "id": "1386", "name": "{\"fr\": \"ROODEBEEK\", \"nl\": \"ROODEBEEK\"}"}, {"gpscoordinates": "{\"latitude\": 50.871718, \"longitude\": 4.324501}", "id": "1389", "name": "{\"fr\": \"MIROIR\", \"nl\": \"SPIEGEL\"}"}, {"gpscoordinates": "{\"latitude\": 50.847707, \"longitude\": 4.397407}", "id": "1404", "name": "{\"fr\": \"VICTOR HUGO\", \"nl\": \"VICTOR HUGO\"}"}, {"gpscoordinates": "{\"latitude\": 50.845754, \"longitude\": 4.403994}", "id": "1406", "name": "{\"fr\": \"VERGOTE\", \"nl\": \"VERGOTE\"}"}, {"gpscoordinates": "{\"latitude\": 50.842013, \"longitude\": 4.428398}", "id": "1410", "name": "{\"fr\": \"MELARD\", \"nl\": \"MELARD\"}"}, {"gpscoordinates": "{\"latitude\": 50.805602, \"longitude\": 4.313003}", "id": "1411", "name": "{\"fr\": \"MAX WALLER\", \"nl\": \"MAX WALLER\"}"}, {"gpscoordinates": "{\"latitude\": 50.840994, \"longitude\": 4.434956}", "id": "1412", "name": "{\"fr\": \"VOOT\", \"nl\": \"VOOT\"}"}, {"gpscoordinates": "{\"latitude\": 50.84347, \"longitude\": 4.383977}", "id": "1418B", "name": "{\"fr\": \"SCHUMAN\", \"nl\": \"SCHUMAN\"}"}, {"gpscoordinates": "{\"latitude\": 50.84149, \"longitude\": 4.432103}", "id": "1449", "name": "{\"fr\": \"SLEGERS\", \"nl\": \"SLEGERS\"}"}, {"gpscoordinates": "{\"latitude\": 50.844094, \"longitude\": 4.421202}", "id": "1458", "name": "{\"fr\": \"MONTALD\", \"nl\": \"MONTALD\"}"}, {"gpscoordinates": "{\"latitude\": 50.845826, \"longitude\": 4.404548}", "id": "1460", "name": "{\"fr\": \"VERGOTE\", \"nl\": \"VERGOTE\"}"}, {"gpscoordinates": "{\"latitude\": 50.818644, \"longitude\": 4.298266}", "id": "1479", "name": "{\"fr\": \"COLOMBOPHILES\", \"nl\": \"DUIVENMELKERS\"}"}, {"gpscoordinates": "{\"latitude\": 50.835718, \"longitude\": 4.275337}", "id": "1486B", "name": "{\"fr\": \"BON AIR\", \"nl\": \"GOEDE LUCHT\"}"}, {"gpscoordinates": "{\"latitude\": 50.828854, \"longitude\": 4.293893}", "id": "1490", "name": "{\"fr\": \"VAN BEETHOVEN\", \"nl\": \"VAN BEETHOVEN\"}"}, {"gpscoordinates": "{\"latitude\": 50.823022, \"longitude\": 4.297351}", "id": "1492", "name": "{\"fr\": \"WAXWEILER\", \"nl\": \"WAXWEILER\"}"}, {"gpscoordinates": "{\"latitude\": 50.820497, \"longitude\": 4.299327}", "id": "1498", "name": "{\"fr\": \"HUIT HEURES\", \"nl\": \"ACHT UREN\"}"}, {"gpscoordinates": "{\"latitude\": 50.832932, \"longitude\": 4.432063}", "id": "1500", "name": "{\"fr\": \"MUSEE DU TRAM\", \"nl\": \"TRAMMUSEUM\"}"}, {"gpscoordinates": "{\"latitude\": 50.849131, \"longitude\": 4.369931}", "id": "1508", "name": "{\"fr\": \"MADOU\", \"nl\": \"MADOU\"}"}, {"gpscoordinates": "{\"latitude\": 50.85162, \"longitude\": 4.384813}", "id": "1512", "name": "{\"fr\": \"VINCOTTE\", \"nl\": \"VINCOTTE\"}"}, {"gpscoordinates": "{\"latitude\": 50.847919, \"longitude\": 4.407745}", "id": "1518", "name": "{\"fr\": \"LEVIE\", \"nl\": \"LEVIE\"}"}, {"gpscoordinates": "{\"latitude\": 50.848322, \"longitude\": 4.413496}", "id": "1519", "name": "{\"fr\": \"MAI\", \"nl\": \"MEI\"}"}, {"gpscoordinates": "{\"latitude\": 50.848617, \"longitude\": 4.417628}", "id": "1520", "name": "{\"fr\": \"HEYDENBERG\", \"nl\": \"HEYDENBERG\"}"}, {"gpscoordinates": "{\"latitude\": 50.855618, \"longitude\": 4.438981}", "id": "1531", "name": "{\"fr\": \"MARCEL THIRY\", \"nl\": \"MARCEL THIRY\"}"}, {"gpscoordinates": "{\"latitude\": 50.855498, \"longitude\": 4.428174}", "id": "1533", "name": "{\"fr\": \"GULLEDELLE\", \"nl\": \"GULLEDELLE\"}"}, {"gpscoordinates": "{\"latitude\": 50.836069, \"longitude\": 4.412945}", "id": "1544", "name": "{\"fr\": \"LEOPOLD II\", \"nl\": \"LEOPOLD II\"}"}, {"gpscoordinates": "{\"latitude\": 50.841983, \"longitude\": 4.383759}", "id": "1548B", "name": "{\"fr\": \"SCHUMAN\", \"nl\": \"SCHUMAN\"}"}, {"gpscoordinates": "{\"latitude\": 50.851026, \"longitude\": 4.434771}", "id": "1550", "name": "{\"fr\": \"CHARMILLE\", \"nl\": \"HAAGBEUKEN\"}"}, {"gpscoordinates": "{\"latitude\": 50.848725, \"longitude\": 4.416464}", "id": "1559", "name": "{\"fr\": \"HEYDENBERG\", \"nl\": \"HEYDENBERG\"}"}, {"gpscoordinates": "{\"latitude\": 50.848054, \"longitude\": 4.408895}", "id": "1561", "name": "{\"fr\": \"LEVIE\", \"nl\": \"LEVIE\"}"}, {"gpscoordinates": "{\"latitude\": 50.852816, \"longitude\": 4.392029}", "id": "1565B", "name": "{\"fr\": \"RADIUM\", \"nl\": \"RADIUM\"}"}, {"gpscoordinates": "{\"latitude\": 50.852527, \"longitude\": 4.388052}", "id": "1566", "name": "{\"fr\": \"DAILLY\", \"nl\": \"DAILLY\"}"}, {"gpscoordinates": "{\"latitude\": 50.849697, \"longitude\": 4.369619}", "id": "1571", "name": "{\"fr\": \"MADOU\", \"nl\": \"MADOU\"}"}, {"gpscoordinates": "{\"latitude\": 50.846716, \"longitude\": 4.442702}", "id": "1584", "name": "{\"fr\": \"KLAKKEDELLE\", \"nl\": \"KLAKKEDELLE\"}"}, {"gpscoordinates": "{\"latitude\": 50.847414, \"longitude\": 4.447702}", "id": "1585", "name": "{\"fr\": \"VANDERVELDE\", \"nl\": \"VANDERVELDE\"}"}, {"gpscoordinates": "{\"latitude\": 50.84839, \"longitude\": 4.459234}", "id": "1587", "name": "{\"fr\": \"KRAAINEM\", \"nl\": \"KRAAINEM\"}"}, {"gpscoordinates": "{\"latitude\": 50.838963, \"longitude\": 4.398537}", "id": "1591", "name": "{\"fr\": \"MERODE\", \"nl\": \"MERODE\"}"}, {"gpscoordinates": "{\"latitude\": 50.814561, \"longitude\": 4.281457}", "id": "1612", "name": "{\"fr\": \"CIM. D'ANDERLECHT\", \"nl\": \"BEGR. ANDERLECHT\"}"}, {"gpscoordinates": "{\"latitude\": 50.852141, \"longitude\": 4.481977}", "id": "1616", "name": "{\"fr\": \"VOISINS\", \"nl\": \"GEBUREN\"}"}, {"gpscoordinates": "{\"latitude\": 50.839821, \"longitude\": 4.494327}", "id": "1631", "name": "{\"fr\": \"STIJN STREUVELS\", \"nl\": \"STIJN STREUVELS\"}"}, {"gpscoordinates": "{\"latitude\": 50.853687, \"longitude\": 4.482052}", "id": "1635", "name": "{\"fr\": \"EGLISE WEZEMBEEK\", \"nl\": \"KERK WEZEMBEEK\"}"}, {"gpscoordinates": "{\"latitude\": 50.847003, \"longitude\": 4.443725}", "id": "1641", "name": "{\"fr\": \"KLAKKEDELLE\", \"nl\": \"KLAKKEDELLE\"}"}, {"gpscoordinates": "{\"latitude\": 50.814015, \"longitude\": 4.33906}", "id": "1648", "name": "{\"fr\": \"COGHEN\", \"nl\": \"COGHEN\"}"}, {"gpscoordinates": "{\"latitude\": 50.809923, \"longitude\": 4.339828}", "id": "1649", "name": "{\"fr\": \"PEYO\", \"nl\": \"PEYO\"}"}, {"gpscoordinates": "{\"latitude\": 50.793728, \"longitude\": 4.363929}", "id": "1652", "name": "{\"fr\": \"PLACE SAINT-JOB\", \"nl\": \"SINT-JOBPLEIN\"}"}, {"gpscoordinates": "{\"latitude\": 50.793908, \"longitude\": 4.364326}", "id": "1653", "name": "{\"fr\": \"PLACE SAINT-JOB\", \"nl\": \"SINT-JOBPLEIN\"}"}, {"gpscoordinates": "{\"latitude\": 50.839217, \"longitude\": 4.363777}", "id": "1654", "name": "{\"fr\": \"PORTE DE NAMUR\", \"nl\": \"NAAMSEPOORT\"}"}, {"gpscoordinates": "{\"latitude\": 50.850932, \"longitude\": 4.486461}", "id": "1659", "name": "{\"fr\": \"GERGEL\", \"nl\": \"GERGEL\"}"}, {"gpscoordinates": "{\"latitude\": 50.838508, \"longitude\": 4.336507}", "id": "1662", "name": "{\"fr\": \"GARE DU MIDI\", \"nl\": \"ZUIDSTATION\"}"}, {"gpscoordinates": "{\"latitude\": 50.828595, \"longitude\": 4.316431}", "id": "1665", "name": "{\"fr\": \"HERMES\", \"nl\": \"HERMES\"}"}, {"gpscoordinates": "{\"latitude\": 50.847042, \"longitude\": 4.483455}", "id": "1669", "name": "{\"fr\": \"LOUIS MARCELIS\", \"nl\": \"LOUIS MARCELIS\"}"}, {"gpscoordinates": "{\"latitude\": 50.86303, \"longitude\": 4.347661}", "id": "1671", "name": "{\"fr\": \"SUZAN DANIEL\", \"nl\": \"SUZAN DANIEL\"}"}, {"gpscoordinates": "{\"latitude\": 50.879669, \"longitude\": 4.315958}", "id": "1678F", "name": "{\"fr\": \"EXPOSITION\", \"nl\": \"TENTOONSTELLING\"}"}, {"gpscoordinates": "{\"latitude\": 50.88634, \"longitude\": 4.311669}", "id": "1682F", "name": "{\"fr\": \"UZ BRUSSEL\", \"nl\": \"UZ BRUSSEL\"}"}, {"gpscoordinates": "{\"latitude\": 50.890081, \"longitude\": 4.309188}", "id": "1685F", "name": "{\"fr\": \"UZ-PEDIATRIE\", \"nl\": \"UZ-PEDIATRIE\"}"}, {"gpscoordinates": "{\"latitude\": 50.89631, \"longitude\": 4.329465}", "id": "1695F", "name": "{\"fr\": \"ROI BAUDOUIN\", \"nl\": \"KONING BOUDEWIJN\"}"}, {"gpscoordinates": "{\"latitude\": 50.84775, \"longitude\": 4.345878}", "id": "1707", "name": "{\"fr\": \"SAINT-GERY\", \"nl\": \"SINT-GORIK\"}"}]}