{"total_count": 2550, "results": [{"gpscoordinates": "{\"latitude\": 50.862808, \"longitude\": 4.299667}", "id": "4066", "name": "{\"fr\": \"GENOT\", \"nl\": \"GENOT\"}"}, {"gpscoordinates": "{\"latitude\": 50.803083, \"longitude\": 4.342578}", "id": "4075", "name": "{\"fr\": \"HEROS\", \"nl\": \"HELDEN\"}"}, {"gpscoordinates": "{\"latitude\": 50.803083, \"longitude\": 4.341826}", "id": "4076", "name": "{\"fr\": \"HEROS\", \"nl\": \"HELDEN\"}"}, {"gpscoordinates": "{\"latitude\": 50.868276, \"longitude\": 4.316077}", "id": "4110", "name": "{\"fr\": \"COLLEGE S.-COEUR\", \"nl\": \"H. HARTCOLLEGE\"}"}, {"gpscoordinates": "{\"latitude\": 50.857072, \"longitude\": 4.332195}", "id": "4111", "name": "{\"fr\": \"ETANGS NOIRS\", \"nl\": \"ZWARTE VIJVERS\"}"}, {"gpscoordinates": "{\"latitude\": 50.869363, \"longitude\": 4.310688}", "id": "4156", "name": "{\"fr\": \"BEECKMANS\", \"nl\": \"BEECKMANS\"}"}, {"gpscoordinates": "{\"latitude\": 50.876065, \"longitude\": 4.307245}", "id": "4159", "name": "{\"fr\": \"NEUBERGER\", \"nl\": \"NEUBERGER\"}"}, {"gpscoordinates": "{\"latitude\": 50.874641, \"longitude\": 4.299873}", "id": "4169", "name": "{\"fr\": \"CHOPIN\", \"nl\": \"CHOPIN\"}"}, {"gpscoordinates": "{\"latitude\": 50.891014, \"longitude\": 4.325347}", "id": "4207", "name": "{\"fr\": \"PATTIJN\", \"nl\": \"PATTIJN\"}"}, {"gpscoordinates": "{\"latitude\": 50.859879, \"longitude\": 4.341212}", "id": "4213", "name": "{\"fr\": \"RIBAUCOURT\", \"nl\": \"RIBAUCOURT\"}"}, {"gpscoordinates": "{\"latitude\": 50.893776, \"longitude\": 4.33211}", "id": "4229", "name": "{\"fr\": \"STADE\", \"nl\": \"STADION\"}"}, {"gpscoordinates": "{\"latitude\": 50.889903, \"longitude\": 4.33696}", "id": "4230", "name": "{\"fr\": \"HOUBA-BRUGMANN\", \"nl\": \"HOUBA-BRUGMANN\"}"}, {"gpscoordinates": "{\"latitude\": 50.885316, \"longitude\": 4.32963}", "id": "4251", "name": "{\"fr\": \"CROCQ\", \"nl\": \"CROCQ\"}"}, {"gpscoordinates": "{\"latitude\": 50.871072, \"longitude\": 4.344076}", "id": "4258", "name": "{\"fr\": \"POUCHKINE\", \"nl\": \"POESJKIN\"}"}, {"gpscoordinates": "{\"latitude\": 50.87252, \"longitude\": 4.28984}", "id": "4262F", "name": "{\"fr\": \"GARE DE BERCHEM\", \"nl\": \"STATION BERCHEM\"}"}, {"gpscoordinates": "{\"latitude\": 50.790516, \"longitude\": 4.420068}", "id": "4290", "name": "{\"fr\": \"KATTENBERG\", \"nl\": \"KATTENBERG\"}"}, {"gpscoordinates": "{\"latitude\": 50.812742, \"longitude\": 4.41051}", "id": "4295", "name": "{\"fr\": \"GARDON\", \"nl\": \"VOORN\"}"}, {"gpscoordinates": "{\"latitude\": 50.815413, \"longitude\": 4.408214}", "id": "4297", "name": "{\"fr\": \"BEAULIEU\", \"nl\": \"BEAULIEU\"}"}, {"gpscoordinates": "{\"latitude\": 50.811774, \"longitude\": 4.401045}", "id": "4299", "name": "{\"fr\": \"BRILLANT\", \"nl\": \"BRILJANT\"}"}, {"gpscoordinates": "{\"latitude\": 50.827285, \"longitude\": 4.381952}", "id": "4304", "name": "{\"fr\": \"RODIN\", \"nl\": \"RODIN\"}"}, {"gpscoordinates": "{\"latitude\": 50.805201, \"longitude\": 4.406701}", "id": "4311", "name": "{\"fr\": \"VANDER ELST\", \"nl\": \"VANDER ELST\"}"}, {"gpscoordinates": "{\"latitude\": 50.787402, \"longitude\": 4.422597}", "id": "4319", "name": "{\"fr\": \"EQUIPAGES\", \"nl\": \"JACHTSTOET\"}"}, {"gpscoordinates": "{\"latitude\": 50.798625, \"longitude\": 4.420498}", "id": "4340", "name": "{\"fr\": \"WIENER\", \"nl\": \"WIENER\"}"}, {"gpscoordinates": "{\"latitude\": 50.809495, \"longitude\": 4.416849}", "id": "4403", "name": "{\"fr\": \"ARCHIDUCS\", \"nl\": \"AARTSHERTOGEN\"}"}, {"gpscoordinates": "{\"latitude\": 50.813198, \"longitude\": 4.417236}", "id": "4405", "name": "{\"fr\": \"PECHERIES\", \"nl\": \"VISSERIJ\"}"}, {"gpscoordinates": "{\"latitude\": 50.814222, \"longitude\": 4.419678}", "id": "4407", "name": "{\"fr\": \"VIGNETTE\", \"nl\": \"KLEINE WIJNGAARD\"}"}, {"gpscoordinates": "{\"latitude\": 50.856891, \"longitude\": 4.408249}", "id": "4500", "name": "{\"fr\": \"RTL HOUSE\", \"nl\": \"RTL HOUSE\"}"}, {"gpscoordinates": "{\"latitude\": 50.795294, \"longitude\": 4.3188}", "id": "4501G", "name": "{\"fr\": \"STALLE (P)\", \"nl\": \"STALLE (P)\"}"}, {"gpscoordinates": "{\"latitude\": 50.794434, \"longitude\": 4.319624}", "id": "4502F", "name": "{\"fr\": \"STALLE (P)\", \"nl\": \"STALLE (P)\"}"}, {"gpscoordinates": "{\"latitude\": 50.849635, \"longitude\": 4.328818}", "id": "4594", "name": "{\"fr\": \"DUCHESSE BRABANT\", \"nl\": \"HERTOGIN BRABANT\"}"}, {"gpscoordinates": "{\"latitude\": 50.849457, \"longitude\": 4.330322}", "id": "4595", "name": "{\"fr\": \"DUCHESSE BRABANT\", \"nl\": \"HERTOGIN BRABANT\"}"}, {"gpscoordinates": "{\"latitude\": 50.860098, \"longitude\": 4.288077}", "id": "4599", "name": "{\"fr\": \"MARICOLLES\", \"nl\": \"MARICOLLEN\"}"}, {"gpscoordinates": "{\"latitude\": 50.855239, \"longitude\": 4.295158}", "id": "4601", "name": "{\"fr\": \"ELBERS\", \"nl\": \"ELBERS\"}"}, {"gpscoordinates": "{\"latitude\": 50.796415, \"longitude\": 4.356709}", "id": "4853", "name": "{\"fr\": \"MERCURE\", \"nl\": \"MERCURIUS\"}"}, {"gpscoordinates": "{\"latitude\": 50.870424, \"longitude\": 4.334721}", "id": "5008F", "name": "{\"fr\": \"ODON WARLAND\", \"nl\": \"ODON WARLAND\"}"}, {"gpscoordinates": "{\"latitude\": 50.883056, \"longitude\": 4.335295}", "id": "5012", "name": "{\"fr\": \"GUILL. DE GREEF\", \"nl\": \"GUILL. DE GREEF\"}"}, {"gpscoordinates": "{\"latitude\": 50.861254, \"longitude\": 4.3383}", "id": "5015", "name": "{\"fr\": \"JUBILE\", \"nl\": \"JUBELFEEST\"}"}, {"gpscoordinates": "{\"latitude\": 50.829515, \"longitude\": 4.35585}", "id": "5018", "name": "{\"fr\": \"FAIDER\", \"nl\": \"FAIDER\"}"}, {"gpscoordinates": "{\"latitude\": 50.815718, \"longitude\": 4.349216}", "id": "5022", "name": "{\"fr\": \"MOLIERE\", \"nl\": \"MOLIERE\"}"}, {"gpscoordinates": "{\"latitude\": 50.794725, \"longitude\": 4.35244}", "id": "5028", "name": "{\"fr\": \"THEVENET\", \"nl\": \"THEVENET\"}"}, {"gpscoordinates": "{\"latitude\": 50.794671, \"longitude\": 4.357873}", "id": "5029", "name": "{\"fr\": \"LANCASTER\", \"nl\": \"LANCASTER\"}"}, {"gpscoordinates": "{\"latitude\": 50.79104, \"longitude\": 4.36895}", "id": "5032B", "name": "{\"fr\": \"ALPHONSE XIII\", \"nl\": \"ALPHONSE XIII\"}"}, {"gpscoordinates": "{\"latitude\": 50.876181, \"longitude\": 4.410766}", "id": "5042", "name": "{\"fr\": \"DA VINCI\", \"nl\": \"DA VINCI\"}"}, {"gpscoordinates": "{\"latitude\": 50.874586, \"longitude\": 4.413341}", "id": "5046", "name": "{\"fr\": \"DA VINCI\", \"nl\": \"DA VINCI\"}"}, {"gpscoordinates": "{\"latitude\": 50.791238, \"longitude\": 4.368197}", "id": "5053G", "name": "{\"fr\": \"ALPHONSE XIII\", \"nl\": \"ALPHONSE XIII\"}"}, {"gpscoordinates": "{\"latitude\": 50.794105, \"longitude\": 4.366354}", "id": "5054F", "name": "{\"fr\": \"PLACE SAINT-JOB\", \"nl\": \"SINT-JOBPLEIN\"}"}, {"gpscoordinates": "{\"latitude\": 50.803658, \"longitude\": 4.341653}", "id": "5058F", "name": "{\"fr\": \"HEROS\", \"nl\": \"HELDEN\"}"}, {"gpscoordinates": "{\"latitude\": 50.822503, \"longitude\": 4.353595}", "id": "5064", "name": "{\"fr\": \"MA CAMPAGNE\", \"nl\": \"MA CAMPAGNE\"}"}, {"gpscoordinates": "{\"latitude\": 50.830054, \"longitude\": 4.356105}", "id": "5066", "name": "{\"fr\": \"FAIDER\", \"nl\": \"FAIDER\"}"}, {"gpscoordinates": "{\"latitude\": 50.830045, \"longitude\": 4.356076}", "id": "5066F", "name": "{\"fr\": \"FAIDER\", \"nl\": \"FAIDER\"}"}, {"gpscoordinates": "{\"latitude\": 50.833556, \"longitude\": 4.357177}", "id": "5068F", "name": "{\"fr\": \"STEPHANIE\", \"nl\": \"STEFANIA\"}"}, {"gpscoordinates": "{\"latitude\": 50.867752, \"longitude\": 4.335611}", "id": "5076B", "name": "{\"fr\": \"BELGICA\", \"nl\": \"BELGICA\"}"}, {"gpscoordinates": "{\"latitude\": 50.87088, \"longitude\": 4.334657}", "id": "5077", "name": "{\"fr\": \"ODON WARLAND\", \"nl\": \"ODON WARLAND\"}"}, {"gpscoordinates": "{\"latitude\": 50.895282, \"longitude\": 4.355491}", "id": "5086F", "name": "{\"fr\": \"DE WAND\", \"nl\": \"DE WAND\"}"}, {"gpscoordinates": "{\"latitude\": 50.861667, \"longitude\": 4.338228}", "id": "5089", "name": "{\"fr\": \"JUBILE\", \"nl\": \"JUBELFEEST\"}"}, {"gpscoordinates": "{\"latitude\": 50.823845, \"longitude\": 4.325919}", "id": "5101B", "name": "{\"fr\": \"WIELS\", \"nl\": \"WIELS\"}"}, {"gpscoordinates": "{\"latitude\": 50.86665, \"longitude\": 4.287285}", "id": "5102F", "name": "{\"fr\": \"AZUR\", \"nl\": \"AZUUR\"}"}, {"gpscoordinates": "{\"latitude\": 50.817165, \"longitude\": 4.32523}", "id": "5119", "name": "{\"fr\": \"CHATAIGNES\", \"nl\": \"KASTANJES\"}"}, {"gpscoordinates": "{\"latitude\": 50.823683, \"longitude\": 4.326075}", "id": "5123", "name": "{\"fr\": \"WIELS\", \"nl\": \"WIELS\"}"}, {"gpscoordinates": "{\"latitude\": 50.820671, \"longitude\": 4.325908}", "id": "5151", "name": "{\"fr\": \"UNION\", \"nl\": \"UNION\"}"}, {"gpscoordinates": "{\"latitude\": 50.817372, \"longitude\": 4.325386}", "id": "5155", "name": "{\"fr\": \"CHATAIGNES\", \"nl\": \"KASTANJES\"}"}, {"gpscoordinates": "{\"latitude\": 50.824878, \"longitude\": 4.32633}", "id": "5159", "name": "{\"fr\": \"WIELS\", \"nl\": \"WIELS\"}"}, {"gpscoordinates": "{\"latitude\": 50.824878, \"longitude\": 4.326316}", "id": "5159F", "name": "{\"fr\": \"WIELS\", \"nl\": \"WIELS\"}"}, {"gpscoordinates": "{\"latitude\": 50.811535, \"longitude\": 4.318751}", "id": "5161", "name": "{\"fr\": \"FOREST CENTRE\", \"nl\": \"VORST CENTRUM\"}"}, {"gpscoordinates": "{\"latitude\": 50.863892, \"longitude\": 4.324406}", "id": "5165", "name": "{\"fr\": \"BESME\", \"nl\": \"BESME\"}"}, {"gpscoordinates": "{\"latitude\": 50.865288, \"longitude\": 4.292926}", "id": "5168", "name": "{\"fr\": \"VEREMAN\", \"nl\": \"VEREMAN\"}"}, {"gpscoordinates": "{\"latitude\": 50.865279, \"longitude\": 4.292912}", "id": "5168F", "name": "{\"fr\": \"VEREMAN\", \"nl\": \"VEREMAN\"}"}, {"gpscoordinates": "{\"latitude\": 50.867151, \"longitude\": 4.27479}", "id": "5169F", "name": "{\"fr\": \"GROOT-BIJGAARDEN\", \"nl\": \"GROOT-BIJGAARDEN\"}"}, {"gpscoordinates": "{\"latitude\": 50.866731, \"longitude\": 4.286858}", "id": "5174F", "name": "{\"fr\": \"AZUR\", \"nl\": \"AZUUR\"}"}, {"gpscoordinates": "{\"latitude\": 50.824182, \"longitude\": 4.327395}", "id": "5175", "name": "{\"fr\": \"WIELS\", \"nl\": \"WIELS\"}"}, {"gpscoordinates": "{\"latitude\": 50.814979, \"longitude\": 4.367815}", "id": "5210", "name": "{\"fr\": \"BASCULE\", \"nl\": \"BASCULE\"}"}, {"gpscoordinates": "{\"latitude\": 50.811923, \"longitude\": 4.367234}", "id": "5211", "name": "{\"fr\": \"LONGCHAMP\", \"nl\": \"LONGCHAMP\"}"}, {"gpscoordinates": "{\"latitude\": 50.811805, \"longitude\": 4.354662}", "id": "5220F", "name": "{\"fr\": \"CHURCHILL\", \"nl\": \"CHURCHILL\"}"}, {"gpscoordinates": "{\"latitude\": 50.81168, \"longitude\": 4.355358}", "id": "5222F", "name": "{\"fr\": \"CHURCHILL\", \"nl\": \"CHURCHILL\"}"}, {"gpscoordinates": "{\"latitude\": 50.840564, \"longitude\": 4.436723}", "id": "5225F", "name": "{\"fr\": \"VOOT\", \"nl\": \"VOOT\"}"}, {"gpscoordinates": "{\"latitude\": 50.844597, \"longitude\": 4.438395}", "id": "5227F", "name": "{\"fr\": \"WOLUWE SHOPPING\", \"nl\": \"WOLUWE SHOPPING\"}"}, {"gpscoordinates": "{\"latitude\": 50.844246, \"longitude\": 4.438232}", "id": "5228F", "name": "{\"fr\": \"WOLUWE SHOPPING\", \"nl\": \"WOLUWE SHOPPING\"}"}, {"gpscoordinates": "{\"latitude\": 50.814988, \"longitude\": 4.368213}", "id": "5256", "name": "{\"fr\": \"BASCULE\", \"nl\": \"BASCULE\"}"}, {"gpscoordinates": "{\"latitude\": 50.816489, \"longitude\": 4.377479}", "id": "5258", "name": "{\"fr\": \"CAMBRE-ETOILE\", \"nl\": \"TER KAMEREN-STER\"}"}, {"gpscoordinates": "{\"latitude\": 50.826578, \"longitude\": 4.397745}", "id": "5267", "name": "{\"fr\": \"ARSENAL\", \"nl\": \"ARSENAAL\"}"}, {"gpscoordinates": "{\"latitude\": 50.832329, \"longitude\": 4.432587}", "id": "5272F", "name": "{\"fr\": \"MUSEE DU TRAM\", \"nl\": \"TRAMMUSEUM\"}"}, {"gpscoordinates": "{\"latitude\": 50.832276, \"longitude\": 4.432445}", "id": "5273F", "name": "{\"fr\": \"MUSEE DU TRAM\", \"nl\": \"TRAMMUSEUM\"}"}, {"gpscoordinates": "{\"latitude\": 50.867644, \"longitude\": 4.40286}", "id": "5275F", "name": "{\"fr\": \"EVERE SHOPPING\", \"nl\": \"EVERE SHOPPING\"}"}, {"gpscoordinates": "{\"latitude\": 50.871868, \"longitude\": 4.406657}", "id": "5277F", "name": "{\"fr\": \"LEKAERTS\", \"nl\": \"LEKAERTS\"}"}, {"gpscoordinates": "{\"latitude\": 50.866727, \"longitude\": 4.402505}", "id": "5278F", "name": "{\"fr\": \"EVERE SHOPPING\", \"nl\": \"EVERE SHOPPING\"}"}, {"gpscoordinates": "{\"latitude\": 50.860471, \"longitude\": 4.401548}", "id": "5279F", "name": "{\"fr\": \"PENTATHLON\", \"nl\": \"PENTATHLON\"}"}, {"gpscoordinates": "{\"latitude\": 50.819207, \"longitude\": 4.428652}", "id": "5283F", "name": "{\"fr\": \"ROND-PT SOUVERAIN\", \"nl\": \"VORSTRONDPUNT\"}"}, {"gpscoordinates": "{\"latitude\": 50.815981, \"longitude\": 4.425924}", "id": "5284F", "name": "{\"fr\": \"AUDERGHEM-SHOP.\", \"nl\": \"OUDERGEM-SHOP.\"}"}, {"gpscoordinates": "{\"latitude\": 50.883341, \"longitude\": 4.33884}", "id": "5295", "name": "{\"fr\": \"DUYSBURGH\", \"nl\": \"DUYSBURGH\"}"}, {"gpscoordinates": "{\"latitude\": 50.825126, \"longitude\": 4.297987}", "id": "5296B", "name": "{\"fr\": \"BIZET\", \"nl\": \"BIZET\"}"}, {"gpscoordinates": "{\"latitude\": 50.878941, \"longitude\": 4.409945}", "id": "5298F", "name": "{\"fr\": \"BORDET STATION\", \"nl\": \"BORDET STATION\"}"}, {"gpscoordinates": "{\"latitude\": 50.878788, \"longitude\": 4.410101}", "id": "5299", "name": "{\"fr\": \"BORDET STATION\", \"nl\": \"BORDET STATION\"}"}, {"gpscoordinates": "{\"latitude\": 50.862532, \"longitude\": 4.386934}", "id": "5306G", "name": "{\"fr\": \"HELIOTROPES\", \"nl\": \"HELIOTROPEN\"}"}, {"gpscoordinates": "{\"latitude\": 50.85675, \"longitude\": 4.397569}", "id": "5308F", "name": "{\"fr\": \"LEOPOLD III\", \"nl\": \"LEOPOLD III\"}"}, {"gpscoordinates": "{\"latitude\": 50.877411, \"longitude\": 4.379423}", "id": "5315", "name": "{\"fr\": \"SCHAERBEEK GARE\", \"nl\": \"SCHAARBEEK STAT.\"}"}, {"gpscoordinates": "{\"latitude\": 50.868016, \"longitude\": 4.385345}", "id": "5317G", "name": "{\"fr\": \"HOP. PAUL BRIEN\", \"nl\": \"PAUL BRIEN-ZKH.\"}"}, {"gpscoordinates": "{\"latitude\": 50.878119, \"longitude\": 4.380221}", "id": "5320", "name": "{\"fr\": \"SCHAERBEEK GARE\", \"nl\": \"SCHAARBEEK STAT.\"}"}, {"gpscoordinates": "{\"latitude\": 50.866749, \"longitude\": 4.385387}", "id": "5357", "name": "{\"fr\": \"LOUIS BERTRAND\", \"nl\": \"LOUIS BERTRAND\"}"}, {"gpscoordinates": "{\"latitude\": 50.872251, \"longitude\": 4.379834}", "id": "5359", "name": "{\"fr\": \"DEMOLDER\", \"nl\": \"DEMOLDER\"}"}, {"gpscoordinates": "{\"latitude\": 50.878438, \"longitude\": 4.409788}", "id": "5361", "name": "{\"fr\": \"BORDET STATION\", \"nl\": \"BORDET STATION\"}"}]}