{"total_count": 2550, "results": [{"gpscoordinates": "{\"latitude\": 50.859872, \"longitude\": 4.375848}", "id": "1696F", "name": "{\"fr\": \"COTEAUX\", \"nl\": \"WIJNHEUVELEN\"}"}, {"gpscoordinates": "{\"latitude\": 50.841731, \"longitude\": 4.353972}", "id": "1703", "name": "{\"fr\": \"GRAND SABLON\", \"nl\": \"GROTE ZAVEL\"}"}, {"gpscoordinates": "{\"latitude\": 50.824135, \"longitude\": 4.400458}", "id": "1716", "name": "{\"fr\": \"STRATEGIE\", \"nl\": \"KRIJGSKUNDE\"}"}, {"gpscoordinates": "{\"latitude\": 50.819105, \"longitude\": 4.414816}", "id": "1719", "name": "{\"fr\": \"VANDROMME\", \"nl\": \"VANDROMME\"}"}, {"gpscoordinates": "{\"latitude\": 50.885945, \"longitude\": 4.308625}", "id": "1727", "name": "{\"fr\": \"UZ-VUB\", \"nl\": \"UZ-VUB\"}"}, {"gpscoordinates": "{\"latitude\": 50.796712, \"longitude\": 4.321149}", "id": "5755", "name": "{\"fr\": \"CARREFOUR STALLE\", \"nl\": \"KRUISPUNT STALLE\"}"}, {"gpscoordinates": "{\"latitude\": 50.8937, \"longitude\": 4.362556}", "id": "5773", "name": "{\"fr\": \"ARAUCARIA\", \"nl\": \"ARAUCARIA\"}"}, {"gpscoordinates": "{\"latitude\": 50.876904, \"longitude\": 4.400878}", "id": "5801", "name": "{\"fr\": \"PAIX\", \"nl\": \"VREDE\"}"}, {"gpscoordinates": "{\"latitude\": 50.871653, \"longitude\": 4.384367}", "id": "5804G", "name": "{\"fr\": \"FOYER SCHAERBEEK.\", \"nl\": \"SCHAARBEEK. HAARD\"}"}, {"gpscoordinates": "{\"latitude\": 50.895399, \"longitude\": 4.356785}", "id": "5806", "name": "{\"fr\": \"DE WAND\", \"nl\": \"DE WAND\"}"}, {"gpscoordinates": "{\"latitude\": 50.818572, \"longitude\": 4.340952}", "id": "5810", "name": "{\"fr\": \"TIMMERMANS\", \"nl\": \"TIMMERMANS\"}"}, {"gpscoordinates": "{\"latitude\": 50.816566, \"longitude\": 4.336214}", "id": "5837F", "name": "{\"fr\": \"ALTITUDE CENT\", \"nl\": \"HOOGTE HONDERD\"}"}, {"gpscoordinates": "{\"latitude\": 50.799531, \"longitude\": 4.336466}", "id": "5853G", "name": "{\"fr\": \"GLOBE\", \"nl\": \"GLOBE\"}"}, {"gpscoordinates": "{\"latitude\": 50.871499, \"longitude\": 4.406216}", "id": "5874F", "name": "{\"fr\": \"LEKAERTS\", \"nl\": \"LEKAERTS\"}"}, {"gpscoordinates": "{\"latitude\": 50.881474, \"longitude\": 4.382494}", "id": "5911B", "name": "{\"fr\": \"PONT ALBERT\", \"nl\": \"ALBERTBRUG\"}"}, {"gpscoordinates": "{\"latitude\": 50.885509, \"longitude\": 4.389984}", "id": "5913", "name": "{\"fr\": \"MONNOYER\", \"nl\": \"MONNOYER\"}"}, {"gpscoordinates": "{\"latitude\": 50.796832, \"longitude\": 4.329461}", "id": "5917", "name": "{\"fr\": \"WAGON\", \"nl\": \"WAGEN\"}"}, {"gpscoordinates": "{\"latitude\": 50.795942, \"longitude\": 4.320812}", "id": "5921B", "name": "{\"fr\": \"CARREFOUR STALLE\", \"nl\": \"KRUISPUNT STALLE\"}"}, {"gpscoordinates": "{\"latitude\": 50.795128, \"longitude\": 4.315945}", "id": "5923", "name": "{\"fr\": \"EGGERGAT\", \"nl\": \"EGGERGAT\"}"}, {"gpscoordinates": "{\"latitude\": 50.834115, \"longitude\": 4.393126}", "id": "6009", "name": "{\"fr\": \"ACACIAS\", \"nl\": \"ACACIA\"}"}, {"gpscoordinates": "{\"latitude\": 50.852987, \"longitude\": 4.373581}", "id": "6017", "name": "{\"fr\": \"HOUWAERT\", \"nl\": \"HOUWAERT\"}"}, {"gpscoordinates": "{\"latitude\": 50.852825, \"longitude\": 4.378168}", "id": "6018", "name": "{\"fr\": \"STEURS\", \"nl\": \"STEURS\"}"}, {"gpscoordinates": "{\"latitude\": 50.853948, \"longitude\": 4.380753}", "id": "6019", "name": "{\"fr\": \"FUSS\", \"nl\": \"FUSS\"}"}, {"gpscoordinates": "{\"latitude\": 50.853921, \"longitude\": 4.38328}", "id": "6020", "name": "{\"fr\": \"CLAYS\", \"nl\": \"CLAYS\"}"}, {"gpscoordinates": "{\"latitude\": 50.84502, \"longitude\": 4.395104}", "id": "6022B", "name": "{\"fr\": \"WAPPERS\", \"nl\": \"WAPPERS\"}"}, {"gpscoordinates": "{\"latitude\": 50.846809, \"longitude\": 4.393402}", "id": "6023", "name": "{\"fr\": \"JAMBLINNE DE MEUX\", \"nl\": \"JAMBLINNE DE MEUX\"}"}, {"gpscoordinates": "{\"latitude\": 50.84484, \"longitude\": 4.395358}", "id": "6054B", "name": "{\"fr\": \"WAPPERS\", \"nl\": \"WAPPERS\"}"}, {"gpscoordinates": "{\"latitude\": 50.875478, \"longitude\": 4.353792}", "id": "6097B", "name": "{\"fr\": \"PRINC. CLEMENTINE\", \"nl\": \"PRINS. CLEMENTINA\"}"}, {"gpscoordinates": "{\"latitude\": 50.829955, \"longitude\": 4.379824}", "id": "6113F", "name": "{\"fr\": \"GERMOIR\", \"nl\": \"MOUTERIJ\"}"}, {"gpscoordinates": "{\"latitude\": 50.877132, \"longitude\": 4.353791}", "id": "6122", "name": "{\"fr\": \"PRINC. CLEMENTINE\", \"nl\": \"PRINS. CLEMENTINA\"}"}, {"gpscoordinates": "{\"latitude\": 50.829852, \"longitude\": 4.386154}", "id": "6156F", "name": "{\"fr\": \"EGLISE ST-ANTOINE\", \"nl\": \"SINT-ANTOONKERK\"}"}, {"gpscoordinates": "{\"latitude\": 50.829907, \"longitude\": 4.33805}", "id": "6166", "name": "{\"fr\": \"BETHLEEM\", \"nl\": \"BETHLEHEM\"}"}, {"gpscoordinates": "{\"latitude\": 50.83183, \"longitude\": 4.333762}", "id": "6175", "name": "{\"fr\": \"AVENUE DU ROI\", \"nl\": \"KONINGSLAAN\"}"}, {"gpscoordinates": "{\"latitude\": 50.869168, \"longitude\": 4.362516}", "id": "6178", "name": "{\"fr\": \"MASUI\", \"nl\": \"MASUI\"}"}, {"gpscoordinates": "{\"latitude\": 50.856167, \"longitude\": 4.391746}", "id": "6214", "name": "{\"fr\": \"PATRIE\", \"nl\": \"VADERLAND\"}"}, {"gpscoordinates": "{\"latitude\": 50.856734, \"longitude\": 4.391036}", "id": "6258F", "name": "{\"fr\": \"PATRIE\", \"nl\": \"VADERLAND\"}"}, {"gpscoordinates": "{\"latitude\": 50.835673, \"longitude\": 4.355167}", "id": "6314", "name": "{\"fr\": \"LOUISE\", \"nl\": \"LOUIZA\"}"}, {"gpscoordinates": "{\"latitude\": 50.850677, \"longitude\": 4.364478}", "id": "6357", "name": "{\"fr\": \"CONGRES\", \"nl\": \"CONGRES\"}"}, {"gpscoordinates": "{\"latitude\": 50.856062, \"longitude\": 4.367219}", "id": "6359F", "name": "{\"fr\": \"GILLON\", \"nl\": \"GILLON\"}"}, {"gpscoordinates": "{\"latitude\": 50.881383, \"longitude\": 4.374005}", "id": "6370", "name": "{\"fr\": \"VAN PRAET\", \"nl\": \"VAN PRAET\"}"}, {"gpscoordinates": "{\"latitude\": 50.819878, \"longitude\": 4.3594}", "id": "6406", "name": "{\"fr\": \"LEPOUTRE\", \"nl\": \"LEPOUTRE\"}"}, {"gpscoordinates": "{\"latitude\": 50.844281, \"longitude\": 4.339209}", "id": "6659F", "name": "{\"fr\": \"PTE D'ANDERLECHT\", \"nl\": \"ANDERLECHTSEPOORT\"}"}, {"gpscoordinates": "{\"latitude\": 50.853179, \"longitude\": 4.331389}", "id": "6706", "name": "{\"fr\": \"SAVONNERIE\", \"nl\": \"ZEEPZIEDERIJ\"}"}, {"gpscoordinates": "{\"latitude\": 50.828862, \"longitude\": 4.292786}", "id": "6792F", "name": "{\"fr\": \"VAN BEETHOVEN\", \"nl\": \"VAN BEETHOVEN\"}"}, {"gpscoordinates": "{\"latitude\": 50.839317, \"longitude\": 4.32954}", "id": "6808G", "name": "{\"fr\": \"CONSEIL\", \"nl\": \"RAAD\"}"}, {"gpscoordinates": "{\"latitude\": 50.832679, \"longitude\": 4.30178}", "id": "6812", "name": "{\"fr\": \"MEIR\", \"nl\": \"MEIR\"}"}, {"gpscoordinates": "{\"latitude\": 50.871282, \"longitude\": 4.324371}", "id": "6865", "name": "{\"fr\": \"MIROIR\", \"nl\": \"SPIEGEL\"}"}, {"gpscoordinates": "{\"latitude\": 50.794483, \"longitude\": 4.362255}", "id": "6931B", "name": "{\"fr\": \"GARE DE SAINT-JOB\", \"nl\": \"STATION SINT-JOB\"}"}, {"gpscoordinates": "{\"latitude\": 50.829481, \"longitude\": 4.513351}", "id": "7222", "name": "{\"fr\": \"TERVUREN STATION\", \"nl\": \"TERVUREN STATION\"}"}, {"gpscoordinates": "{\"latitude\": 50.822887, \"longitude\": 4.501556}", "id": "7303", "name": "{\"fr\": \"BRUSSELSESTEENWEG\", \"nl\": \"BRUSSELSESTEENWEG\"}"}, {"gpscoordinates": "{\"latitude\": 50.787381, \"longitude\": 4.316898}", "id": "7468", "name": "{\"fr\": \"GRAND'ROUTE\", \"nl\": \"GROTE BAAN\"}"}, {"gpscoordinates": "{\"latitude\": 50.787735, \"longitude\": 4.317477}", "id": "7474", "name": "{\"fr\": \"GRAND'ROUTE\", \"nl\": \"GROTE BAAN\"}"}, {"gpscoordinates": "{\"latitude\": 50.849518, \"longitude\": 4.505344}", "id": "7501", "name": "{\"fr\": \"HIPPODROME\", \"nl\": \"HIPPODROOM\"}"}, {"gpscoordinates": "{\"latitude\": 50.815235, \"longitude\": 4.264272}", "id": "7673", "name": "{\"fr\": \"ERASME\", \"nl\": \"ERASMUS\"}"}, {"gpscoordinates": "{\"latitude\": 50.81278, \"longitude\": 4.427637}", "id": "7864", "name": "{\"fr\": \"HERRMANN-DEBROUX\", \"nl\": \"HERRMANN-DEBROUX\"}"}, {"gpscoordinates": "{\"latitude\": 50.837822, \"longitude\": 4.407364}", "id": "8081", "name": "{\"fr\": \"MONTGOMERY\", \"nl\": \"MONTGOMERY\"}"}, {"gpscoordinates": "{\"latitude\": 50.844833, \"longitude\": 4.426369}", "id": "8112", "name": "{\"fr\": \"TOMBERG\", \"nl\": \"TOMBERG\"}"}, {"gpscoordinates": "{\"latitude\": 50.833128, \"longitude\": 4.401864}", "id": "8202", "name": "{\"fr\": \"THIEFFRY\", \"nl\": \"THIEFFRY\"}"}, {"gpscoordinates": "{\"latitude\": 50.857125, \"longitude\": 4.333143}", "id": "8292", "name": "{\"fr\": \"ETANGS NOIRS\", \"nl\": \"ZWARTE VIJVERS\"}"}, {"gpscoordinates": "{\"latitude\": 50.838034, \"longitude\": 4.361263}", "id": "8311", "name": "{\"fr\": \"PORTE DE NAMUR\", \"nl\": \"NAAMSEPOORT\"}"}, {"gpscoordinates": "{\"latitude\": 50.838185, \"longitude\": 4.361699}", "id": "8312", "name": "{\"fr\": \"PORTE DE NAMUR\", \"nl\": \"NAAMSEPOORT\"}"}, {"gpscoordinates": "{\"latitude\": 50.835074, \"longitude\": 4.354268}", "id": "8321", "name": "{\"fr\": \"LOUISE\", \"nl\": \"LOUIZA\"}"}, {"gpscoordinates": "{\"latitude\": 50.833309, \"longitude\": 4.349219}", "id": "8332", "name": "{\"fr\": \"HOTEL DES MONNAIES\", \"nl\": \"MUNTHOF\"}"}, {"gpscoordinates": "{\"latitude\": 50.833713, \"longitude\": 4.343513}", "id": "8342", "name": "{\"fr\": \"PORTE DE HAL\", \"nl\": \"HALLEPOORT\"}"}, {"gpscoordinates": "{\"latitude\": 50.845585, \"longitude\": 4.368867}", "id": "8402", "name": "{\"fr\": \"ARTS-LOI\", \"nl\": \"KUNST-WET\"}"}, {"gpscoordinates": "{\"latitude\": 50.860515, \"longitude\": 4.339486}", "id": "8462", "name": "{\"fr\": \"RIBAUCOURT\", \"nl\": \"RIBAUCOURT\"}"}, {"gpscoordinates": "{\"latitude\": 50.863138, \"longitude\": 4.330743}", "id": "8472", "name": "{\"fr\": \"ELISABETH\", \"nl\": \"ELISABETH\"}"}, {"gpscoordinates": "{\"latitude\": 50.816451, \"longitude\": 4.290203}", "id": "8662", "name": "{\"fr\": \"CERIA\", \"nl\": \"COOVI\"}"}, {"gpscoordinates": "{\"latitude\": 50.821263, \"longitude\": 4.294043}", "id": "8672", "name": "{\"fr\": \"LA ROUE\", \"nl\": \"HET RAD\"}"}, {"gpscoordinates": "{\"latitude\": 50.824934, \"longitude\": 4.297078}", "id": "8681", "name": "{\"fr\": \"BIZET\", \"nl\": \"BIZET\"}"}, {"gpscoordinates": "{\"latitude\": 50.843785, \"longitude\": 4.318032}", "id": "8721", "name": "{\"fr\": \"JACQUES BREL\", \"nl\": \"JACQUES BREL\"}"}, {"gpscoordinates": "{\"latitude\": 50.848584, \"longitude\": 4.320673}", "id": "8731", "name": "{\"fr\": \"GARE DE L'OUEST\", \"nl\": \"WESTSTATION\"}"}, {"gpscoordinates": "{\"latitude\": 50.848979, \"longitude\": 4.321096}", "id": "8732", "name": "{\"fr\": \"GARE DE L'OUEST\", \"nl\": \"WESTSTATION\"}"}, {"gpscoordinates": "{\"latitude\": 50.848999, \"longitude\": 4.320948}", "id": "8733", "name": "{\"fr\": \"GARE DE L'OUEST\", \"nl\": \"WESTSTATION\"}"}, {"gpscoordinates": "{\"latitude\": 50.853111, \"longitude\": 4.322763}", "id": "8741", "name": "{\"fr\": \"BEEKKANT\", \"nl\": \"BEEKKANT\"}"}, {"gpscoordinates": "{\"latitude\": 50.863646, \"longitude\": 4.330849}", "id": "8763", "name": "{\"fr\": \"SIMONIS\", \"nl\": \"SIMONIS\"}"}, {"gpscoordinates": "{\"latitude\": 50.868474, \"longitude\": 4.336964}", "id": "8774", "name": "{\"fr\": \"BELGICA\", \"nl\": \"BELGICA\"}"}, {"gpscoordinates": "{\"latitude\": 50.879152, \"longitude\": 4.347993}", "id": "8794", "name": "{\"fr\": \"BOCKSTAEL\", \"nl\": \"BOCKSTAEL\"}"}, {"gpscoordinates": "{\"latitude\": 50.854136, \"longitude\": 4.369269}", "id": "9023B", "name": "{\"fr\": \"RUE TRAVERSIERE\", \"nl\": \"DWARSSTRAAT\"}"}, {"gpscoordinates": "{\"latitude\": 50.889855, \"longitude\": 4.328816}", "id": "9047", "name": "{\"fr\": \"STIENON\", \"nl\": \"STIENON\"}"}, {"gpscoordinates": "{\"latitude\": 50.896804, \"longitude\": 4.337345}", "id": "9051F", "name": "{\"fr\": \"HEYSEL\", \"nl\": \"HEIZEL\"}"}, {"gpscoordinates": "{\"latitude\": 50.855235, \"longitude\": 4.36898}", "id": "9064", "name": "{\"fr\": \"RUE TRAVERSIERE\", \"nl\": \"DWARSSTRAAT\"}"}, {"gpscoordinates": "{\"latitude\": 50.876241, \"longitude\": 4.317873}", "id": "9103", "name": "{\"fr\": \"SQ. DU CENTENAIRE\", \"nl\": \"EEUWFEESTSQUARE\"}"}, {"gpscoordinates": "{\"latitude\": 50.898149, \"longitude\": 4.481761}", "id": "9600B", "name": "{\"fr\": \"BRUSSELS AIRPORT\", \"nl\": \"BRUSSELS AIRPORT\"}"}, {"gpscoordinates": "{\"latitude\": 50.919385, \"longitude\": 4.408232}", "id": "9631", "name": "{\"fr\": \"ENNEPETAL\", \"nl\": \"ENNEPETAL\"}"}, {"gpscoordinates": "{\"latitude\": 50.789905, \"longitude\": 4.29845}", "id": "9651", "name": "{\"fr\": \"KERK RUISBROEK\", \"nl\": \"KERK RUISBROEK\"}"}, {"gpscoordinates": "{\"latitude\": 50.774125, \"longitude\": 4.28139}", "id": "9656", "name": "{\"fr\": \"BEKA\", \"nl\": \"BEKA\"}"}, {"gpscoordinates": "{\"latitude\": 50.767019, \"longitude\": 4.274953}", "id": "9659", "name": "{\"fr\": \"STATION LOT\", \"nl\": \"STATION LOT\"}"}, {"gpscoordinates": "{\"latitude\": 50.855891, \"longitude\": 4.366991}", "id": "5735", "name": "{\"fr\": \"GILLON\", \"nl\": \"GILLON\"}"}, {"gpscoordinates": "{\"latitude\": 50.869914, \"longitude\": 4.371608}", "id": "5741", "name": "{\"fr\": \"PAVILLON\", \"nl\": \"PAVILJOEN\"}"}, {"gpscoordinates": "{\"latitude\": 50.873428, \"longitude\": 4.386924}", "id": "5803G", "name": "{\"fr\": \"HELMET\", \"nl\": \"HELMET\"}"}, {"gpscoordinates": "{\"latitude\": 50.80061, \"longitude\": 4.33648}", "id": "5827F", "name": "{\"fr\": \"GLOBE\", \"nl\": \"GLOBE\"}"}, {"gpscoordinates": "{\"latitude\": 50.819596, \"longitude\": 4.337148}", "id": "5838F", "name": "{\"fr\": \"JUPITER\", \"nl\": \"JUPITER\"}"}, {"gpscoordinates": "{\"latitude\": 50.810058, \"longitude\": 4.337566}", "id": "5856", "name": "{\"fr\": \"ROOSENDAEL\", \"nl\": \"ROOSENDAEL\"}"}, {"gpscoordinates": "{\"latitude\": 50.903895, \"longitude\": 4.412156}", "id": "5905", "name": "{\"fr\": \"AQUIRIS\", \"nl\": \"AQUIRIS\"}"}, {"gpscoordinates": "{\"latitude\": 50.79622, \"longitude\": 4.324184}", "id": "5916", "name": "{\"fr\": \"EGIDE VAN OPHEM\", \"nl\": \"EGIDE VAN OPHEM\"}"}, {"gpscoordinates": "{\"latitude\": 50.795966, \"longitude\": 4.320384}", "id": "5920C", "name": "{\"fr\": \"CARREFOUR STALLE\", \"nl\": \"KRUISPUNT STALLE\"}"}, {"gpscoordinates": "{\"latitude\": 50.794272, \"longitude\": 4.312968}", "id": "5922", "name": "{\"fr\": \"EGGERGAT\", \"nl\": \"EGGERGAT\"}"}, {"gpscoordinates": "{\"latitude\": 50.901505, \"longitude\": 4.408885}", "id": "5967", "name": "{\"fr\": \"RIVE DROITE\", \"nl\": \"RECHTEROEVER\"}"}, {"gpscoordinates": "{\"latitude\": 50.834295, \"longitude\": 4.393381}", "id": "6008", "name": "{\"fr\": \"ACACIAS\", \"nl\": \"ACACIA\"}"}]}