{"total_count": 2550, "results": [{"gpscoordinates": "{\"latitude\": 50.878456, \"longitude\": 4.409817}", "id": "5361F", "name": "{\"fr\": \"BORDET STATION\", \"nl\": \"BORDET STATION\"}"}, {"gpscoordinates": "{\"latitude\": 50.878141, \"longitude\": 4.409916}", "id": "5362F", "name": "{\"fr\": \"BORDET STATION\", \"nl\": \"BORDET STATION\"}"}, {"gpscoordinates": "{\"latitude\": 50.889219, \"longitude\": 4.334089}", "id": "5398F", "name": "{\"fr\": \"POLYCL. BRUGMANN\", \"nl\": \"POLIKL. BRUGMANN\"}"}, {"gpscoordinates": "{\"latitude\": 50.889039, \"longitude\": 4.334672}", "id": "5399F", "name": "{\"fr\": \"POLYCL. BRUGMANN\", \"nl\": \"POLIKL. BRUGMANN\"}"}, {"gpscoordinates": "{\"latitude\": 50.893407, \"longitude\": 4.332111}", "id": "5400", "name": "{\"fr\": \"STADE\", \"nl\": \"STADION\"}"}, {"gpscoordinates": "{\"latitude\": 50.814061, \"longitude\": 4.384119}", "id": "5407", "name": "{\"fr\": \"ULB\", \"nl\": \"ULB\"}"}, {"gpscoordinates": "{\"latitude\": 50.801169, \"longitude\": 4.393449}", "id": "5416F", "name": "{\"fr\": \"BOONDAEL GARE\", \"nl\": \"BOONDAAL STATION\"}"}, {"gpscoordinates": "{\"latitude\": 50.796898, \"longitude\": 4.397475}", "id": "5418", "name": "{\"fr\": \"HIPPOD. BOITSFORT\", \"nl\": \"RENBAAN BOSVOORDE\"}"}, {"gpscoordinates": "{\"latitude\": 50.795447, \"longitude\": 4.407814}", "id": "5420F", "name": "{\"fr\": \"BOITSFORT GARE\", \"nl\": \"BOSVOORDE STATION\"}"}, {"gpscoordinates": "{\"latitude\": 50.800907, \"longitude\": 4.422359}", "id": "5430", "name": "{\"fr\": \"FAUCONNERIE\", \"nl\": \"VALKERIJ\"}"}, {"gpscoordinates": "{\"latitude\": 50.801438, \"longitude\": 4.393009}", "id": "5451F", "name": "{\"fr\": \"BOONDAEL GARE\", \"nl\": \"BOONDAAL STATION\"}"}, {"gpscoordinates": "{\"latitude\": 50.795573, \"longitude\": 4.407147}", "id": "5454F", "name": "{\"fr\": \"BOITSFORT GARE\", \"nl\": \"BOSVOORDE STATION\"}"}, {"gpscoordinates": "{\"latitude\": 50.799463, \"longitude\": 4.379178}", "id": "5458", "name": "{\"fr\": \"GENDARMES\", \"nl\": \"GENDARMEN\"}"}, {"gpscoordinates": "{\"latitude\": 50.802859, \"longitude\": 4.390385}", "id": "5459F", "name": "{\"fr\": \"BRESIL\", \"nl\": \"BRAZILIE\"}"}, {"gpscoordinates": "{\"latitude\": 50.819834, \"longitude\": 4.370512}", "id": "5466", "name": "{\"fr\": \"ABBAYE\", \"nl\": \"ABDIJ\"}"}, {"gpscoordinates": "{\"latitude\": 50.824108, \"longitude\": 4.366996}", "id": "5467", "name": "{\"fr\": \"VLEURGAT\", \"nl\": \"VLEURGAT\"}"}, {"gpscoordinates": "{\"latitude\": 50.8155, \"longitude\": 4.383566}", "id": "5468", "name": "{\"fr\": \"JEANNE\", \"nl\": \"JOHANNA\"}"}, {"gpscoordinates": "{\"latitude\": 50.827628, \"longitude\": 4.363358}", "id": "5475", "name": "{\"fr\": \"BAILLI\", \"nl\": \"BALJUW\"}"}, {"gpscoordinates": "{\"latitude\": 50.798947, \"longitude\": 4.395473}", "id": "5477F", "name": "{\"fr\": \"BOONDAEL GARE\", \"nl\": \"BOONDAAL STATION\"}"}, {"gpscoordinates": "{\"latitude\": 50.798885, \"longitude\": 4.395362}", "id": "5479F", "name": "{\"fr\": \"BOONDAEL GARE\", \"nl\": \"BOONDAAL STATION\"}"}, {"gpscoordinates": "{\"latitude\": 50.830988, \"longitude\": 4.389874}", "id": "5480", "name": "{\"fr\": \"LA CHASSE\", \"nl\": \"DE JACHT\"}"}, {"gpscoordinates": "{\"latitude\": 50.836753, \"longitude\": 4.41154}", "id": "5501", "name": "{\"fr\": \"GJ MARTIN\", \"nl\": \"GJ MARTIN\"}"}, {"gpscoordinates": "{\"latitude\": 50.831131, \"longitude\": 4.451677}", "id": "5509", "name": "{\"fr\": \"RUE AU BOIS\", \"nl\": \"BOSSTRAAT\"}"}, {"gpscoordinates": "{\"latitude\": 50.834696, \"longitude\": 4.456609}", "id": "5510", "name": "{\"fr\": \"AVIATION\", \"nl\": \"LUCHTVAART\"}"}, {"gpscoordinates": "{\"latitude\": 50.846286, \"longitude\": 4.484263}", "id": "5523", "name": "{\"fr\": \"LOUIS MARCELIS\", \"nl\": \"LOUIS MARCELIS\"}"}, {"gpscoordinates": "{\"latitude\": 50.845335, \"longitude\": 4.473043}", "id": "5525", "name": "{\"fr\": \"DE BURBURE\", \"nl\": \"DE BURBURE\"}"}, {"gpscoordinates": "{\"latitude\": 50.844614, \"longitude\": 4.464508}", "id": "5530", "name": "{\"fr\": \"AMITIE\", \"nl\": \"VRIENDSCHAP\"}"}, {"gpscoordinates": "{\"latitude\": 50.838098, \"longitude\": 4.46316}", "id": "5551", "name": "{\"fr\": \"ESCRIME\", \"nl\": \"SCHERMKUNST\"}"}, {"gpscoordinates": "{\"latitude\": 50.829785, \"longitude\": 4.369746}", "id": "5612", "name": "{\"fr\": \"MUSEE D'IXELLES\", \"nl\": \"MUSEUM VAN ELSENE\"}"}, {"gpscoordinates": "{\"latitude\": 50.900108, \"longitude\": 4.348126}", "id": "5701", "name": "{\"fr\": \"ESPLANADE\", \"nl\": \"ESPLANADE\"}"}, {"gpscoordinates": "{\"latitude\": 50.881583, \"longitude\": 4.3733}", "id": "5707", "name": "{\"fr\": \"VAN PRAET\", \"nl\": \"VAN PRAET\"}"}, {"gpscoordinates": "{\"latitude\": 50.849894, \"longitude\": 4.381107}", "id": "1568", "name": "{\"fr\": \"CLOVIS\", \"nl\": \"CLOVIS\"}"}, {"gpscoordinates": "{\"latitude\": 50.840749, \"longitude\": 4.484562}", "id": "1602", "name": "{\"fr\": \"VIOLETTES\", \"nl\": \"VIOOLTJES\"}"}, {"gpscoordinates": "{\"latitude\": 50.846952, \"longitude\": 4.483413}", "id": "1605", "name": "{\"fr\": \"LOUIS MARCELIS\", \"nl\": \"LOUIS MARCELIS\"}"}, {"gpscoordinates": "{\"latitude\": 50.843551, \"longitude\": 4.487266}", "id": "1617", "name": "{\"fr\": \"PLAINE DES SPORTS\", \"nl\": \"SPORTPLEIN\"}"}, {"gpscoordinates": "{\"latitude\": 50.852841, \"longitude\": 4.482745}", "id": "1625", "name": "{\"fr\": \"EGLISE WEZEMBEEK\", \"nl\": \"KERK WEZEMBEEK\"}"}, {"gpscoordinates": "{\"latitude\": 50.848754, \"longitude\": 4.458553}", "id": "1638B", "name": "{\"fr\": \"KRAAINEM\", \"nl\": \"KRAAINEM\"}"}, {"gpscoordinates": "{\"latitude\": 50.805949, \"longitude\": 4.340894}", "id": "1650", "name": "{\"fr\": \"COLLEGE ST-PIERRE\", \"nl\": \"ST-PIETERSCOLLEGE\"}"}, {"gpscoordinates": "{\"latitude\": 50.803597, \"longitude\": 4.342061}", "id": "1651", "name": "{\"fr\": \"HEROS\", \"nl\": \"HELDEN\"}"}, {"gpscoordinates": "{\"latitude\": 50.863052, \"longitude\": 4.347176}", "id": "1670", "name": "{\"fr\": \"SUZAN DANIEL\", \"nl\": \"SUZAN DANIEL\"}"}, {"gpscoordinates": "{\"latitude\": 50.873581, \"longitude\": 4.322738}", "id": "1674F", "name": "{\"fr\": \"BRUXELLOIS\", \"nl\": \"BRUSSELAARS\"}"}, {"gpscoordinates": "{\"latitude\": 50.880061, \"longitude\": 4.315951}", "id": "1679F", "name": "{\"fr\": \"EXPOSITION\", \"nl\": \"TENTOONSTELLING\"}"}, {"gpscoordinates": "{\"latitude\": 50.886652, \"longitude\": 4.311336}", "id": "1683F", "name": "{\"fr\": \"UZ BRUSSEL\", \"nl\": \"UZ BRUSSEL\"}"}, {"gpscoordinates": "{\"latitude\": 50.893478, \"longitude\": 4.319755}", "id": "1689F", "name": "{\"fr\": \"DE HEYN\", \"nl\": \"DE HEYN\"}"}, {"gpscoordinates": "{\"latitude\": 50.893998, \"longitude\": 4.325572}", "id": "1691F", "name": "{\"fr\": \"PALFIJN\", \"nl\": \"PALFIJN\"}"}, {"gpscoordinates": "{\"latitude\": 50.894154, \"longitude\": 4.331475}", "id": "1693F", "name": "{\"fr\": \"STADE\", \"nl\": \"STADION\"}"}, {"gpscoordinates": "{\"latitude\": 50.826393, \"longitude\": 4.396727}", "id": "1715", "name": "{\"fr\": \"ARSENAL\", \"nl\": \"ARSENAAL\"}"}, {"gpscoordinates": "{\"latitude\": 50.820617, \"longitude\": 4.409552}", "id": "1718B", "name": "{\"fr\": \"EGLISE ST-JULIEN\", \"nl\": \"SINT-JULIAANSKERK\"}"}, {"gpscoordinates": "{\"latitude\": 50.811714, \"longitude\": 4.432757}", "id": "1723B", "name": "{\"fr\": \"SCHOONEJANS\", \"nl\": \"SCHOONEJANS\"}"}, {"gpscoordinates": "{\"latitude\": 50.835924, \"longitude\": 4.356089}", "id": "1726", "name": "{\"fr\": \"LOUISE\", \"nl\": \"LOUIZA\"}"}, {"gpscoordinates": "{\"latitude\": 50.839842, \"longitude\": 4.369371}", "id": "1729", "name": "{\"fr\": \"SCIENCE\", \"nl\": \"WETENSCHAP\"}"}, {"gpscoordinates": "{\"latitude\": 50.79192, \"longitude\": 4.351576}", "id": "1737", "name": "{\"fr\": \"DROSSART\", \"nl\": \"DROSSAARD\"}"}, {"gpscoordinates": "{\"latitude\": 50.884648, \"longitude\": 4.322212}", "id": "1746", "name": "{\"fr\": \"BONAVENTURE\", \"nl\": \"BONAVENTURE\"}"}, {"gpscoordinates": "{\"latitude\": 50.875668, \"longitude\": 4.318538}", "id": "1747", "name": "{\"fr\": \"SQ. DU CENTENAIRE\", \"nl\": \"EEUWFEESTSQUARE\"}"}, {"gpscoordinates": "{\"latitude\": 50.875097, \"longitude\": 4.313015}", "id": "1748", "name": "{\"fr\": \"CPAS GANSHOREN\", \"nl\": \"OCMW GANSHOREN\"}"}, {"gpscoordinates": "{\"latitude\": 50.812483, \"longitude\": 4.428388}", "id": "1754", "name": "{\"fr\": \"HERRMANN-DEBROUX\", \"nl\": \"HERRMANN-DEBROUX\"}"}, {"gpscoordinates": "{\"latitude\": 50.885043, \"longitude\": 4.321743}", "id": "1755", "name": "{\"fr\": \"BONAVENTURE\", \"nl\": \"BONAVENTURE\"}"}, {"gpscoordinates": "{\"latitude\": 50.871086, \"longitude\": 4.330171}", "id": "1766", "name": "{\"fr\": \"FIRMIN LECHARLIER\", \"nl\": \"FIRMIN LECHARLIER\"}"}, {"gpscoordinates": "{\"latitude\": 50.884943, \"longitude\": 4.322728}", "id": "1768", "name": "{\"fr\": \"BONAVENTURE\", \"nl\": \"BONAVENTURE\"}"}, {"gpscoordinates": "{\"latitude\": 50.839925, \"longitude\": 4.369258}", "id": "1776", "name": "{\"fr\": \"SCIENCE\", \"nl\": \"WETENSCHAP\"}"}, {"gpscoordinates": "{\"latitude\": 50.825898, \"longitude\": 4.397734}", "id": "1779", "name": "{\"fr\": \"ARSENAL\", \"nl\": \"ARSENAAL\"}"}, {"gpscoordinates": "{\"latitude\": 50.870978, \"longitude\": 4.330174}", "id": "1782", "name": "{\"fr\": \"FIRMIN LECHARLIER\", \"nl\": \"FIRMIN LECHARLIER\"}"}, {"gpscoordinates": "{\"latitude\": 50.882563, \"longitude\": 4.335713}", "id": "1788B", "name": "{\"fr\": \"GUILL. DE GREEF\", \"nl\": \"GUILL. DE GREEF\"}"}, {"gpscoordinates": "{\"latitude\": 50.833143, \"longitude\": 4.342664}", "id": "1801", "name": "{\"fr\": \"PORTE DE HAL\", \"nl\": \"HALLEPOORT\"}"}, {"gpscoordinates": "{\"latitude\": 50.837065, \"longitude\": 4.38664}", "id": "1803B", "name": "{\"fr\": \"LEMAN\", \"nl\": \"LEMAN\"}"}, {"gpscoordinates": "{\"latitude\": 50.83435, \"longitude\": 4.388044}", "id": "1804", "name": "{\"fr\": \"LOUIS HAP\", \"nl\": \"LOUIS HAP\"}"}, {"gpscoordinates": "{\"latitude\": 50.832262, \"longitude\": 4.398902}", "id": "1807", "name": "{\"fr\": \"ROI VAINQUEUR\", \"nl\": \"KON. OVERWINNAAR\"}"}, {"gpscoordinates": "{\"latitude\": 50.828736, \"longitude\": 4.407927}", "id": "1810", "name": "{\"fr\": \"BARON DE CASTRO\", \"nl\": \"BARON DE CASTRO\"}"}, {"gpscoordinates": "{\"latitude\": 50.826613, \"longitude\": 4.411843}", "id": "1811", "name": "{\"fr\": \"DREVE DE NIVELLES\", \"nl\": \"NIJVELSEDREEF\"}"}, {"gpscoordinates": "{\"latitude\": 50.830501, \"longitude\": 4.418486}", "id": "1814B", "name": "{\"fr\": \"OCEAN ATLANTIQUE\", \"nl\": \"ATLANT. OCEAAN\"}"}, {"gpscoordinates": "{\"latitude\": 50.833278, \"longitude\": 4.423319}", "id": "1815", "name": "{\"fr\": \"MOSTINCK\", \"nl\": \"MOSTINCK\"}"}, {"gpscoordinates": "{\"latitude\": 50.831355, \"longitude\": 4.438022}", "id": "1818", "name": "{\"fr\": \"KELLE\", \"nl\": \"KELLE\"}"}, {"gpscoordinates": "{\"latitude\": 50.908377, \"longitude\": 4.395668}", "id": "1827", "name": "{\"fr\": \"MERCATOR\", \"nl\": \"MERCATOR\"}"}, {"gpscoordinates": "{\"latitude\": 50.842247, \"longitude\": 4.456538}", "id": "1829", "name": "{\"fr\": \"VAL DES SEIGNEURS\", \"nl\": \"HERENDAL\"}"}, {"gpscoordinates": "{\"latitude\": 50.842081, \"longitude\": 4.450887}", "id": "1830", "name": "{\"fr\": \"KONKEL\", \"nl\": \"KONKEL\"}"}, {"gpscoordinates": "{\"latitude\": 50.841399, \"longitude\": 4.448927}", "id": "1831", "name": "{\"fr\": \"DON BOSCO\", \"nl\": \"DON BOSCO\"}"}, {"gpscoordinates": "{\"latitude\": 50.836926, \"longitude\": 4.467474}", "id": "1835", "name": "{\"fr\": \"BOULEAUX\", \"nl\": \"BERKEN\"}"}, {"gpscoordinates": "{\"latitude\": 50.83698, \"longitude\": 4.467233}", "id": "1840", "name": "{\"fr\": \"BOULEAUX\", \"nl\": \"BERKEN\"}"}, {"gpscoordinates": "{\"latitude\": 50.841905, \"longitude\": 4.456992}", "id": "1846", "name": "{\"fr\": \"VAL DES SEIGNEURS\", \"nl\": \"HERENDAL\"}"}, {"gpscoordinates": "{\"latitude\": 50.841094, \"longitude\": 4.459887}", "id": "1847", "name": "{\"fr\": \"GERSIS\", \"nl\": \"GERSIS\"}"}, {"gpscoordinates": "{\"latitude\": 50.825841, \"longitude\": 4.456976}", "id": "1852", "name": "{\"fr\": \"VANDER MEERSCHEN\", \"nl\": \"VANDER MEERSCHEN\"}"}, {"gpscoordinates": "{\"latitude\": 50.829285, \"longitude\": 4.455393}", "id": "1853", "name": "{\"fr\": \"MANOIR D'ANJOU\", \"nl\": \"MANOIR D'ANJOU\"}"}, {"gpscoordinates": "{\"latitude\": 50.831085, \"longitude\": 4.452259}", "id": "1854", "name": "{\"fr\": \"RUE AU BOIS\", \"nl\": \"BOSSTRAAT\"}"}, {"gpscoordinates": "{\"latitude\": 50.855635, \"longitude\": 4.35804}", "id": "511", "name": "{\"fr\": \"ROGIER\", \"nl\": \"ROGIER\"}"}, {"gpscoordinates": "{\"latitude\": 50.860134, \"longitude\": 4.359946}", "id": "521", "name": "{\"fr\": \"GARE DU NORD\", \"nl\": \"NOORDSTATION\"}"}, {"gpscoordinates": "{\"latitude\": 50.860718, \"longitude\": 4.3605}", "id": "526", "name": "{\"fr\": \"GARE DU NORD\", \"nl\": \"NOORDSTATION\"}"}, {"gpscoordinates": "{\"latitude\": 50.856232, \"longitude\": 4.358726}", "id": "529", "name": "{\"fr\": \"ROGIER\", \"nl\": \"ROGIER\"}"}, {"gpscoordinates": "{\"latitude\": 50.860763, \"longitude\": 4.360273}", "id": "536", "name": "{\"fr\": \"GARE DU NORD\", \"nl\": \"NOORDSTATION\"}"}, {"gpscoordinates": "{\"latitude\": 50.848086, \"longitude\": 4.349455}", "id": "606", "name": "{\"fr\": \"BOURSE\", \"nl\": \"BEURS\"}"}, {"gpscoordinates": "{\"latitude\": 50.836811, \"longitude\": 4.337407}", "id": "636", "name": "{\"fr\": \"GARE DU MIDI\", \"nl\": \"ZUIDSTATION\"}"}, {"gpscoordinates": "{\"latitude\": 50.82109, \"longitude\": 4.343888}", "id": "706", "name": "{\"fr\": \"ALBERT\", \"nl\": \"ALBERT\"}"}, {"gpscoordinates": "{\"latitude\": 50.837123, \"longitude\": 4.407182}", "id": "801", "name": "{\"fr\": \"MONTGOMERY\", \"nl\": \"MONTGOMERY\"}"}, {"gpscoordinates": "{\"latitude\": 50.848931, \"longitude\": 4.402428}", "id": "821", "name": "{\"fr\": \"DIAMANT\", \"nl\": \"DIAMANT\"}"}, {"gpscoordinates": "{\"latitude\": 50.870847, \"longitude\": 4.324577}", "id": "1014F", "name": "{\"fr\": \"MIROIR\", \"nl\": \"SPIEGEL\"}"}, {"gpscoordinates": "{\"latitude\": 50.863306, \"longitude\": 4.353795}", "id": "1016", "name": "{\"fr\": \"WILLEBROEK\", \"nl\": \"WILLEBROEK\"}"}, {"gpscoordinates": "{\"latitude\": 50.861176, \"longitude\": 4.355358}", "id": "1024B", "name": "{\"fr\": \"WTC\", \"nl\": \"WTC\"}"}, {"gpscoordinates": "{\"latitude\": 50.815959, \"longitude\": 4.371874}", "id": "1047F", "name": "{\"fr\": \"LEGRAND\", \"nl\": \"LEGRAND\"}"}, {"gpscoordinates": "{\"latitude\": 50.815564, \"longitude\": 4.37176}", "id": "1048F", "name": "{\"fr\": \"LEGRAND\", \"nl\": \"LEGRAND\"}"}, {"gpscoordinates": "{\"latitude\": 50.863315, \"longitude\": 4.354037}", "id": "1051", "name": "{\"fr\": \"WILLEBROEK\", \"nl\": \"WILLEBROEK\"}"}, {"gpscoordinates": "{\"latitude\": 50.842882, \"longitude\": 4.350791}", "id": "1063", "name": "{\"fr\": \"CESAR DE PAEPE\", \"nl\": \"CESAR DE PAEPE\"}"}]}