{"total_count": 2550, "results": [{"gpscoordinates": "{\"latitude\": 50.839427, \"longitude\": 4.307469}", "id": "3091", "name": "{\"fr\": \"BEAUTE\", \"nl\": \"SCHOONHEID\"}"}, {"gpscoordinates": "{\"latitude\": 50.876799, \"longitude\": 4.385732}", "id": "3098", "name": "{\"fr\": \"ANATOLE FRANCE\", \"nl\": \"ANATOLE FRANCE\"}"}, {"gpscoordinates": "{\"latitude\": 50.849049, \"longitude\": 4.377769}", "id": "3100", "name": "{\"fr\": \"GUTENBERG\", \"nl\": \"GUTENBERG\"}"}, {"gpscoordinates": "{\"latitude\": 50.879766, \"longitude\": 4.383871}", "id": "3105", "name": "{\"fr\": \"ZENOBE GRAMME\", \"nl\": \"ZENOBE GRAMME\"}"}, {"gpscoordinates": "{\"latitude\": 50.877429, \"longitude\": 4.379182}", "id": "3106", "name": "{\"fr\": \"SCHAERBEEK GARE\", \"nl\": \"SCHAARBEEK STAT.\"}"}, {"gpscoordinates": "{\"latitude\": 50.863073, \"longitude\": 4.377446}", "id": "3111", "name": "{\"fr\": \"HERMAN\", \"nl\": \"HERMAN\"}"}, {"gpscoordinates": "{\"latitude\": 50.859172, \"longitude\": 4.377161}", "id": "3112", "name": "{\"fr\": \"COTEAUX\", \"nl\": \"WIJNHEUVELEN\"}"}, {"gpscoordinates": "{\"latitude\": 50.829389, \"longitude\": 4.376161}", "id": "3121B", "name": "{\"fr\": \"WERY\", \"nl\": \"WERY\"}"}, {"gpscoordinates": "{\"latitude\": 50.828658, \"longitude\": 4.376665}", "id": "3123", "name": "{\"fr\": \"LEVURE\", \"nl\": \"GIST\"}"}, {"gpscoordinates": "{\"latitude\": 50.88822, \"longitude\": 4.335447}", "id": "3142", "name": "{\"fr\": \"POLYCL. BRUGMANN\", \"nl\": \"POLIKL. BRUGMANN\"}"}, {"gpscoordinates": "{\"latitude\": 50.84756, \"longitude\": 4.363669}", "id": "3150", "name": "{\"fr\": \"PARC\", \"nl\": \"PARK\"}"}, {"gpscoordinates": "{\"latitude\": 50.833084, \"longitude\": 4.378277}", "id": "3156", "name": "{\"fr\": \"NATATION\", \"nl\": \"ZWEMKUNST\"}"}, {"gpscoordinates": "{\"latitude\": 50.83792, \"longitude\": 4.381785}", "id": "3158B", "name": "{\"fr\": \"JOURDAN\", \"nl\": \"JOURDAN\"}"}, {"gpscoordinates": "{\"latitude\": 50.859855, \"longitude\": 4.377757}", "id": "3164", "name": "{\"fr\": \"COTEAUX\", \"nl\": \"WIJNHEUVELEN\"}"}, {"gpscoordinates": "{\"latitude\": 50.865419, \"longitude\": 4.377687}", "id": "3166", "name": "{\"fr\": \"ERNEST LAUDE\", \"nl\": \"ERNEST LAUDE\"}"}, {"gpscoordinates": "{\"latitude\": 50.868215, \"longitude\": 4.377077}", "id": "3167", "name": "{\"fr\": \"EENENS\", \"nl\": \"EENENS\"}"}, {"gpscoordinates": "{\"latitude\": 50.870876, \"longitude\": 4.376126}", "id": "3168", "name": "{\"fr\": \"VERBOEKHOVEN\", \"nl\": \"VERBOEKHOVEN\"}"}, {"gpscoordinates": "{\"latitude\": 50.877375, \"longitude\": 4.380191}", "id": "3177", "name": "{\"fr\": \"SCHAERBEEK GARE\", \"nl\": \"SCHAARBEEK STAT.\"}"}, {"gpscoordinates": "{\"latitude\": 50.875478, \"longitude\": 4.382875}", "id": "3180", "name": "{\"fr\": \"HUART-HAMOIR\", \"nl\": \"HUART-HAMOIR\"}"}, {"gpscoordinates": "{\"latitude\": 50.857129, \"longitude\": 4.390241}", "id": "3183", "name": "{\"fr\": \"PATRIE\", \"nl\": \"VADERLAND\"}"}, {"gpscoordinates": "{\"latitude\": 50.856985, \"longitude\": 4.390113}", "id": "3184", "name": "{\"fr\": \"PATRIE\", \"nl\": \"VADERLAND\"}"}, {"gpscoordinates": "{\"latitude\": 50.860536, \"longitude\": 4.392046}", "id": "3185", "name": "{\"fr\": \"CHAZAL\", \"nl\": \"CHAZAL\"}"}, {"gpscoordinates": "{\"latitude\": 50.859673, \"longitude\": 4.39152}", "id": "3186", "name": "{\"fr\": \"CHAZAL\", \"nl\": \"CHAZAL\"}"}, {"gpscoordinates": "{\"latitude\": 50.883549, \"longitude\": 4.419967}", "id": "3203", "name": "{\"fr\": \"MIDDELWEG\", \"nl\": \"MIDDELWEG\"}"}, {"gpscoordinates": "{\"latitude\": 50.881959, \"longitude\": 4.417138}", "id": "3204", "name": "{\"fr\": \"SABCA\", \"nl\": \"SABCA\"}"}, {"gpscoordinates": "{\"latitude\": 50.870623, \"longitude\": 4.418589}", "id": "3207", "name": "{\"fr\": \"JULES BORDET\", \"nl\": \"JULES BORDET\"}"}, {"gpscoordinates": "{\"latitude\": 50.878191, \"longitude\": 4.410322}", "id": "3214", "name": "{\"fr\": \"BORDET STATION\", \"nl\": \"BORDET STATION\"}"}, {"gpscoordinates": "{\"latitude\": 50.847097, \"longitude\": 4.387396}", "id": "3218", "name": "{\"fr\": \"MARGUERITE\", \"nl\": \"MARGARETA\"}"}, {"gpscoordinates": "{\"latitude\": 50.850536, \"longitude\": 4.338749}", "id": "3223B", "name": "{\"fr\": \"PORTE DE NINOVE\", \"nl\": \"NINOOFSEPOORT\"}"}, {"gpscoordinates": "{\"latitude\": 50.850022, \"longitude\": 4.334696}", "id": "3228", "name": "{\"fr\": \"TRIANGLE\", \"nl\": \"DRIEHOEK\"}"}, {"gpscoordinates": "{\"latitude\": 50.880576, \"longitude\": 4.321762}", "id": "3229", "name": "{\"fr\": \"EUGENE TOUSSAINT\", \"nl\": \"EUGENE TOUSSAINT\"}"}, {"gpscoordinates": "{\"latitude\": 50.855659, \"longitude\": 4.306405}", "id": "3235", "name": "{\"fr\": \"CANDRIES\", \"nl\": \"CANDRIES\"}"}, {"gpscoordinates": "{\"latitude\": 50.852396, \"longitude\": 4.307205}", "id": "3238", "name": "{\"fr\": \"CONDOR\", \"nl\": \"CONDOR\"}"}, {"gpscoordinates": "{\"latitude\": 50.862095, \"longitude\": 4.409177}", "id": "3240", "name": "{\"fr\": \"OPTIMISME\", \"nl\": \"OPTIMISME\"}"}, {"gpscoordinates": "{\"latitude\": 50.807399, \"longitude\": 4.312267}", "id": "3247", "name": "{\"fr\": \"MAX WALLER\", \"nl\": \"MAX WALLER\"}"}, {"gpscoordinates": "{\"latitude\": 50.850913, \"longitude\": 4.307675}", "id": "3252", "name": "{\"fr\": \"TAMARIS\", \"nl\": \"TAMARISKEN\"}"}, {"gpscoordinates": "{\"latitude\": 50.848843, \"longitude\": 4.321708}", "id": "3253F", "name": "{\"fr\": \"GARE DE L'OUEST\", \"nl\": \"WESTSTATION\"}"}, {"gpscoordinates": "{\"latitude\": 50.849177, \"longitude\": 4.32601}", "id": "3257", "name": "{\"fr\": \"QUATRE-VENTS\", \"nl\": \"VIER WINDEN\"}"}, {"gpscoordinates": "{\"latitude\": 50.851034, \"longitude\": 4.345094}", "id": "3261", "name": "{\"fr\": \"DANSAERT\", \"nl\": \"DANSAERT\"}"}, {"gpscoordinates": "{\"latitude\": 50.849449, \"longitude\": 4.32937}", "id": "3263F", "name": "{\"fr\": \"DUCHESSE BRABANT\", \"nl\": \"HERTOGIN BRABANT\"}"}, {"gpscoordinates": "{\"latitude\": 50.859711, \"longitude\": 4.41497}", "id": "3272", "name": "{\"fr\": \"PADUWA\", \"nl\": \"PADUWA\"}"}, {"gpscoordinates": "{\"latitude\": 50.864222, \"longitude\": 4.41871}", "id": "3274", "name": "{\"fr\": \"CIM. DE BRUXELLES\", \"nl\": \"BEGR. VAN BRUSSEL\"}"}, {"gpscoordinates": "{\"latitude\": 50.870748, \"longitude\": 4.41876}", "id": "3276", "name": "{\"fr\": \"JULES BORDET\", \"nl\": \"JULES BORDET\"}"}, {"gpscoordinates": "{\"latitude\": 50.881716, \"longitude\": 4.416924}", "id": "3279", "name": "{\"fr\": \"SABCA\", \"nl\": \"SABCA\"}"}, {"gpscoordinates": "{\"latitude\": 50.884148, \"longitude\": 4.421197}", "id": "3280", "name": "{\"fr\": \"MIDDELWEG\", \"nl\": \"MIDDELWEG\"}"}, {"gpscoordinates": "{\"latitude\": 50.865371, \"longitude\": 4.422078}", "id": "3285", "name": "{\"fr\": \"DIABLOTINS\", \"nl\": \"DUIVELTJES\"}"}, {"gpscoordinates": "{\"latitude\": 50.856815, \"longitude\": 4.390652}", "id": "3298", "name": "{\"fr\": \"PATRIE\", \"nl\": \"VADERLAND\"}"}, {"gpscoordinates": "{\"latitude\": 50.858317, \"longitude\": 4.384603}", "id": "3299", "name": "{\"fr\": \"BIENFAITEURS\", \"nl\": \"WELDOENERS\"}"}, {"gpscoordinates": "{\"latitude\": 50.858308, \"longitude\": 4.384134}", "id": "3308F", "name": "{\"fr\": \"BIENFAITEURS\", \"nl\": \"WELDOENERS\"}"}, {"gpscoordinates": "{\"latitude\": 50.877382, \"longitude\": 4.419548}", "id": "3317", "name": "{\"fr\": \"FUSEE\", \"nl\": \"RAKET\"}"}, {"gpscoordinates": "{\"latitude\": 50.895474, \"longitude\": 4.388007}", "id": "3342", "name": "{\"fr\": \"PETER BENOIT\", \"nl\": \"PETER BENOIT\"}"}, {"gpscoordinates": "{\"latitude\": 50.89405, \"longitude\": 4.389192}", "id": "3343", "name": "{\"fr\": \"CROIX DE GUERRE\", \"nl\": \"OORLOGSKRUISEN\"}"}, {"gpscoordinates": "{\"latitude\": 50.887162, \"longitude\": 4.377459}", "id": "3344", "name": "{\"fr\": \"HEEMBEEK\", \"nl\": \"HEEMBEEK\"}"}, {"gpscoordinates": "{\"latitude\": 50.887143, \"longitude\": 4.377779}", "id": "3345", "name": "{\"fr\": \"HEEMBEEK\", \"nl\": \"HEEMBEEK\"}"}, {"gpscoordinates": "{\"latitude\": 50.894152, \"longitude\": 4.389226}", "id": "3346", "name": "{\"fr\": \"CROIX DE GUERRE\", \"nl\": \"OORLOGSKRUISEN\"}"}, {"gpscoordinates": "{\"latitude\": 50.857679, \"longitude\": 4.384461}", "id": "3360F", "name": "{\"fr\": \"BIENFAITEURS\", \"nl\": \"WELDOENERS\"}"}, {"gpscoordinates": "{\"latitude\": 50.87177, \"longitude\": 4.403872}", "id": "3361", "name": "{\"fr\": \"HOEDEMAEKERS\", \"nl\": \"HOEDEMAEKERS\"}"}, {"gpscoordinates": "{\"latitude\": 50.850546, \"longitude\": 4.397406}", "id": "3366", "name": "{\"fr\": \"PLASKY\", \"nl\": \"PLASKY\"}"}, {"gpscoordinates": "{\"latitude\": 50.850698, \"longitude\": 4.397163}", "id": "3367", "name": "{\"fr\": \"PLASKY\", \"nl\": \"PLASKY\"}"}, {"gpscoordinates": "{\"latitude\": 50.834693, \"longitude\": 4.305881}", "id": "3368", "name": "{\"fr\": \"SAINT-GUIDON\", \"nl\": \"SINT-GUIDO\"}"}, {"gpscoordinates": "{\"latitude\": 50.83476, \"longitude\": 4.306103}", "id": "3369", "name": "{\"fr\": \"SAINT-GUIDON\", \"nl\": \"SINT-GUIDO\"}"}, {"gpscoordinates": "{\"latitude\": 50.836048, \"longitude\": 4.314279}", "id": "3379", "name": "{\"fr\": \"DOUVRES\", \"nl\": \"DOVER\"}"}, {"gpscoordinates": "{\"latitude\": 50.860251, \"longitude\": 4.371221}", "id": "3380", "name": "{\"fr\": \"ROBIANO\", \"nl\": \"ROBIANO\"}"}, {"gpscoordinates": "{\"latitude\": 50.88947, \"longitude\": 4.380108}", "id": "3385", "name": "{\"fr\": \"PRES COMMUNS\", \"nl\": \"GEMENEBEEMDEN\"}"}, {"gpscoordinates": "{\"latitude\": 50.860826, \"longitude\": 4.358739}", "id": "3400", "name": "{\"fr\": \"GARE DU NORD\", \"nl\": \"NOORDSTATION\"}"}, {"gpscoordinates": "{\"latitude\": 50.862497, \"longitude\": 4.380542}", "id": "3414", "name": "{\"fr\": \"AZALEES\", \"nl\": \"AZALEA\"}"}, {"gpscoordinates": "{\"latitude\": 50.874341, \"longitude\": 4.403888}", "id": "3420", "name": "{\"fr\": \"OUD-KAPELLEKE\", \"nl\": \"OUD-KAPELLEKE\"}"}, {"gpscoordinates": "{\"latitude\": 50.90615, \"longitude\": 4.388625}", "id": "3429", "name": "{\"fr\": \"HOP. MILITAIRE\", \"nl\": \"MILITAIR HOSP.\"}"}, {"gpscoordinates": "{\"latitude\": 50.905991, \"longitude\": 4.39526}", "id": "3446", "name": "{\"fr\": \"HOPITAL MILITAIRE\", \"nl\": \"MILITAIR HOSP.\"}"}, {"gpscoordinates": "{\"latitude\": 50.867563, \"longitude\": 4.40134}", "id": "3448B", "name": "{\"fr\": \"GARE D'EVERE\", \"nl\": \"STATION EVERE\"}"}, {"gpscoordinates": "{\"latitude\": 50.861096, \"longitude\": 4.412542}", "id": "3460", "name": "{\"fr\": \"GUILLAUME\", \"nl\": \"GUILLAUME\"}"}, {"gpscoordinates": "{\"latitude\": 50.859324, \"longitude\": 4.415637}", "id": "3461", "name": "{\"fr\": \"PADUWA\", \"nl\": \"PADUWA\"}"}, {"gpscoordinates": "{\"latitude\": 50.855561, \"longitude\": 4.428543}", "id": "3463", "name": "{\"fr\": \"GULLEDELLE\", \"nl\": \"GULLEDELLE\"}"}, {"gpscoordinates": "{\"latitude\": 50.851799, \"longitude\": 4.350802}", "id": "3469", "name": "{\"fr\": \"DE BROUCKERE\", \"nl\": \"DE BROUCKERE\"}"}, {"gpscoordinates": "{\"latitude\": 50.879772, \"longitude\": 4.334737}", "id": "3482", "name": "{\"fr\": \"CIM. DE JETTE\", \"nl\": \"KERKH. VAN JETTE\"}"}, {"gpscoordinates": "{\"latitude\": 50.842487, \"longitude\": 4.35897}", "id": "3503", "name": "{\"fr\": \"ROYALE\", \"nl\": \"KONING\"}"}, {"gpscoordinates": "{\"latitude\": 50.827324, \"longitude\": 4.371906}", "id": "3508F", "name": "{\"fr\": \"FLAGEY\", \"nl\": \"FLAGEY\"}"}, {"gpscoordinates": "{\"latitude\": 50.813926, \"longitude\": 4.384942}", "id": "3513", "name": "{\"fr\": \"ULB\", \"nl\": \"ULB\"}"}, {"gpscoordinates": "{\"latitude\": 50.82414, \"longitude\": 4.373435}", "id": "3517", "name": "{\"fr\": \"ETANGS D'IXELLES\", \"nl\": \"VIJVERS ELSENE\"}"}, {"gpscoordinates": "{\"latitude\": 50.816744, \"longitude\": 4.405058}", "id": "3520", "name": "{\"fr\": \"DELTA\", \"nl\": \"DELTA\"}"}, {"gpscoordinates": "{\"latitude\": 50.815971, \"longitude\": 4.407505}", "id": "3521", "name": "{\"fr\": \"BEAULIEU\", \"nl\": \"BEAULIEU\"}"}, {"gpscoordinates": "{\"latitude\": 50.815284, \"longitude\": 4.383736}", "id": "3525", "name": "{\"fr\": \"JEANNE\", \"nl\": \"JOHANNA\"}"}, {"gpscoordinates": "{\"latitude\": 50.813181, \"longitude\": 4.433909}", "id": "3526", "name": "{\"fr\": \"JARDIN MASSART\", \"nl\": \"MASSARTTUIN\"}"}, {"gpscoordinates": "{\"latitude\": 50.811452, \"longitude\": 4.439695}", "id": "3529", "name": "{\"fr\": \"ROUGE-CLOITRE\", \"nl\": \"ROODKLOOSTER\"}"}, {"gpscoordinates": "{\"latitude\": 50.812342, \"longitude\": 4.438604}", "id": "3530", "name": "{\"fr\": \"ROUGE-CLOITRE\", \"nl\": \"ROODKLOOSTER\"}"}, {"gpscoordinates": "{\"latitude\": 50.893224, \"longitude\": 4.319084}", "id": "3540", "name": "{\"fr\": \"DE HEYN\", \"nl\": \"DE HEYN\"}"}, {"gpscoordinates": "{\"latitude\": 50.816111, \"longitude\": 4.416345}", "id": "3550", "name": "{\"fr\": \"ROODENBERG\", \"nl\": \"RODENBERG\"}"}, {"gpscoordinates": "{\"latitude\": 50.816381, \"longitude\": 4.415721}", "id": "3552", "name": "{\"fr\": \"ROODENBERG\", \"nl\": \"RODENBERG\"}"}, {"gpscoordinates": "{\"latitude\": 50.818237, \"longitude\": 4.404285}", "id": "3556", "name": "{\"fr\": \"DELTA\", \"nl\": \"DELTA\"}"}, {"gpscoordinates": "{\"latitude\": 50.820853, \"longitude\": 4.376617}", "id": "3562B", "name": "{\"fr\": \"GEO BERNIER\", \"nl\": \"GEO BERNIER\"}"}, {"gpscoordinates": "{\"latitude\": 50.827754, \"longitude\": 4.371676}", "id": "3572", "name": "{\"fr\": \"FLAGEY\", \"nl\": \"FLAGEY\"}"}, {"gpscoordinates": "{\"latitude\": 50.827754, \"longitude\": 4.37169}", "id": "3572F", "name": "{\"fr\": \"FLAGEY\", \"nl\": \"FLAGEY\"}"}, {"gpscoordinates": "{\"latitude\": 50.906187, \"longitude\": 4.388839}", "id": "3577", "name": "{\"fr\": \"HOP. MILITAIRE\", \"nl\": \"MILITAIR HOSP.\"}"}, {"gpscoordinates": "{\"latitude\": 50.80282, \"longitude\": 4.315237}", "id": "3581", "name": "{\"fr\": \"BEMPT\", \"nl\": \"BEMPT\"}"}, {"gpscoordinates": "{\"latitude\": 50.882663, \"longitude\": 4.321959}", "id": "3606", "name": "{\"fr\": \"FERNANDE VOLRAL\", \"nl\": \"FERNANDE VOLRAL\"}"}, {"gpscoordinates": "{\"latitude\": 50.825882, \"longitude\": 4.285623}", "id": "3612F", "name": "{\"fr\": \"PARC VIVES\", \"nl\": \"VIVES-PARK\"}"}, {"gpscoordinates": "{\"latitude\": 50.863368, \"longitude\": 4.418752}", "id": "3661", "name": "{\"fr\": \"CIM. DE BRUXELLES\", \"nl\": \"BEGR. VAN BRUSSEL\"}"}, {"gpscoordinates": "{\"latitude\": 50.823973, \"longitude\": 4.310747}", "id": "3681", "name": "{\"fr\": \"DIGUE DU CANAL\", \"nl\": \"VAARTDIJK\"}"}, {"gpscoordinates": "{\"latitude\": 50.859167, \"longitude\": 4.40115}", "id": "3705", "name": "{\"fr\": \"FRANS COURTENS\", \"nl\": \"FRANS COURTENS\"}"}, {"gpscoordinates": "{\"latitude\": 50.829469, \"longitude\": 4.28583}", "id": "3712", "name": "{\"fr\": \"VANHELLEMONT\", \"nl\": \"VANHELLEMONT\"}"}]}