{"total_count": 2550, "results": [{"gpscoordinates": "{\"latitude\": 50.882205, \"longitude\": 4.407163}", "id": "3176", "name": "{\"fr\": \"VANDENHOVEN\", \"nl\": \"VANDENHOVEN\"}"}, {"gpscoordinates": "{\"latitude\": 50.799885, \"longitude\": 4.336446}", "id": "3188", "name": "{\"fr\": \"GLOBE\", \"nl\": \"GLOBE\"}"}, {"gpscoordinates": "{\"latitude\": 50.802727, \"longitude\": 4.336556}", "id": "3189", "name": "{\"fr\": \"XAVIER DE BUE\", \"nl\": \"XAVIER DE BUE\"}"}, {"gpscoordinates": "{\"latitude\": 50.809427, \"longitude\": 4.313018}", "id": "3194", "name": "{\"fr\": \"SAINT-DENIS\", \"nl\": \"SINT-DENIJS\"}"}, {"gpscoordinates": "{\"latitude\": 50.862308, \"longitude\": 4.416194}", "id": "3210B", "name": "{\"fr\": \"ARTEMIS\", \"nl\": \"ARTEMIS\"}"}, {"gpscoordinates": "{\"latitude\": 50.851141, \"longitude\": 4.395961}", "id": "3216", "name": "{\"fr\": \"PLASKY\", \"nl\": \"PLASKY\"}"}, {"gpscoordinates": "{\"latitude\": 50.847322, \"longitude\": 4.391116}", "id": "3217", "name": "{\"fr\": \"GUEUX\", \"nl\": \"GEUZEN\"}"}, {"gpscoordinates": "{\"latitude\": 50.851241, \"longitude\": 4.344952}", "id": "3221", "name": "{\"fr\": \"DANSAERT\", \"nl\": \"DANSAERT\"}"}, {"gpscoordinates": "{\"latitude\": 50.849177, \"longitude\": 4.32557}", "id": "3225", "name": "{\"fr\": \"QUATRE-VENTS\", \"nl\": \"VIER WINDEN\"}"}, {"gpscoordinates": "{\"latitude\": 50.849529, \"longitude\": 4.329631}", "id": "3226B", "name": "{\"fr\": \"DUCHESSE BRABANT\", \"nl\": \"HERTOGIN BRABANT\"}"}, {"gpscoordinates": "{\"latitude\": 50.849532, \"longitude\": 4.329607}", "id": "3226F", "name": "{\"fr\": \"DUCHESSE BRABANT\", \"nl\": \"HERTOGIN BRABANT\"}"}, {"gpscoordinates": "{\"latitude\": 50.848852, \"longitude\": 4.320969}", "id": "3230", "name": "{\"fr\": \"GARE DE L'OUEST\", \"nl\": \"WESTSTATION\"}"}, {"gpscoordinates": "{\"latitude\": 50.851463, \"longitude\": 4.311353}", "id": "3232", "name": "{\"fr\": \"DUBOIS\", \"nl\": \"DUBOIS\"}"}, {"gpscoordinates": "{\"latitude\": 50.847651, \"longitude\": 4.36355}", "id": "3237", "name": "{\"fr\": \"PARC\", \"nl\": \"PARK\"}"}, {"gpscoordinates": "{\"latitude\": 50.800296, \"longitude\": 4.31828}", "id": "3255", "name": "{\"fr\": \"NEERSTALLE\", \"nl\": \"NEERSTALLE\"}"}, {"gpscoordinates": "{\"latitude\": 50.861562, \"longitude\": 4.415938}", "id": "3273", "name": "{\"fr\": \"ARTEMIS\", \"nl\": \"ARTEMIS\"}"}, {"gpscoordinates": "{\"latitude\": 50.851356, \"longitude\": 4.31168}", "id": "3281", "name": "{\"fr\": \"DUBOIS\", \"nl\": \"DUBOIS\"}"}, {"gpscoordinates": "{\"latitude\": 50.852036, \"longitude\": 4.316437}", "id": "3282", "name": "{\"fr\": \"JOSEPH BAECK\", \"nl\": \"JOSEPH BAECK\"}"}, {"gpscoordinates": "{\"latitude\": 50.871643, \"longitude\": 4.405932}", "id": "3305", "name": "{\"fr\": \"LEKAERTS\", \"nl\": \"LEKAERTS\"}"}, {"gpscoordinates": "{\"latitude\": 50.871958, \"longitude\": 4.40383}", "id": "3306", "name": "{\"fr\": \"HOEDEMAEKERS\", \"nl\": \"HOEDEMAEKERS\"}"}, {"gpscoordinates": "{\"latitude\": 50.877435, \"longitude\": 4.421296}", "id": "3321", "name": "{\"fr\": \"FUSEE\", \"nl\": \"RAKET\"}"}, {"gpscoordinates": "{\"latitude\": 50.846406, \"longitude\": 4.357819}", "id": "3323", "name": "{\"fr\": \"GARE CENTRALE\", \"nl\": \"CENTRAAL STATION\"}"}, {"gpscoordinates": "{\"latitude\": 50.846595, \"longitude\": 4.357038}", "id": "3347", "name": "{\"fr\": \"GARE CENTRALE\", \"nl\": \"CENTRAAL STATION\"}"}, {"gpscoordinates": "{\"latitude\": 50.803316, \"longitude\": 4.308992}", "id": "3356", "name": "{\"fr\": \"BEMPT\", \"nl\": \"BEMPT\"}"}, {"gpscoordinates": "{\"latitude\": 50.803219, \"longitude\": 4.309104}", "id": "3357", "name": "{\"fr\": \"BEMPT\", \"nl\": \"BEMPT\"}"}, {"gpscoordinates": "{\"latitude\": 50.847976, \"longitude\": 4.367781}", "id": "3358", "name": "{\"fr\": \"PRESSE\", \"nl\": \"DRUKPERS\"}"}, {"gpscoordinates": "{\"latitude\": 50.834771, \"longitude\": 4.306349}", "id": "3371F", "name": "{\"fr\": \"SAINT-GUIDON\", \"nl\": \"SINT-GUIDO\"}"}, {"gpscoordinates": "{\"latitude\": 50.835725, \"longitude\": 4.311911}", "id": "3377", "name": "{\"fr\": \"RESISTANCE\", \"nl\": \"VERZET\"}"}, {"gpscoordinates": "{\"latitude\": 50.889004, \"longitude\": 4.379642}", "id": "3384", "name": "{\"fr\": \"PRES COMMUNS\", \"nl\": \"GEMENEBEEMDEN\"}"}, {"gpscoordinates": "{\"latitude\": 50.899293, \"longitude\": 4.40308}", "id": "3388", "name": "{\"fr\": \"MARLY\", \"nl\": \"MARLY\"}"}, {"gpscoordinates": "{\"latitude\": 50.898604, \"longitude\": 4.398451}", "id": "3393", "name": "{\"fr\": \"CHEMIN VERT\", \"nl\": \"GROENWEG\"}"}, {"gpscoordinates": "{\"latitude\": 50.898835, \"longitude\": 4.399398}", "id": "3394", "name": "{\"fr\": \"CHEMIN VERT\", \"nl\": \"GROENWEG\"}"}, {"gpscoordinates": "{\"latitude\": 50.842675, \"longitude\": 4.383504}", "id": "3399", "name": "{\"fr\": \"SCHUMAN\", \"nl\": \"SCHUMAN\"}"}, {"gpscoordinates": "{\"latitude\": 50.864249, \"longitude\": 4.418199}", "id": "3401", "name": "{\"fr\": \"CIM. DE BRUXELLES\", \"nl\": \"BEGR. VAN BRUSSEL\"}"}, {"gpscoordinates": "{\"latitude\": 50.861276, \"longitude\": 4.412642}", "id": "3402", "name": "{\"fr\": \"GUILLAUME\", \"nl\": \"GUILLAUME\"}"}, {"gpscoordinates": "{\"latitude\": 50.86793, \"longitude\": 4.406426}", "id": "3404", "name": "{\"fr\": \"LOISIRS\", \"nl\": \"VRIJETIJD\"}"}, {"gpscoordinates": "{\"latitude\": 50.866191, \"longitude\": 4.386083}", "id": "3409", "name": "{\"fr\": \"LOUIS BERTRAND\", \"nl\": \"LOUIS BERTRAND\"}"}, {"gpscoordinates": "{\"latitude\": 50.871257, \"longitude\": 4.34512}", "id": "3413", "name": "{\"fr\": \"POUCHKINE\", \"nl\": \"POESJKIN\"}"}, {"gpscoordinates": "{\"latitude\": 50.870897, \"longitude\": 4.407182}", "id": "3424", "name": "{\"fr\": \"PERMEKE\", \"nl\": \"PERMEKE\"}"}, {"gpscoordinates": "{\"latitude\": 50.892956, \"longitude\": 4.333022}", "id": "3435", "name": "{\"fr\": \"STADE\", \"nl\": \"STADION\"}"}, {"gpscoordinates": "{\"latitude\": 50.818694, \"longitude\": 4.408515}", "id": "3447", "name": "{\"fr\": \"GINETTE JAVAUX\", \"nl\": \"GINETTE JAVAUX\"}"}, {"gpscoordinates": "{\"latitude\": 50.868823, \"longitude\": 4.395744}", "id": "3449", "name": "{\"fr\": \"KURTH\", \"nl\": \"KURTH\"}"}, {"gpscoordinates": "{\"latitude\": 50.86793, \"longitude\": 4.40627}", "id": "3458", "name": "{\"fr\": \"LOISIRS\", \"nl\": \"VRIJETIJD\"}"}, {"gpscoordinates": "{\"latitude\": 50.860337, \"longitude\": 4.421547}", "id": "3462", "name": "{\"fr\": \"CICERON\", \"nl\": \"CICERO\"}"}, {"gpscoordinates": "{\"latitude\": 50.81742, \"longitude\": 4.378614}", "id": "3481", "name": "{\"fr\": \"BUYL\", \"nl\": \"BUYL\"}"}, {"gpscoordinates": "{\"latitude\": 50.844123, \"longitude\": 4.359055}", "id": "3502", "name": "{\"fr\": \"BOZAR\", \"nl\": \"BOZAR\"}"}, {"gpscoordinates": "{\"latitude\": 50.820259, \"longitude\": 4.377041}", "id": "3510B", "name": "{\"fr\": \"GEO BERNIER\", \"nl\": \"GEO BERNIER\"}"}, {"gpscoordinates": "{\"latitude\": 50.837543, \"longitude\": 4.362009}", "id": "3518B", "name": "{\"fr\": \"PORTE DE NAMUR\", \"nl\": \"NAAMSEPOORT\"}"}, {"gpscoordinates": "{\"latitude\": 50.813379, \"longitude\": 4.433285}", "id": "3524", "name": "{\"fr\": \"JARDIN MASSART\", \"nl\": \"MASSARTTUIN\"}"}, {"gpscoordinates": "{\"latitude\": 50.897499, \"longitude\": 4.322768}", "id": "3536", "name": "{\"fr\": \"ONYX\", \"nl\": \"ONYX\"}"}, {"gpscoordinates": "{\"latitude\": 50.818353, \"longitude\": 4.405847}", "id": "3546", "name": "{\"fr\": \"DELTA\", \"nl\": \"DELTA\"}"}, {"gpscoordinates": "{\"latitude\": 50.813655, \"longitude\": 4.419876}", "id": "3549", "name": "{\"fr\": \"VIGNETTE\", \"nl\": \"KLEINE WIJNGAARD\"}"}, {"gpscoordinates": "{\"latitude\": 50.817857, \"longitude\": 4.411678}", "id": "3551", "name": "{\"fr\": \"CLESSE\", \"nl\": \"CLESSE\"}"}, {"gpscoordinates": "{\"latitude\": 50.817227, \"longitude\": 4.413423}", "id": "3553", "name": "{\"fr\": \"CLESSE\", \"nl\": \"CLESSE\"}"}, {"gpscoordinates": "{\"latitude\": 50.842748, \"longitude\": 4.358813}", "id": "3567", "name": "{\"fr\": \"ROYALE\", \"nl\": \"KONING\"}"}, {"gpscoordinates": "{\"latitude\": 50.906035, \"longitude\": 4.387922}", "id": "3575", "name": "{\"fr\": \"HOP. MILITAIRE\", \"nl\": \"MILITAIR HOSP.\"}"}, {"gpscoordinates": "{\"latitude\": 50.901902, \"longitude\": 4.405057}", "id": "3576", "name": "{\"fr\": \"SOLVAY\", \"nl\": \"SOLVAY\"}"}, {"gpscoordinates": "{\"latitude\": 50.882386, \"longitude\": 4.331153}", "id": "3585", "name": "{\"fr\": \"LORGE\", \"nl\": \"LORGE\"}"}, {"gpscoordinates": "{\"latitude\": 50.882814, \"longitude\": 4.322101}", "id": "3607", "name": "{\"fr\": \"FERNANDE VOLRAL\", \"nl\": \"FERNANDE VOLRAL\"}"}, {"gpscoordinates": "{\"latitude\": 50.826152, \"longitude\": 4.286105}", "id": "3609F", "name": "{\"fr\": \"PARC VIVES\", \"nl\": \"VIVES-PARK\"}"}, {"gpscoordinates": "{\"latitude\": 50.837984, \"longitude\": 4.368667}", "id": "3620B", "name": "{\"fr\": \"LONDRES\", \"nl\": \"LONDEN\"}"}, {"gpscoordinates": "{\"latitude\": 50.838038, \"longitude\": 4.368766}", "id": "3623B", "name": "{\"fr\": \"LONDRES\", \"nl\": \"LONDEN\"}"}, {"gpscoordinates": "{\"latitude\": 50.834945, \"longitude\": 4.355876}", "id": "3624B", "name": "{\"fr\": \"LOUISE\", \"nl\": \"LOUIZA\"}"}, {"gpscoordinates": "{\"latitude\": 50.823887, \"longitude\": 4.353452}", "id": "3625B", "name": "{\"fr\": \"MA CAMPAGNE\", \"nl\": \"MA CAMPAGNE\"}"}, {"gpscoordinates": "{\"latitude\": 50.838003, \"longitude\": 4.353594}", "id": "3629", "name": "{\"fr\": \"POELAERT\", \"nl\": \"POELAERT\"}"}, {"gpscoordinates": "{\"latitude\": 50.842189, \"longitude\": 4.354148}", "id": "3630", "name": "{\"fr\": \"GRAND SABLON\", \"nl\": \"GROTE ZAVEL\"}"}, {"gpscoordinates": "{\"latitude\": 50.851142, \"longitude\": 4.34437}", "id": "3633C", "name": "{\"fr\": \"DANSAERT\", \"nl\": \"DANSAERT\"}"}, {"gpscoordinates": "{\"latitude\": 50.863667, \"longitude\": 4.413198}", "id": "3702", "name": "{\"fr\": \"ARBRE UNIQUE\", \"nl\": \"EENBOOM\"}"}, {"gpscoordinates": "{\"latitude\": 50.830981, \"longitude\": 4.289291}", "id": "3713", "name": "{\"fr\": \"SCHERDEMAEL\", \"nl\": \"SCHERDEMAAL\"}"}, {"gpscoordinates": "{\"latitude\": 50.833404, \"longitude\": 4.282615}", "id": "3717", "name": "{\"fr\": \"SIBELIUS\", \"nl\": \"SIBELIUS\"}"}, {"gpscoordinates": "{\"latitude\": 50.835641, \"longitude\": 4.331204}", "id": "3800", "name": "{\"fr\": \"ELOY\", \"nl\": \"ELOY\"}"}, {"gpscoordinates": "{\"latitude\": 50.833096, \"longitude\": 4.327998}", "id": "3802", "name": "{\"fr\": \"VETERINAIRES\", \"nl\": \"VEEARTSEN\"}"}, {"gpscoordinates": "{\"latitude\": 50.830458, \"longitude\": 4.319426}", "id": "3805", "name": "{\"fr\": \"PETITE ILE\", \"nl\": \"KLEIN EILAND\"}"}, {"gpscoordinates": "{\"latitude\": 50.810772, \"longitude\": 4.30347}", "id": "3850", "name": "{\"fr\": \"HUMANITE\", \"nl\": \"HUMANITEIT\"}"}, {"gpscoordinates": "{\"latitude\": 50.832052, \"longitude\": 4.324833}", "id": "3852", "name": "{\"fr\": \"DEUX GARES\", \"nl\": \"TWEE STATIONS\"}"}, {"gpscoordinates": "{\"latitude\": 50.819864, \"longitude\": 4.308609}", "id": "3859", "name": "{\"fr\": \"LABEUR\", \"nl\": \"ARBEID\"}"}, {"gpscoordinates": "{\"latitude\": 50.849013, \"longitude\": 4.416848}", "id": "3908", "name": "{\"fr\": \"HEYDENBERG\", \"nl\": \"HEYDENBERG\"}"}, {"gpscoordinates": "{\"latitude\": 50.850333, \"longitude\": 4.408414}", "id": "3911", "name": "{\"fr\": \"DIVIN SAUVEUR\", \"nl\": \"GODD. ZALIGMAKER\"}"}, {"gpscoordinates": "{\"latitude\": 50.854699, \"longitude\": 4.425119}", "id": "3920", "name": "{\"fr\": \"ANDROMEDE\", \"nl\": \"ANDROMEDA\"}"}, {"gpscoordinates": "{\"latitude\": 50.850804, \"longitude\": 4.410246}", "id": "3952", "name": "{\"fr\": \"FEVRIER\", \"nl\": \"FEBRUARI\"}"}, {"gpscoordinates": "{\"latitude\": 50.855187, \"longitude\": 4.42103}", "id": "3959", "name": "{\"fr\": \"CAPRICORNE\", \"nl\": \"STEENBOK\"}"}, {"gpscoordinates": "{\"latitude\": 50.854456, \"longitude\": 4.425251}", "id": "3962", "name": "{\"fr\": \"ANDROMEDE\", \"nl\": \"ANDROMEDA\"}"}, {"gpscoordinates": "{\"latitude\": 50.859329, \"longitude\": 4.309795}", "id": "4054G", "name": "{\"fr\": \"CIM. DE MOLENBEEK\", \"nl\": \"BEGR. MOLENBEEK\"}"}, {"gpscoordinates": "{\"latitude\": 50.862809, \"longitude\": 4.299667}", "id": "4066F", "name": "{\"fr\": \"GENOT\", \"nl\": \"GENOT\"}"}, {"gpscoordinates": "{\"latitude\": 50.872707, \"longitude\": 4.298342}", "id": "4101", "name": "{\"fr\": \"BASILIX\", \"nl\": \"BASILIX\"}"}, {"gpscoordinates": "{\"latitude\": 50.878185, \"longitude\": 4.304287}", "id": "4103", "name": "{\"fr\": \"HET VEROOST\", \"nl\": \"HET VEROOST\"}"}, {"gpscoordinates": "{\"latitude\": 50.872429, \"longitude\": 4.313118}", "id": "4105", "name": "{\"fr\": \"NEREUS\", \"nl\": \"NEREUS\"}"}, {"gpscoordinates": "{\"latitude\": 50.874008, \"longitude\": 4.310317}", "id": "4112", "name": "{\"fr\": \"LOWET\", \"nl\": \"LOWET\"}"}, {"gpscoordinates": "{\"latitude\": 50.877554, \"longitude\": 4.347198}", "id": "4118F", "name": "{\"fr\": \"BOCKSTAEL\", \"nl\": \"BOCKSTAEL\"}"}, {"gpscoordinates": "{\"latitude\": 50.877545, \"longitude\": 4.347795}", "id": "4119F", "name": "{\"fr\": \"BOCKSTAEL\", \"nl\": \"BOCKSTAEL\"}"}, {"gpscoordinates": "{\"latitude\": 50.877671, \"longitude\": 4.348235}", "id": "4123", "name": "{\"fr\": \"BOCKSTAEL\", \"nl\": \"BOCKSTAEL\"}"}, {"gpscoordinates": "{\"latitude\": 50.87572, \"longitude\": 4.34835}", "id": "4127", "name": "{\"fr\": \"BOCKSTAEL\", \"nl\": \"BOCKSTAEL\"}"}, {"gpscoordinates": "{\"latitude\": 50.865494, \"longitude\": 4.327473}", "id": "4152", "name": "{\"fr\": \"PARC ELISABETH\", \"nl\": \"ELISABETHPARK\"}"}, {"gpscoordinates": "{\"latitude\": 50.86806, \"longitude\": 4.315424}", "id": "4153", "name": "{\"fr\": \"COLLEGE S.-COEUR\", \"nl\": \"H. HARTCOLLEGE\"}"}, {"gpscoordinates": "{\"latitude\": 50.872806, \"longitude\": 4.29793}", "id": "4162", "name": "{\"fr\": \"BASILIX\", \"nl\": \"BASILIX\"}"}, {"gpscoordinates": "{\"latitude\": 50.877078, \"longitude\": 4.300879}", "id": "4168", "name": "{\"fr\": \"GANSHOREN-SPORT\", \"nl\": \"GANSHOREN-SPORT\"}"}, {"gpscoordinates": "{\"latitude\": 50.894031, \"longitude\": 4.325214}", "id": "4205B", "name": "{\"fr\": \"PALFIJN\", \"nl\": \"PALFIJN\"}"}, {"gpscoordinates": "{\"latitude\": 50.892377, \"longitude\": 4.324067}", "id": "4206B", "name": "{\"fr\": \"TIRCHER\", \"nl\": \"TIRCHER\"}"}, {"gpscoordinates": "{\"latitude\": 50.858413, \"longitude\": 4.336782}", "id": "4214", "name": "{\"fr\": \"MERCHTEM\", \"nl\": \"MERCHTEM\"}"}, {"gpscoordinates": "{\"latitude\": 50.895887, \"longitude\": 4.32702}", "id": "4228", "name": "{\"fr\": \"AMETHYSTE\", \"nl\": \"AMETHIST\"}"}]}