{"total_count": 2550, "results": [{"gpscoordinates": "{\"latitude\": 50.806384, \"longitude\": 4.387635}", "id": "5414F", "name": "{\"fr\": \"MARIE-JOSE\", \"nl\": \"MARIE-JOSE\"}"}, {"gpscoordinates": "{\"latitude\": 50.802634, \"longitude\": 4.390584}", "id": "5415F", "name": "{\"fr\": \"BRESIL\", \"nl\": \"BRAZILIE\"}"}, {"gpscoordinates": "{\"latitude\": 50.801169, \"longitude\": 4.393449}", "id": "5416", "name": "{\"fr\": \"BOONDAEL GARE\", \"nl\": \"BOONDAAL STATION\"}"}, {"gpscoordinates": "{\"latitude\": 50.796294, \"longitude\": 4.401659}", "id": "5419", "name": "{\"fr\": \"COCCINELLES\", \"nl\": \"LIEVEHEERSB.\"}"}, {"gpscoordinates": "{\"latitude\": 50.795733, \"longitude\": 4.413573}", "id": "5421", "name": "{\"fr\": \"DELLEUR\", \"nl\": \"DELLEUR\"}"}, {"gpscoordinates": "{\"latitude\": 50.811881, \"longitude\": 4.42782}", "id": "5426", "name": "{\"fr\": \"HERRMANN-DEBROUX\", \"nl\": \"HERRMANN-DEBROUX\"}"}, {"gpscoordinates": "{\"latitude\": 50.801438, \"longitude\": 4.393009}", "id": "5451", "name": "{\"fr\": \"BOONDAEL GARE\", \"nl\": \"BOONDAAL STATION\"}"}, {"gpscoordinates": "{\"latitude\": 50.79814, \"longitude\": 4.418256}", "id": "5452", "name": "{\"fr\": \"WIENER\", \"nl\": \"WIENER\"}"}, {"gpscoordinates": "{\"latitude\": 50.79567, \"longitude\": 4.412949}", "id": "5453", "name": "{\"fr\": \"DELLEUR\", \"nl\": \"DELLEUR\"}"}, {"gpscoordinates": "{\"latitude\": 50.797015, \"longitude\": 4.397063}", "id": "5456", "name": "{\"fr\": \"HIPPOD. BOITSFORT\", \"nl\": \"RENBAAN BOSVOORDE\"}"}, {"gpscoordinates": "{\"latitude\": 50.810834, \"longitude\": 4.385835}", "id": "5461F", "name": "{\"fr\": \"SOLBOSCH\", \"nl\": \"SOLBOS\"}"}, {"gpscoordinates": "{\"latitude\": 50.829416, \"longitude\": 4.361541}", "id": "5469", "name": "{\"fr\": \"DEFACQZ\", \"nl\": \"DEFACQZ\"}"}, {"gpscoordinates": "{\"latitude\": 50.890881, \"longitude\": 4.330308}", "id": "5472", "name": "{\"fr\": \"STIENON\", \"nl\": \"STIENON\"}"}, {"gpscoordinates": "{\"latitude\": 50.834663, \"longitude\": 4.421915}", "id": "5503", "name": "{\"fr\": \"JULES CESAR\", \"nl\": \"JULIUS CAESAR\"}"}, {"gpscoordinates": "{\"latitude\": 50.82784, \"longitude\": 4.438996}", "id": "5507", "name": "{\"fr\": \"DE VILLALOBAR\", \"nl\": \"DE VILLALOBAR\"}"}, {"gpscoordinates": "{\"latitude\": 50.845317, \"longitude\": 4.47354}", "id": "5515", "name": "{\"fr\": \"DE BURBURE\", \"nl\": \"DE BURBURE\"}"}, {"gpscoordinates": "{\"latitude\": 50.845841, \"longitude\": 4.479761}", "id": "5516", "name": "{\"fr\": \"BEL-AIR\", \"nl\": \"SCHONE LUCHT\"}"}, {"gpscoordinates": "{\"latitude\": 50.84681, \"longitude\": 4.491264}", "id": "5518", "name": "{\"fr\": \"RUISSEAU\", \"nl\": \"BEEK\"}"}, {"gpscoordinates": "{\"latitude\": 50.844993, \"longitude\": 4.499935}", "id": "5519", "name": "{\"fr\": \"TER MEEREN\", \"nl\": \"TER MEEREN\"}"}, {"gpscoordinates": "{\"latitude\": 50.84529, \"longitude\": 4.499695}", "id": "5521", "name": "{\"fr\": \"TER MEEREN\", \"nl\": \"TER MEEREN\"}"}, {"gpscoordinates": "{\"latitude\": 50.846828, \"longitude\": 4.490782}", "id": "5522", "name": "{\"fr\": \"RUISSEAU\", \"nl\": \"BEEK\"}"}, {"gpscoordinates": "{\"latitude\": 50.842397, \"longitude\": 4.502451}", "id": "5528F", "name": "{\"fr\": \"BAN-EIK\", \"nl\": \"BAN-EIK\"}"}, {"gpscoordinates": "{\"latitude\": 50.844605, \"longitude\": 4.465019}", "id": "5529", "name": "{\"fr\": \"AMITIE\", \"nl\": \"VRIENDSCHAP\"}"}, {"gpscoordinates": "{\"latitude\": 50.836834, \"longitude\": 4.411412}", "id": "5531", "name": "{\"fr\": \"GJ MARTIN\", \"nl\": \"GJ MARTIN\"}"}, {"gpscoordinates": "{\"latitude\": 50.844774, \"longitude\": 4.467008}", "id": "5532", "name": "{\"fr\": \"EGLANTIERS\", \"nl\": \"WILDEROZEN\"}"}, {"gpscoordinates": "{\"latitude\": 50.844783, \"longitude\": 4.466496}", "id": "5533", "name": "{\"fr\": \"EGLANTIERS\", \"nl\": \"WILDEROZEN\"}"}, {"gpscoordinates": "{\"latitude\": 50.827387, \"longitude\": 4.444659}", "id": "5555", "name": "{\"fr\": \"MADOUX\", \"nl\": \"MADOUX\"}"}, {"gpscoordinates": "{\"latitude\": 50.835083, \"longitude\": 4.427821}", "id": "5559", "name": "{\"fr\": \"CHIEN VERT\", \"nl\": \"GROENE HOND\"}"}, {"gpscoordinates": "{\"latitude\": 50.83496, \"longitude\": 4.420425}", "id": "5560", "name": "{\"fr\": \"JULES CESAR\", \"nl\": \"JULIUS CAESAR\"}"}, {"gpscoordinates": "{\"latitude\": 50.836239, \"longitude\": 4.415443}", "id": "5561F", "name": "{\"fr\": \"LEOPOLD II\", \"nl\": \"LEOPOLD II\"}"}, {"gpscoordinates": "{\"latitude\": 50.837598, \"longitude\": 4.412094}", "id": "5562", "name": "{\"fr\": \"GJ MARTIN\", \"nl\": \"GJ MARTIN\"}"}, {"gpscoordinates": "{\"latitude\": 50.818474, \"longitude\": 4.450647}", "id": "5602", "name": "{\"fr\": \"AUDERGHEM-FORET\", \"nl\": \"OUDERGEM-WOUD\"}"}, {"gpscoordinates": "{\"latitude\": 50.818892, \"longitude\": 4.457204}", "id": "5603", "name": "{\"fr\": \"DREVE DES BRULES\", \"nl\": \"VERBRANDENDREEF\"}"}, {"gpscoordinates": "{\"latitude\": 50.820296, \"longitude\": 4.476975}", "id": "5605", "name": "{\"fr\": \"QUATRE BRAS\", \"nl\": \"VIER ARMEN\"}"}, {"gpscoordinates": "{\"latitude\": 50.829965, \"longitude\": 4.369547}", "id": "5611", "name": "{\"fr\": \"MUSEE D'IXELLES\", \"nl\": \"MUSEUM VAN ELSENE\"}"}, {"gpscoordinates": "{\"latitude\": 50.818973, \"longitude\": 4.457374}", "id": "5657", "name": "{\"fr\": \"DREVE DES BRULES\", \"nl\": \"VERBRANDENDREEF\"}"}, {"gpscoordinates": "{\"latitude\": 50.818609, \"longitude\": 4.450335}", "id": "5658", "name": "{\"fr\": \"AUDERGHEM-FORET\", \"nl\": \"OUDERGEM-WOUD\"}"}, {"gpscoordinates": "{\"latitude\": 50.822144, \"longitude\": 4.44746}", "id": "5659", "name": "{\"fr\": \"TROIS COULEURS\", \"nl\": \"DRIE KLEUREN\"}"}, {"gpscoordinates": "{\"latitude\": 50.891291, \"longitude\": 4.368867}", "id": "5705", "name": "{\"fr\": \"BUISSONNETS\", \"nl\": \"BRAAMBOSJES\"}"}, {"gpscoordinates": "{\"latitude\": 50.888468, \"longitude\": 4.375248}", "id": "5706", "name": "{\"fr\": \"HEEMBEEK\", \"nl\": \"HEEMBEEK\"}"}, {"gpscoordinates": "{\"latitude\": 50.871388, \"longitude\": 4.375288}", "id": "5710F", "name": "{\"fr\": \"VERBOEKHOVEN\", \"nl\": \"VERBOEKHOVEN\"}"}, {"gpscoordinates": "{\"latitude\": 50.869258, \"longitude\": 4.370997}", "id": "5711F", "name": "{\"fr\": \"PAVILLON\", \"nl\": \"PAVILJOEN\"}"}, {"gpscoordinates": "{\"latitude\": 50.826901, \"longitude\": 4.327151}", "id": "5718", "name": "{\"fr\": \"ORBAN\", \"nl\": \"ORBAN\"}"}, {"gpscoordinates": "{\"latitude\": 50.809901, \"longitude\": 4.317548}", "id": "5719", "name": "{\"fr\": \"SAINT-DENIS\", \"nl\": \"SINT-DENIJS\"}"}, {"gpscoordinates": "{\"latitude\": 50.796326, \"longitude\": 4.321178}", "id": "5723B", "name": "{\"fr\": \"CARREFOUR STALLE\", \"nl\": \"KRUISPUNT STALLE\"}"}, {"gpscoordinates": "{\"latitude\": 50.871379, \"longitude\": 4.375217}", "id": "5740", "name": "{\"fr\": \"VERBOEKHOVEN\", \"nl\": \"VERBOEKHOVEN\"}"}, {"gpscoordinates": "{\"latitude\": 50.869591, \"longitude\": 4.36719}", "id": "5742B", "name": "{\"fr\": \"STEPHENSON\", \"nl\": \"STEPHENSON\"}"}, {"gpscoordinates": "{\"latitude\": 50.82727, \"longitude\": 4.327492}", "id": "5757", "name": "{\"fr\": \"ORBAN\", \"nl\": \"ORBAN\"}"}, {"gpscoordinates": "{\"latitude\": 50.879173, \"longitude\": 4.374834}", "id": "5758F", "name": "{\"fr\": \"DOCKS BRUXSEL\", \"nl\": \"DOCKS BRUXSEL\"}"}, {"gpscoordinates": "{\"latitude\": 50.879569, \"longitude\": 4.374806}", "id": "5759F", "name": "{\"fr\": \"DOCKS BRUXSEL\", \"nl\": \"DOCKS BRUXSEL\"}"}, {"gpscoordinates": "{\"latitude\": 50.878903, \"longitude\": 4.37669}", "id": "5761", "name": "{\"fr\": \"DOCKS BRUXSEL\", \"nl\": \"DOCKS BRUXSEL\"}"}, {"gpscoordinates": "{\"latitude\": 50.865689, \"longitude\": 4.364534}", "id": "5762", "name": "{\"fr\": \"THOMAS\", \"nl\": \"THOMAS\"}"}, {"gpscoordinates": "{\"latitude\": 50.871128, \"longitude\": 4.376282}", "id": "5766", "name": "{\"fr\": \"VERBOEKHOVEN\", \"nl\": \"VERBOEKHOVEN\"}"}, {"gpscoordinates": "{\"latitude\": 50.881268, \"longitude\": 4.373598}", "id": "5770F", "name": "{\"fr\": \"VAN PRAET\", \"nl\": \"VAN PRAET\"}"}, {"gpscoordinates": "{\"latitude\": 50.88881, \"longitude\": 4.374978}", "id": "5771", "name": "{\"fr\": \"HEEMBEEK\", \"nl\": \"HEEMBEEK\"}"}, {"gpscoordinates": "{\"latitude\": 50.891543, \"longitude\": 4.368341}", "id": "5772", "name": "{\"fr\": \"BUISSONNETS\", \"nl\": \"BRAAMBOSJES\"}"}, {"gpscoordinates": "{\"latitude\": 50.875935, \"longitude\": 4.392836}", "id": "5802", "name": "{\"fr\": \"TILLEUL\", \"nl\": \"LINDE\"}"}, {"gpscoordinates": "{\"latitude\": 50.870156, \"longitude\": 4.382107}", "id": "5805", "name": "{\"fr\": \"WAELHEM\", \"nl\": \"WAELHEM\"}"}, {"gpscoordinates": "{\"latitude\": 50.787807, \"longitude\": 4.330759}", "id": "5809P", "name": "{\"fr\": \"BOURDON\", \"nl\": \"HORZEL\"}"}, {"gpscoordinates": "{\"latitude\": 50.816262, \"longitude\": 4.339974}", "id": "5811", "name": "{\"fr\": \"MOLIERE-LONGCHAMP\", \"nl\": \"MOLIERE-LONGCHAMP\"}"}, {"gpscoordinates": "{\"latitude\": 50.810319, \"longitude\": 4.337566}", "id": "5813", "name": "{\"fr\": \"ROOSENDAEL\", \"nl\": \"ROOSENDAEL\"}"}, {"gpscoordinates": "{\"latitude\": 50.804197, \"longitude\": 4.33669}", "id": "5828F", "name": "{\"fr\": \"XAVIER DE BUE\", \"nl\": \"XAVIER DE BUE\"}"}, {"gpscoordinates": "{\"latitude\": 50.799455, \"longitude\": 4.336493}", "id": "5853B", "name": "{\"fr\": \"GLOBE\", \"nl\": \"GLOBE\"}"}, {"gpscoordinates": "{\"latitude\": 50.818968, \"longitude\": 4.341236}", "id": "5859", "name": "{\"fr\": \"TIMMERMANS\", \"nl\": \"TIMMERMANS\"}"}, {"gpscoordinates": "{\"latitude\": 50.871927, \"longitude\": 4.384977}", "id": "5866", "name": "{\"fr\": \"FOYER SCHAERBEEK.\", \"nl\": \"SCHAARBEEK. HAARD\"}"}, {"gpscoordinates": "{\"latitude\": 50.876949, \"longitude\": 4.400835}", "id": "5872", "name": "{\"fr\": \"PAIX\", \"nl\": \"VREDE\"}"}, {"gpscoordinates": "{\"latitude\": 50.89543, \"longitude\": 4.402952}", "id": "5908", "name": "{\"fr\": \"CERES\", \"nl\": \"CERES\"}"}, {"gpscoordinates": "{\"latitude\": 50.796219, \"longitude\": 4.324185}", "id": "5916F", "name": "{\"fr\": \"EGIDE VAN OPHEM\", \"nl\": \"EGIDE VAN OPHEM\"}"}, {"gpscoordinates": "{\"latitude\": 50.795961, \"longitude\": 4.32017}", "id": "5920H", "name": "{\"fr\": \"CARREFOUR STALLE\", \"nl\": \"KRUISPUNT STALLE\"}"}, {"gpscoordinates": "{\"latitude\": 50.796751, \"longitude\": 4.329048}", "id": "5952", "name": "{\"fr\": \"WAGON\", \"nl\": \"WAGEN\"}"}, {"gpscoordinates": "{\"latitude\": 50.796311, \"longitude\": 4.323759}", "id": "5953", "name": "{\"fr\": \"EGIDE VAN OPHEM\", \"nl\": \"EGIDE VAN OPHEM\"}"}, {"gpscoordinates": "{\"latitude\": 50.882229, \"longitude\": 4.384483}", "id": "5958C", "name": "{\"fr\": \"PONT ALBERT\", \"nl\": \"ALBERTBRUG\"}"}, {"gpscoordinates": "{\"latitude\": 50.888744, \"longitude\": 4.396438}", "id": "5959", "name": "{\"fr\": \"CHEMIN DE FER\", \"nl\": \"SPOORWEG\"}"}, {"gpscoordinates": "{\"latitude\": 50.855792, \"longitude\": 4.367006}", "id": "6014", "name": "{\"fr\": \"GILLON\", \"nl\": \"GILLON\"}"}, {"gpscoordinates": "{\"latitude\": 50.842763, \"longitude\": 4.395899}", "id": "6053", "name": "{\"fr\": \"CHEVALERIE\", \"nl\": \"RIDDERSCHAP\"}"}, {"gpscoordinates": "{\"latitude\": 50.877572, \"longitude\": 4.351034}", "id": "6100", "name": "{\"fr\": \"MOORSLEDE\", \"nl\": \"MOORSLEDE\"}"}, {"gpscoordinates": "{\"latitude\": 50.824156, \"longitude\": 4.350302}", "id": "6109", "name": "{\"fr\": \"MORIS\", \"nl\": \"MORIS\"}"}, {"gpscoordinates": "{\"latitude\": 50.828284, \"longitude\": 4.372031}", "id": "6112", "name": "{\"fr\": \"FLAGEY\", \"nl\": \"FLAGEY\"}"}, {"gpscoordinates": "{\"latitude\": 50.829892, \"longitude\": 4.386637}", "id": "6114F", "name": "{\"fr\": \"EGLISE ST-ANTOINE\", \"nl\": \"SINT-ANTOONKERK\"}"}, {"gpscoordinates": "{\"latitude\": 50.837081, \"longitude\": 4.395711}", "id": "6153", "name": "{\"fr\": \"PLACE ST-PIERRE\", \"nl\": \"ST-PIETERSPLEIN\"}"}, {"gpscoordinates": "{\"latitude\": 50.828028, \"longitude\": 4.375196}", "id": "6158H", "name": "{\"fr\": \"LEVURE\", \"nl\": \"GIST\"}"}, {"gpscoordinates": "{\"latitude\": 50.85623, \"longitude\": 4.391249}", "id": "6204F", "name": "{\"fr\": \"PATRIE\", \"nl\": \"VADERLAND\"}"}, {"gpscoordinates": "{\"latitude\": 50.868269, \"longitude\": 4.375472}", "id": "6302", "name": "{\"fr\": \"EENENS\", \"nl\": \"EENENS\"}"}, {"gpscoordinates": "{\"latitude\": 50.86639, \"longitude\": 4.375017}", "id": "6303", "name": "{\"fr\": \"POGGE\", \"nl\": \"POGGE\"}"}, {"gpscoordinates": "{\"latitude\": 50.850416, \"longitude\": 4.364237}", "id": "6308", "name": "{\"fr\": \"CONGRES\", \"nl\": \"CONGRES\"}"}, {"gpscoordinates": "{\"latitude\": 50.850416, \"longitude\": 4.364237}", "id": "6308F", "name": "{\"fr\": \"CONGRES\", \"nl\": \"CONGRES\"}"}, {"gpscoordinates": "{\"latitude\": 50.843692, \"longitude\": 4.36073}", "id": "6310F", "name": "{\"fr\": \"PALAIS\", \"nl\": \"PALEIZEN\"}"}, {"gpscoordinates": "{\"latitude\": 50.841561, \"longitude\": 4.358516}", "id": "6354", "name": "{\"fr\": \"ROYALE\", \"nl\": \"KONING\"}"}, {"gpscoordinates": "{\"latitude\": 50.843827, \"longitude\": 4.360929}", "id": "6355", "name": "{\"fr\": \"PALAIS\", \"nl\": \"PALEIZEN\"}"}, {"gpscoordinates": "{\"latitude\": 50.855891, \"longitude\": 4.36719}", "id": "6359", "name": "{\"fr\": \"GILLON\", \"nl\": \"GILLON\"}"}, {"gpscoordinates": "{\"latitude\": 50.86426, \"longitude\": 4.373511}", "id": "6363", "name": "{\"fr\": \"EGLISE ST-SERVAIS\", \"nl\": \"ST-SERVAASKERK\"}"}, {"gpscoordinates": "{\"latitude\": 50.866606, \"longitude\": 4.375486}", "id": "6364", "name": "{\"fr\": \"POGGE\", \"nl\": \"POGGE\"}"}, {"gpscoordinates": "{\"latitude\": 50.866606, \"longitude\": 4.375486}", "id": "6364B", "name": "{\"fr\": \"POGGE\", \"nl\": \"POGGE\"}"}, {"gpscoordinates": "{\"latitude\": 50.881178, \"longitude\": 4.373783}", "id": "6368C", "name": "{\"fr\": \"VAN PRAET\", \"nl\": \"VAN PRAET\"}"}, {"gpscoordinates": "{\"latitude\": 50.856808, \"longitude\": 4.369349}", "id": "6369", "name": "{\"fr\": \"MERIDIEN\", \"nl\": \"MIDDAGLIJN\"}"}, {"gpscoordinates": "{\"latitude\": 50.858974, \"longitude\": 4.369732}", "id": "6409F", "name": "{\"fr\": \"SAINTE-MARIE\", \"nl\": \"SINT-MARIA\"}"}, {"gpscoordinates": "{\"latitude\": 50.858169, \"longitude\": 4.368372}", "id": "6410", "name": "{\"fr\": \"SAINTE-MARIE\", \"nl\": \"SINT-MARIA\"}"}, {"gpscoordinates": "{\"latitude\": 50.814348, \"longitude\": 4.34751}", "id": "6424F", "name": "{\"fr\": \"VANDERKINDERE\", \"nl\": \"VANDERKINDERE\"}"}, {"gpscoordinates": "{\"latitude\": 50.825451, \"longitude\": 4.354346}", "id": "6427F", "name": "{\"fr\": \"JANSON\", \"nl\": \"JANSON\"}"}, {"gpscoordinates": "{\"latitude\": 50.840303, \"longitude\": 4.367119}", "id": "6433", "name": "{\"fr\": \"TRONE\", \"nl\": \"TROON\"}"}]}