{"total_count": 2550, "results": [{"gpscoordinates": "{\"latitude\": 50.828334, \"longitude\": 4.334172}", "id": "2773", "name": "{\"fr\": \"SERBIE\", \"nl\": \"SERVIE\"}"}, {"gpscoordinates": "{\"latitude\": 50.847579, \"longitude\": 4.308958}", "id": "2779", "name": "{\"fr\": \"SCHEUT\", \"nl\": \"SCHEUT\"}"}, {"gpscoordinates": "{\"latitude\": 50.8366, \"longitude\": 4.339336}", "id": "2780", "name": "{\"fr\": \"GARE DU MIDI\", \"nl\": \"ZUIDSTATION\"}"}, {"gpscoordinates": "{\"latitude\": 50.842467, \"longitude\": 4.317256}", "id": "2781", "name": "{\"fr\": \"JACQUES BREL\", \"nl\": \"JACQUES BREL\"}"}, {"gpscoordinates": "{\"latitude\": 50.884911, \"longitude\": 4.329588}", "id": "2801", "name": "{\"fr\": \"CROCQ\", \"nl\": \"CROCQ\"}"}, {"gpscoordinates": "{\"latitude\": 50.878667, \"longitude\": 4.342494}", "id": "2808", "name": "{\"fr\": \"JACOBS FONTAINE\", \"nl\": \"JACOBS FONTAINE\"}"}, {"gpscoordinates": "{\"latitude\": 50.885467, \"longitude\": 4.353311}", "id": "2811", "name": "{\"fr\": \"SCHOLA EUROPEA\", \"nl\": \"SCHOLA EUROPEA\"}"}, {"gpscoordinates": "{\"latitude\": 50.89584, \"longitude\": 4.362783}", "id": "2814", "name": "{\"fr\": \"PAGODES\", \"nl\": \"PAGODEN\"}"}, {"gpscoordinates": "{\"latitude\": 50.895768, \"longitude\": 4.365589}", "id": "2815B", "name": "{\"fr\": \"LONG BONNIER\", \"nl\": \"LANGE BUNDER\"}"}, {"gpscoordinates": "{\"latitude\": 50.896604, \"longitude\": 4.37704}", "id": "2817", "name": "{\"fr\": \"BEYSEGHEM\", \"nl\": \"BEIZEGEM\"}"}, {"gpscoordinates": "{\"latitude\": 50.894518, \"longitude\": 4.380892}", "id": "2819", "name": "{\"fr\": \"KRUIPWEG\", \"nl\": \"KRUIPWEG\"}"}, {"gpscoordinates": "{\"latitude\": 50.899542, \"longitude\": 4.3852}", "id": "2822", "name": "{\"fr\": \"VAL MARIA\", \"nl\": \"MARIENDAAL\"}"}, {"gpscoordinates": "{\"latitude\": 50.889193, \"longitude\": 4.357137}", "id": "2824", "name": "{\"fr\": \"SERRES ROYALES\", \"nl\": \"KONINKL. SERRES\"}"}, {"gpscoordinates": "{\"latitude\": 50.857103, \"longitude\": 4.353201}", "id": "2835", "name": "{\"fr\": \"YSER\", \"nl\": \"IJZER\"}"}, {"gpscoordinates": "{\"latitude\": 50.892546, \"longitude\": 4.323333}", "id": "2842", "name": "{\"fr\": \"TIRCHER\", \"nl\": \"TIRCHER\"}"}, {"gpscoordinates": "{\"latitude\": 50.873726, \"longitude\": 4.359092}", "id": "2844", "name": "{\"fr\": \"MARIE-CHRISTINE\", \"nl\": \"MARIA-CHRISTINA\"}"}, {"gpscoordinates": "{\"latitude\": 50.872317, \"longitude\": 4.28982}", "id": "2845", "name": "{\"fr\": \"GARE DE BERCHEM\", \"nl\": \"STATION BERCHEM\"}"}, {"gpscoordinates": "{\"latitude\": 50.889877, \"longitude\": 4.315769}", "id": "2850", "name": "{\"fr\": \"AUDREY HEPBURN\", \"nl\": \"AUDREY HEPBURN\"}"}, {"gpscoordinates": "{\"latitude\": 50.895813, \"longitude\": 4.363934}", "id": "2855", "name": "{\"fr\": \"LONG BONNIER\", \"nl\": \"LANGE BUNDER\"}"}, {"gpscoordinates": "{\"latitude\": 50.897377, \"longitude\": 4.358959}", "id": "2856B", "name": "{\"fr\": \"PAGODES\", \"nl\": \"PAGODEN\"}"}, {"gpscoordinates": "{\"latitude\": 50.872448, \"longitude\": 4.290775}", "id": "2864", "name": "{\"fr\": \"GARE DE BERCHEM\", \"nl\": \"STATION BERCHEM\"}"}, {"gpscoordinates": "{\"latitude\": 50.8736, \"longitude\": 4.360129}", "id": "2868", "name": "{\"fr\": \"MARIE-CHRISTINE\", \"nl\": \"MARIA-CHRISTINA\"}"}, {"gpscoordinates": "{\"latitude\": 50.884726, \"longitude\": 4.330214}", "id": "2873", "name": "{\"fr\": \"CROCQ\", \"nl\": \"CROCQ\"}"}, {"gpscoordinates": "{\"latitude\": 50.885793, \"longitude\": 4.332671}", "id": "2874", "name": "{\"fr\": \"HOPITAL BRUGMANN\", \"nl\": \"BRUGMANN-ZIEKENH.\"}"}, {"gpscoordinates": "{\"latitude\": 50.873726, \"longitude\": 4.359447}", "id": "2878F", "name": "{\"fr\": \"MARIE-CHRISTINE\", \"nl\": \"MARIA-CHRISTINA\"}"}, {"gpscoordinates": "{\"latitude\": 50.874022, \"longitude\": 4.359319}", "id": "2879B", "name": "{\"fr\": \"MARIE-CHRISTINE\", \"nl\": \"MARIA-CHRISTINA\"}"}, {"gpscoordinates": "{\"latitude\": 50.892834, \"longitude\": 4.421413}", "id": "2895", "name": "{\"fr\": \"HAREN\", \"nl\": \"HAREN\"}"}, {"gpscoordinates": "{\"latitude\": 50.871074, \"longitude\": 4.376438}", "id": "2898", "name": "{\"fr\": \"VERBOEKHOVEN\", \"nl\": \"VERBOEKHOVEN\"}"}, {"gpscoordinates": "{\"latitude\": 50.878817, \"longitude\": 4.403664}", "id": "2903F", "name": "{\"fr\": \"FONSON\", \"nl\": \"FONSON\"}"}, {"gpscoordinates": "{\"latitude\": 50.885733, \"longitude\": 4.41031}", "id": "2908B", "name": "{\"fr\": \"BIPLAN\", \"nl\": \"TWEEDEKKER\"}"}, {"gpscoordinates": "{\"latitude\": 50.847682, \"longitude\": 4.383747}", "id": "2920", "name": "{\"fr\": \"AMBIORIX\", \"nl\": \"AMBIORIX\"}"}, {"gpscoordinates": "{\"latitude\": 50.864482, \"longitude\": 4.394293}", "id": "2926", "name": "{\"fr\": \"BICHON\", \"nl\": \"BICHON\"}"}, {"gpscoordinates": "{\"latitude\": 50.833057, \"longitude\": 4.366481}", "id": "2928", "name": "{\"fr\": \"FERNAND COCQ\", \"nl\": \"FERNAND COCQ\"}"}, {"gpscoordinates": "{\"latitude\": 50.825002, \"longitude\": 4.357554}", "id": "2931F", "name": "{\"fr\": \"TRINITE\", \"nl\": \"DRIEVULDIGHEID\"}"}, {"gpscoordinates": "{\"latitude\": 50.822575, \"longitude\": 4.354304}", "id": "2932", "name": "{\"fr\": \"MA CAMPAGNE\", \"nl\": \"MA CAMPAGNE\"}"}, {"gpscoordinates": "{\"latitude\": 50.81617, \"longitude\": 4.333773}", "id": "2936", "name": "{\"fr\": \"TOURNOI\", \"nl\": \"STEEKSPEL\"}"}, {"gpscoordinates": "{\"latitude\": 50.810432, \"longitude\": 4.326243}", "id": "2953", "name": "{\"fr\": \"FOREST NATIONAL\", \"nl\": \"VORST NATIONAAL\"}"}, {"gpscoordinates": "{\"latitude\": 50.813771, \"longitude\": 4.330839}", "id": "2954B", "name": "{\"fr\": \"MYSTERE\", \"nl\": \"MYSTERIE\"}"}, {"gpscoordinates": "{\"latitude\": 50.823006, \"longitude\": 4.353084}", "id": "2959", "name": "{\"fr\": \"MA CAMPAGNE\", \"nl\": \"MA CAMPAGNE\"}"}, {"gpscoordinates": "{\"latitude\": 50.835413, \"longitude\": 4.363769}", "id": "2964B", "name": "{\"fr\": \"QUART.ST-BONIFACE\", \"nl\": \"ST-BONIFAASWIJK\"}"}, {"gpscoordinates": "{\"latitude\": 50.822673, \"longitude\": 4.347875}", "id": "2965", "name": "{\"fr\": \"PRISON\", \"nl\": \"GEVANGENIS\"}"}, {"gpscoordinates": "{\"latitude\": 50.827127, \"longitude\": 4.363428}", "id": "2971", "name": "{\"fr\": \"BAILLI\", \"nl\": \"BALJUW\"}"}, {"gpscoordinates": "{\"latitude\": 50.826857, \"longitude\": 4.362606}", "id": "2972F", "name": "{\"fr\": \"BAILLI\", \"nl\": \"BALJUW\"}"}, {"gpscoordinates": "{\"latitude\": 50.870872, \"longitude\": 4.400107}", "id": "2980", "name": "{\"fr\": \"NOTRE-DAME\", \"nl\": \"ONZE-LIEVE-VROUW\"}"}, {"gpscoordinates": "{\"latitude\": 50.892117, \"longitude\": 4.417902}", "id": "2988", "name": "{\"fr\": \"CORTENBACH\", \"nl\": \"KORTENBACH\"}"}, {"gpscoordinates": "{\"latitude\": 50.864311, \"longitude\": 4.394179}", "id": "2990", "name": "{\"fr\": \"BICHON\", \"nl\": \"BICHON\"}"}, {"gpscoordinates": "{\"latitude\": 50.880867, \"longitude\": 4.403836}", "id": "2992", "name": "{\"fr\": \"SAINT-VINCENT\", \"nl\": \"SINT-VINCENTIUS\"}"}, {"gpscoordinates": "{\"latitude\": 50.874395, \"longitude\": 4.403505}", "id": "2995", "name": "{\"fr\": \"OUD-KAPELLEKE\", \"nl\": \"OUD-KAPELLEKE\"}"}, {"gpscoordinates": "{\"latitude\": 50.890435, \"longitude\": 4.390484}", "id": "3014", "name": "{\"fr\": \"RIVE GAUCHE\", \"nl\": \"LINKEROEVER\"}"}, {"gpscoordinates": "{\"latitude\": 50.847396, \"longitude\": 4.361439}", "id": "3072", "name": "{\"fr\": \"ROSA PARKS\", \"nl\": \"ROSA PARKS\"}"}, {"gpscoordinates": "{\"latitude\": 50.857343, \"longitude\": 4.353551}", "id": "3075", "name": "{\"fr\": \"YSER\", \"nl\": \"IJZER\"}"}, {"gpscoordinates": "{\"latitude\": 50.831093, \"longitude\": 4.518121}", "id": "3077", "name": "{\"fr\": \"TERVUREN STATION\", \"nl\": \"TERVUREN STATION\"}"}, {"gpscoordinates": "{\"latitude\": 50.816248, \"longitude\": 4.290578}", "id": "3078", "name": "{\"fr\": \"CERIA\", \"nl\": \"COOVI\"}"}, {"gpscoordinates": "{\"latitude\": 50.845024, \"longitude\": 4.377555}", "id": "3080", "name": "{\"fr\": \"MARIE-LOUISE\", \"nl\": \"MARIA-LOUIZA\"}"}, {"gpscoordinates": "{\"latitude\": 50.870911, \"longitude\": 4.349332}", "id": "3083", "name": "{\"fr\": \"ANDREE DE JONGH\", \"nl\": \"ANDREE DE JONGH\"}"}, {"gpscoordinates": "{\"latitude\": 50.876455, \"longitude\": 4.338461}", "id": "3084", "name": "{\"fr\": \"AMELIE GOMAND\", \"nl\": \"AMELIE GOMAND\"}"}, {"gpscoordinates": "{\"latitude\": 50.879537, \"longitude\": 4.396015}", "id": "3102", "name": "{\"fr\": \"PICARDIE\", \"nl\": \"PICARDIE\"}"}, {"gpscoordinates": "{\"latitude\": 50.87936, \"longitude\": 4.393349}", "id": "3103", "name": "{\"fr\": \"CARLI\", \"nl\": \"CARLI\"}"}, {"gpscoordinates": "{\"latitude\": 50.865284, \"longitude\": 4.37756}", "id": "3110", "name": "{\"fr\": \"ERNEST LAUDE\", \"nl\": \"ERNEST LAUDE\"}"}, {"gpscoordinates": "{\"latitude\": 50.857194, \"longitude\": 4.375683}", "id": "3113", "name": "{\"fr\": \"GEEFS\", \"nl\": \"GEEFS\"}"}, {"gpscoordinates": "{\"latitude\": 50.853832, \"longitude\": 4.37351}", "id": "3114", "name": "{\"fr\": \"BOSSUET\", \"nl\": \"BOSSUET\"}"}, {"gpscoordinates": "{\"latitude\": 50.851243, \"longitude\": 4.376463}", "id": "3118", "name": "{\"fr\": \"BRAEMT\", \"nl\": \"BRAEMT\"}"}, {"gpscoordinates": "{\"latitude\": 50.833174, \"longitude\": 4.378263}", "id": "3120", "name": "{\"fr\": \"NATATION\", \"nl\": \"ZWEMKUNST\"}"}, {"gpscoordinates": "{\"latitude\": 50.8397, \"longitude\": 4.380593}", "id": "3159", "name": "{\"fr\": \"PARC LEOPOLD\", \"nl\": \"LEOPOLDSPARK\"}"}, {"gpscoordinates": "{\"latitude\": 50.836113, \"longitude\": 4.380833}", "id": "3160", "name": "{\"fr\": \"ETANGS\", \"nl\": \"VIJVERS\"}"}, {"gpscoordinates": "{\"latitude\": 50.856933, \"longitude\": 4.375584}", "id": "3163", "name": "{\"fr\": \"GEEFS\", \"nl\": \"GEEFS\"}"}, {"gpscoordinates": "{\"latitude\": 50.878246, \"longitude\": 4.389711}", "id": "3172", "name": "{\"fr\": \"CHAUMONTEL\", \"nl\": \"CHAUMONTEL\"}"}, {"gpscoordinates": "{\"latitude\": 50.879288, \"longitude\": 4.393676}", "id": "3173", "name": "{\"fr\": \"CARLI\", \"nl\": \"CARLI\"}"}, {"gpscoordinates": "{\"latitude\": 50.879565, \"longitude\": 4.397072}", "id": "3174", "name": "{\"fr\": \"PICARDIE\", \"nl\": \"PICARDIE\"}"}, {"gpscoordinates": "{\"latitude\": 50.876556, \"longitude\": 4.385391}", "id": "3181", "name": "{\"fr\": \"ANATOLE FRANCE\", \"nl\": \"ANATOLE FRANCE\"}"}, {"gpscoordinates": "{\"latitude\": 50.806818, \"longitude\": 4.336758}", "id": "3190", "name": "{\"fr\": \"BENS\", \"nl\": \"BENS\"}"}, {"gpscoordinates": "{\"latitude\": 50.803193, \"longitude\": 4.336665}", "id": "3191", "name": "{\"fr\": \"XAVIER DE BUE\", \"nl\": \"XAVIER DE BUE\"}"}, {"gpscoordinates": "{\"latitude\": 50.806752, \"longitude\": 4.33686}", "id": "3192", "name": "{\"fr\": \"BENS\", \"nl\": \"BENS\"}"}, {"gpscoordinates": "{\"latitude\": 50.805705, \"longitude\": 4.312942}", "id": "3193", "name": "{\"fr\": \"MAX WALLER\", \"nl\": \"MAX WALLER\"}"}, {"gpscoordinates": "{\"latitude\": 50.809701, \"longitude\": 4.313231}", "id": "3196", "name": "{\"fr\": \"SAINT-DENIS\", \"nl\": \"SINT-DENIJS\"}"}, {"gpscoordinates": "{\"latitude\": 50.888347, \"longitude\": 4.42516}", "id": "3199", "name": "{\"fr\": \"AERODROME\", \"nl\": \"VLIEGVELD\"}"}, {"gpscoordinates": "{\"latitude\": 50.865434, \"longitude\": 4.421794}", "id": "3200", "name": "{\"fr\": \"DIABLOTINS\", \"nl\": \"DUIVELTJES\"}"}, {"gpscoordinates": "{\"latitude\": 50.886466, \"longitude\": 4.429606}", "id": "3201", "name": "{\"fr\": \"MAES\", \"nl\": \"MAES\"}"}, {"gpscoordinates": "{\"latitude\": 50.836739, \"longitude\": 4.33708}", "id": "3211", "name": "{\"fr\": \"GARE DU MIDI\", \"nl\": \"ZUIDSTATION\"}"}, {"gpscoordinates": "{\"latitude\": 50.847808, \"longitude\": 4.381205}", "id": "3219", "name": "{\"fr\": \"WATERLOO WILSON\", \"nl\": \"WATERLOO WILSON\"}"}, {"gpscoordinates": "{\"latitude\": 50.85302, \"longitude\": 4.341841}", "id": "3222", "name": "{\"fr\": \"PORTE DE FLANDRE\", \"nl\": \"VLAAMSEPOORT\"}"}, {"gpscoordinates": "{\"latitude\": 50.849177, \"longitude\": 4.32557}", "id": "3225F", "name": "{\"fr\": \"QUATRE-VENTS\", \"nl\": \"VIER WINDEN\"}"}, {"gpscoordinates": "{\"latitude\": 50.849975, \"longitude\": 4.334359}", "id": "3228F", "name": "{\"fr\": \"TRIANGLE\", \"nl\": \"DRIEHOEK\"}"}, {"gpscoordinates": "{\"latitude\": 50.848843, \"longitude\": 4.320969}", "id": "3230F", "name": "{\"fr\": \"GARE DE L'OUEST\", \"nl\": \"WESTSTATION\"}"}, {"gpscoordinates": "{\"latitude\": 50.852158, \"longitude\": 4.316237}", "id": "3231", "name": "{\"fr\": \"JOSEPH BAECK\", \"nl\": \"JOSEPH BAECK\"}"}, {"gpscoordinates": "{\"latitude\": 50.851039, \"longitude\": 4.307562}", "id": "3233", "name": "{\"fr\": \"TAMARIS\", \"nl\": \"TAMARISKEN\"}"}, {"gpscoordinates": "{\"latitude\": 50.851314, \"longitude\": 4.300802}", "id": "3234", "name": "{\"fr\": \"MACHTENS\", \"nl\": \"MACHTENS\"}"}, {"gpscoordinates": "{\"latitude\": 50.856934, \"longitude\": 4.303506}", "id": "3236", "name": "{\"fr\": \"THYM\", \"nl\": \"TIJM\"}"}, {"gpscoordinates": "{\"latitude\": 50.852693, \"longitude\": 4.307347}", "id": "3239", "name": "{\"fr\": \"CONDOR\", \"nl\": \"CONDOR\"}"}, {"gpscoordinates": "{\"latitude\": 50.805989, \"longitude\": 4.311602}", "id": "3241", "name": "{\"fr\": \"MAX WALLER\", \"nl\": \"MAX WALLER\"}"}, {"gpscoordinates": "{\"latitude\": 50.800151, \"longitude\": 4.318408}", "id": "3242", "name": "{\"fr\": \"NEERSTALLE\", \"nl\": \"NEERSTALLE\"}"}, {"gpscoordinates": "{\"latitude\": 50.817226, \"longitude\": 4.320107}", "id": "3243", "name": "{\"fr\": \"FOREST (BERVOETS)\", \"nl\": \"VORST (BERVOETS)\"}"}, {"gpscoordinates": "{\"latitude\": 50.857532, \"longitude\": 4.356298}", "id": "3244", "name": "{\"fr\": \"ALBERT II\", \"nl\": \"ALBERT II\"}"}, {"gpscoordinates": "{\"latitude\": 50.861313, \"longitude\": 4.356188}", "id": "3245", "name": "{\"fr\": \"WTC\", \"nl\": \"WTC\"}"}, {"gpscoordinates": "{\"latitude\": 50.848843, \"longitude\": 4.321694}", "id": "3253", "name": "{\"fr\": \"GARE DE L'OUEST\", \"nl\": \"WESTSTATION\"}"}, {"gpscoordinates": "{\"latitude\": 50.849186, \"longitude\": 4.32601}", "id": "3257F", "name": "{\"fr\": \"QUATRE-VENTS\", \"nl\": \"VIER WINDEN\"}"}, {"gpscoordinates": "{\"latitude\": 50.852769, \"longitude\": 4.342168}", "id": "3260", "name": "{\"fr\": \"PORTE DE FLANDRE\", \"nl\": \"VLAAMSEPOORT\"}"}, {"gpscoordinates": "{\"latitude\": 50.862169, \"longitude\": 4.426066}", "id": "3284", "name": "{\"fr\": \"PEAGE\", \"nl\": \"TOL\"}"}, {"gpscoordinates": "{\"latitude\": 50.863401, \"longitude\": 4.424931}", "id": "3286B", "name": "{\"fr\": \"VILLON\", \"nl\": \"VILLON\"}"}, {"gpscoordinates": "{\"latitude\": 50.862457, \"longitude\": 4.426194}", "id": "3288", "name": "{\"fr\": \"PEAGE\", \"nl\": \"TOL\"}"}]}