{"total_count": 2550, "results": [{"gpscoordinates": "{\"latitude\": 50.84706, \"longitude\": 4.39326}", "id": "6055", "name": "{\"fr\": \"JAMBLINNE DE MEUX\", \"nl\": \"JAMBLINNE DE MEUX\"}"}, {"gpscoordinates": "{\"latitude\": 50.849111, \"longitude\": 4.389839}", "id": "6056", "name": "{\"fr\": \"CHASSEURS ARDEN.\", \"nl\": \"ARDENSE JAGERS\"}"}, {"gpscoordinates": "{\"latitude\": 50.853517, \"longitude\": 4.380696}", "id": "6059", "name": "{\"fr\": \"FUSS\", \"nl\": \"FUSS\"}"}, {"gpscoordinates": "{\"latitude\": 50.852933, \"longitude\": 4.377799}", "id": "6060", "name": "{\"fr\": \"STEURS\", \"nl\": \"STEURS\"}"}, {"gpscoordinates": "{\"latitude\": 50.824336, \"longitude\": 4.347222}", "id": "6078", "name": "{\"fr\": \"LOMBARDIE\", \"nl\": \"LOMBARDIJE\"}"}, {"gpscoordinates": "{\"latitude\": 50.849327, \"longitude\": 4.38565}", "id": "6082", "name": "{\"fr\": \"LUTHER\", \"nl\": \"LUTHER\"}"}, {"gpscoordinates": "{\"latitude\": 50.831452, \"longitude\": 4.3345}", "id": "6099", "name": "{\"fr\": \"AVENUE DU ROI\", \"nl\": \"KONINGSLAAN\"}"}, {"gpscoordinates": "{\"latitude\": 50.829919, \"longitude\": 4.379554}", "id": "6157F", "name": "{\"fr\": \"GERMOIR\", \"nl\": \"MOUTERIJ\"}"}, {"gpscoordinates": "{\"latitude\": 50.877518, \"longitude\": 4.35031}", "id": "6171", "name": "{\"fr\": \"MOORSLEDE\", \"nl\": \"MOORSLEDE\"}"}, {"gpscoordinates": "{\"latitude\": 50.878928, \"longitude\": 4.342935}", "id": "6172", "name": "{\"fr\": \"JACOBS FONTAINE\", \"nl\": \"JACOBS FONTAINE\"}"}, {"gpscoordinates": "{\"latitude\": 50.837219, \"longitude\": 4.353264}", "id": "6352", "name": "{\"fr\": \"POELAERT\", \"nl\": \"POELAERT\"}"}, {"gpscoordinates": "{\"latitude\": 50.839354, \"longitude\": 4.355459}", "id": "6353", "name": "{\"fr\": \"PETIT SABLON\", \"nl\": \"KLEINE ZAVEL\"}"}, {"gpscoordinates": "{\"latitude\": 50.839637, \"longitude\": 4.355804}", "id": "6353F", "name": "{\"fr\": \"PETIT SABLON\", \"nl\": \"KLEINE ZAVEL\"}"}, {"gpscoordinates": "{\"latitude\": 50.841545, \"longitude\": 4.358548}", "id": "6354B", "name": "{\"fr\": \"ROYALE\", \"nl\": \"KONING\"}"}, {"gpscoordinates": "{\"latitude\": 50.850686, \"longitude\": 4.364435}", "id": "6357F", "name": "{\"fr\": \"CONGRES\", \"nl\": \"CONGRES\"}"}, {"gpscoordinates": "{\"latitude\": 50.858093, \"longitude\": 4.368113}", "id": "6411", "name": "{\"fr\": \"SAINTE-MARIE\", \"nl\": \"SINT-MARIA\"}"}, {"gpscoordinates": "{\"latitude\": 50.859442, \"longitude\": 4.36817}", "id": "6413F", "name": "{\"fr\": \"SAINTE-MARIE\", \"nl\": \"SINT-MARIA\"}"}, {"gpscoordinates": "{\"latitude\": 50.860305, \"longitude\": 4.371337}", "id": "6418", "name": "{\"fr\": \"ROBIANO\", \"nl\": \"ROBIANO\"}"}, {"gpscoordinates": "{\"latitude\": 50.814339, \"longitude\": 4.348376}", "id": "6420G", "name": "{\"fr\": \"VANDERKINDERE\", \"nl\": \"VANDERKINDERE\"}"}, {"gpscoordinates": "{\"latitude\": 50.813378, \"longitude\": 4.348149}", "id": "6421F", "name": "{\"fr\": \"VANDERKINDERE\", \"nl\": \"VANDERKINDERE\"}"}, {"gpscoordinates": "{\"latitude\": 50.825964, \"longitude\": 4.354644}", "id": "6428", "name": "{\"fr\": \"JANSON\", \"nl\": \"JANSON\"}"}, {"gpscoordinates": "{\"latitude\": 50.853704, \"longitude\": 4.365987}", "id": "6434F", "name": "{\"fr\": \"BOTANIQUE\", \"nl\": \"KRUIDTUIN\"}"}, {"gpscoordinates": "{\"latitude\": 50.799589, \"longitude\": 4.376795}", "id": "6439", "name": "{\"fr\": \"MONTANA\", \"nl\": \"MONTANA\"}"}, {"gpscoordinates": "{\"latitude\": 50.84593, \"longitude\": 4.357791}", "id": "6444", "name": "{\"fr\": \"GARE CENTRALE\", \"nl\": \"CENTRAAL STATION\"}"}, {"gpscoordinates": "{\"latitude\": 50.848802, \"longitude\": 4.401668}", "id": "6450", "name": "{\"fr\": \"DIAMANT\", \"nl\": \"DIAMANT\"}"}, {"gpscoordinates": "{\"latitude\": 50.849117, \"longitude\": 4.401611}", "id": "6451", "name": "{\"fr\": \"DIAMANT\", \"nl\": \"DIAMANT\"}"}, {"gpscoordinates": "{\"latitude\": 50.873132, \"longitude\": 4.376993}", "id": "6459", "name": "{\"fr\": \"PRINC. ELISABETH\", \"nl\": \"PRINS. ELISABETH\"}"}, {"gpscoordinates": "{\"latitude\": 50.843551, \"longitude\": 4.378072}", "id": "6465", "name": "{\"fr\": \"MAELBEEK\", \"nl\": \"MAALBEEK\"}"}, {"gpscoordinates": "{\"latitude\": 50.813187, \"longitude\": 4.422657}", "id": "6468", "name": "{\"fr\": \"DEMEY\", \"nl\": \"DEMEY\"}"}, {"gpscoordinates": "{\"latitude\": 50.81262, \"longitude\": 4.423124}", "id": "6469", "name": "{\"fr\": \"DEMEY\", \"nl\": \"DEMEY\"}"}, {"gpscoordinates": "{\"latitude\": 50.84135, \"longitude\": 4.465339}", "id": "6474F", "name": "{\"fr\": \"STOCKEL\", \"nl\": \"STOKKEL\"}"}, {"gpscoordinates": "{\"latitude\": 50.842824, \"longitude\": 4.424807}", "id": "6476", "name": "{\"fr\": \"TOMBERG\", \"nl\": \"TOMBERG\"}"}, {"gpscoordinates": "{\"latitude\": 50.829745, \"longitude\": 4.300692}", "id": "6484B", "name": "{\"fr\": \"VEEWEYDE\", \"nl\": \"VEEWEIDE\"}"}, {"gpscoordinates": "{\"latitude\": 50.899681, \"longitude\": 4.348488}", "id": "6486G", "name": "{\"fr\": \"ESPLANADE\", \"nl\": \"ESPLANADE\"}"}, {"gpscoordinates": "{\"latitude\": 50.878981, \"longitude\": 4.338516}", "id": "6505", "name": "{\"fr\": \"FOYER JETTOIS\", \"nl\": \"JETSE HAARD\"}"}, {"gpscoordinates": "{\"latitude\": 50.857741, \"longitude\": 4.348783}", "id": "6607", "name": "{\"fr\": \"YSER\", \"nl\": \"IJZER\"}"}, {"gpscoordinates": "{\"latitude\": 50.847602, \"longitude\": 4.337914}", "id": "6650G", "name": "{\"fr\": \"ARTS ET METIERS\", \"nl\": \"ARTS ET METIERS\"}"}, {"gpscoordinates": "{\"latitude\": 50.838915, \"longitude\": 4.337476}", "id": "6705F", "name": "{\"fr\": \"BARA\", \"nl\": \"BARA\"}"}, {"gpscoordinates": "{\"latitude\": 50.856013, \"longitude\": 4.338104}", "id": "6755", "name": "{\"fr\": \"COMTE DE FLANDRE\", \"nl\": \"GRAAF VAN VLAAND.\"}"}, {"gpscoordinates": "{\"latitude\": 50.867911, \"longitude\": 4.326561}", "id": "6805", "name": "{\"fr\": \"BROUSTIN\", \"nl\": \"BROUSTIN\"}"}, {"gpscoordinates": "{\"latitude\": 50.868138, \"longitude\": 4.32648}", "id": "6864", "name": "{\"fr\": \"BROUSTIN\", \"nl\": \"BROUSTIN\"}"}, {"gpscoordinates": "{\"latitude\": 50.880128, \"longitude\": 4.330471}", "id": "6869", "name": "{\"fr\": \"GARE DE JETTE\", \"nl\": \"STATION JETTE\"}"}, {"gpscoordinates": "{\"latitude\": 50.794411, \"longitude\": 4.361518}", "id": "6956H", "name": "{\"fr\": \"GARE DE SAINT-JOB\", \"nl\": \"STATION SINT-JOB\"}"}, {"gpscoordinates": "{\"latitude\": 50.784586, \"longitude\": 4.318911}", "id": "7469", "name": "{\"fr\": \"DROGENBOS\", \"nl\": \"DROGENBOS\"}"}, {"gpscoordinates": "{\"latitude\": 50.784694, \"longitude\": 4.318953}", "id": "7472", "name": "{\"fr\": \"DROGENBOS\", \"nl\": \"DROGENBOS\"}"}, {"gpscoordinates": "{\"latitude\": 50.846829, \"longitude\": 4.362505}", "id": "7634", "name": "{\"fr\": \"PARC\", \"nl\": \"PARK\"}"}, {"gpscoordinates": "{\"latitude\": 50.886127, \"longitude\": 4.333999}", "id": "7741", "name": "{\"fr\": \"HOPITAL BRUGMANN\", \"nl\": \"BRUGMANN-ZIEKENH.\"}"}, {"gpscoordinates": "{\"latitude\": 50.825168, \"longitude\": 4.297461}", "id": "7754", "name": "{\"fr\": \"BIZET\", \"nl\": \"BIZET\"}"}, {"gpscoordinates": "{\"latitude\": 50.849821, \"longitude\": 4.352486}", "id": "8012", "name": "{\"fr\": \"DE BROUCKERE\", \"nl\": \"DE BROUCKERE\"}"}, {"gpscoordinates": "{\"latitude\": 50.845628, \"longitude\": 4.362431}", "id": "8031", "name": "{\"fr\": \"PARC\", \"nl\": \"PARK\"}"}, {"gpscoordinates": "{\"latitude\": 50.839364, \"longitude\": 4.398281}", "id": "8072", "name": "{\"fr\": \"MERODE\", \"nl\": \"MERODE\"}"}, {"gpscoordinates": "{\"latitude\": 50.844316, \"longitude\": 4.425819}", "id": "8111", "name": "{\"fr\": \"TOMBERG\", \"nl\": \"TOMBERG\"}"}, {"gpscoordinates": "{\"latitude\": 50.84753, \"longitude\": 4.435656}", "id": "8121", "name": "{\"fr\": \"ROODEBEEK\", \"nl\": \"ROODEBEEK\"}"}, {"gpscoordinates": "{\"latitude\": 50.818685, \"longitude\": 4.404406}", "id": "8231", "name": "{\"fr\": \"DELTA\", \"nl\": \"DELTA\"}"}, {"gpscoordinates": "{\"latitude\": 50.84544, \"longitude\": 4.368744}", "id": "8401", "name": "{\"fr\": \"ARTS-LOI\", \"nl\": \"KUNST-WET\"}"}, {"gpscoordinates": "{\"latitude\": 50.854102, \"longitude\": 4.365272}", "id": "8422", "name": "{\"fr\": \"BOTANIQUE\", \"nl\": \"KRUIDTUIN\"}"}, {"gpscoordinates": "{\"latitude\": 50.921767, \"longitude\": 4.428813}", "id": "9753", "name": "{\"fr\": \"BLOKKEN\", \"nl\": \"BLOKKEN\"}"}, {"gpscoordinates": "{\"latitude\": 50.907677, \"longitude\": 4.414105}", "id": "9756", "name": "{\"fr\": \"DIEGEMSTRAAT\", \"nl\": \"DIEGEMSTRAAT\"}"}, {"gpscoordinates": "{\"latitude\": 50.907073, \"longitude\": 4.414178}", "id": "9776", "name": "{\"fr\": \"DIEGEMSTRAAT\", \"nl\": \"DIEGEMSTRAAT\"}"}, {"gpscoordinates": "{\"latitude\": 50.915595, \"longitude\": 4.421979}", "id": "9778", "name": "{\"fr\": \"VIER FONTEINEN\", \"nl\": \"VIER FONTEINEN\"}"}, {"gpscoordinates": "{\"latitude\": 50.854452, \"longitude\": 4.447756}", "id": "9853", "name": "{\"fr\": \"HOF TER MUSSCHEN\", \"nl\": \"HOF TER MUSSCHEN\"}"}, {"gpscoordinates": "{\"latitude\": 50.796526, \"longitude\": 4.348173}", "id": "9972F", "name": "{\"fr\": \"DIEWEG\", \"nl\": \"DIEWEG\"}"}, {"gpscoordinates": "{\"latitude\": 50.838552, \"longitude\": 4.336295}", "id": "9979B", "name": "{\"fr\": \"BARA\", \"nl\": \"BARA\"}"}, {"gpscoordinates": "{\"latitude\": 50.883723, \"longitude\": 4.412749}", "id": "8", "name": "{\"fr\": \"DEPOT HAREN\", \"nl\": \"REMISE HAREN\"}"}, {"gpscoordinates": "{\"latitude\": 50.848313, \"longitude\": 4.32195}", "id": "5", "name": "{\"fr\": \"DEPOT MOLENBEEK\", \"nl\": \"REMISE MOLENBEEK\"}"}, {"gpscoordinates": "{\"latitude\": 50.885107, \"longitude\": 4.41319}", "id": "3", "name": "{\"fr\": \"DEPOT HAREN TRAM\", \"nl\": \"REMISE HAREN TRAM\"}"}, {"gpscoordinates": "{\"latitude\": 50.798578, \"longitude\": 4.314329}", "id": "15", "name": "{\"fr\": \"DEPOT MARCONI\", \"nl\": \"REMISE MARCONI\"}"}, {"gpscoordinates": "{\"latitude\": 50.83141, \"longitude\": 4.437824}", "id": "1857", "name": "{\"fr\": \"KELLE\", \"nl\": \"KELLE\"}"}, {"gpscoordinates": "{\"latitude\": 50.832162, \"longitude\": 4.404083}", "id": "1866", "name": "{\"fr\": \"BOILEAU\", \"nl\": \"BOILEAU\"}"}, {"gpscoordinates": "{\"latitude\": 50.832802, \"longitude\": 4.395936}", "id": "1869", "name": "{\"fr\": \"ONZE NOVEMBRE\", \"nl\": \"ELF NOVEMBER\"}"}, {"gpscoordinates": "{\"latitude\": 50.831177, \"longitude\": 4.389945}", "id": "1870", "name": "{\"fr\": \"LA CHASSE\", \"nl\": \"DE JACHT\"}"}, {"gpscoordinates": "{\"latitude\": 50.834694, \"longitude\": 4.388065}", "id": "1871B", "name": "{\"fr\": \"LOUIS HAP\", \"nl\": \"LOUIS HAP\"}"}, {"gpscoordinates": "{\"latitude\": 50.837284, \"longitude\": 4.386689}", "id": "1872B", "name": "{\"fr\": \"LEMAN\", \"nl\": \"LEMAN\"}"}, {"gpscoordinates": "{\"latitude\": 50.834163, \"longitude\": 4.377866}", "id": "1883", "name": "{\"fr\": \"VARIA\", \"nl\": \"VARIA\"}"}, {"gpscoordinates": "{\"latitude\": 50.832713, \"longitude\": 4.374968}", "id": "1884", "name": "{\"fr\": \"BLYCKAERTS\", \"nl\": \"BLYCKAERTS\"}"}, {"gpscoordinates": "{\"latitude\": 50.825678, \"longitude\": 4.369486}", "id": "1903", "name": "{\"fr\": \"BIARRITZ\", \"nl\": \"BIARRITZ\"}"}, {"gpscoordinates": "{\"latitude\": 50.835179, \"longitude\": 4.372173}", "id": "1906", "name": "{\"fr\": \"IDALIE\", \"nl\": \"IDALIE\"}"}, {"gpscoordinates": "{\"latitude\": 50.819645, \"longitude\": 4.36624}", "id": "1913", "name": "{\"fr\": \"VAN EYCK\", \"nl\": \"VAN EYCK\"}"}, {"gpscoordinates": "{\"latitude\": 50.817394, \"longitude\": 4.366481}", "id": "1914", "name": "{\"fr\": \"PATTON\", \"nl\": \"PATTON\"}"}, {"gpscoordinates": "{\"latitude\": 50.815338, \"longitude\": 4.367106}", "id": "1915", "name": "{\"fr\": \"BASCULE\", \"nl\": \"BASCULE\"}"}, {"gpscoordinates": "{\"latitude\": 50.811096, \"longitude\": 4.362452}", "id": "1917", "name": "{\"fr\": \"GOSSART\", \"nl\": \"GOSSART\"}"}, {"gpscoordinates": "{\"latitude\": 50.806357, \"longitude\": 4.366364}", "id": "1919", "name": "{\"fr\": \"RENE GOBERT\", \"nl\": \"RENE GOBERT\"}"}, {"gpscoordinates": "{\"latitude\": 50.804353, \"longitude\": 4.356523}", "id": "1921", "name": "{\"fr\": \"HOUZEAU\", \"nl\": \"HOUZEAU\"}"}, {"gpscoordinates": "{\"latitude\": 50.798185, \"longitude\": 4.336239}", "id": "1926B", "name": "{\"fr\": \"RITTWEGER\", \"nl\": \"RITTWEGER\"}"}, {"gpscoordinates": "{\"latitude\": 50.798185, \"longitude\": 4.336239}", "id": "1926G", "name": "{\"fr\": \"RITTWEGER\", \"nl\": \"RITTWEGER\"}"}, {"gpscoordinates": "{\"latitude\": 50.789489, \"longitude\": 4.333821}", "id": "1929", "name": "{\"fr\": \"ENGELAND\", \"nl\": \"ENGELAND\"}"}, {"gpscoordinates": "{\"latitude\": 50.781047, \"longitude\": 4.332395}", "id": "1932", "name": "{\"fr\": \"GRIOTTES\", \"nl\": \"NOORDKRIEKEN\"}"}, {"gpscoordinates": "{\"latitude\": 50.778935, \"longitude\": 4.332425}", "id": "1933B", "name": "{\"fr\": \"MOENSBERG GARE\", \"nl\": \"MOENSBERG STATION\"}"}, {"gpscoordinates": "{\"latitude\": 50.803912, \"longitude\": 4.349486}", "id": "1943", "name": "{\"fr\": \"STATUAIRES\", \"nl\": \"BEELDHOUWERS\"}"}, {"gpscoordinates": "{\"latitude\": 50.776788, \"longitude\": 4.33909}", "id": "1944", "name": "{\"fr\": \"HOSPICES\", \"nl\": \"GODSHUIZEN\"}"}, {"gpscoordinates": "{\"latitude\": 50.803326, \"longitude\": 4.342649}", "id": "1951", "name": "{\"fr\": \"HEROS\", \"nl\": \"HELDEN\"}"}, {"gpscoordinates": "{\"latitude\": 50.774085, \"longitude\": 4.338772}", "id": "1954", "name": "{\"fr\": \"GARE DE LINKEBEEK\", \"nl\": \"STATION LINKEBEEK\"}"}, {"gpscoordinates": "{\"latitude\": 50.784023, \"longitude\": 4.332988}", "id": "1959", "name": "{\"fr\": \"BIGARREAUX\", \"nl\": \"VLEESKERSEN\"}"}, {"gpscoordinates": "{\"latitude\": 50.78894, \"longitude\": 4.334006}", "id": "1961G", "name": "{\"fr\": \"ENGELAND\", \"nl\": \"ENGELAND\"}"}, {"gpscoordinates": "{\"latitude\": 50.791242, \"longitude\": 4.332898}", "id": "1962", "name": "{\"fr\": \"UCCLE CALEVOET\", \"nl\": \"UKKEL KALEVOET\"}"}, {"gpscoordinates": "{\"latitude\": 50.797648, \"longitude\": 4.336207}", "id": "1964", "name": "{\"fr\": \"RITTWEGER\", \"nl\": \"RITTWEGER\"}"}, {"gpscoordinates": "{\"latitude\": 50.803733, \"longitude\": 4.361942}", "id": "1970", "name": "{\"fr\": \"FLORIDE\", \"nl\": \"FLORIDA\"}"}, {"gpscoordinates": "{\"latitude\": 50.806745, \"longitude\": 4.366326}", "id": "1971", "name": "{\"fr\": \"RENE GOBERT\", \"nl\": \"RENE GOBERT\"}"}, {"gpscoordinates": "{\"latitude\": 50.800544, \"longitude\": 4.33711}", "id": "1984G", "name": "{\"fr\": \"GLOBE\", \"nl\": \"GLOBE\"}"}, {"gpscoordinates": "{\"latitude\": 50.855827, \"longitude\": 4.358456}", "id": "1988", "name": "{\"fr\": \"ROGIER\", \"nl\": \"ROGIER\"}"}]}