{"total_count": 2550, "results": [{"gpscoordinates": "{\"latitude\": 50.874492, \"longitude\": 4.408605}", "id": "3304", "name": "{\"fr\": \"MATISSE\", \"nl\": \"MATISSE\"}"}, {"gpscoordinates": "{\"latitude\": 50.87124, \"longitude\": 4.400462}", "id": "3307", "name": "{\"fr\": \"NOTRE-DAME\", \"nl\": \"ONZE-LIEVE-VROUW\"}"}, {"gpscoordinates": "{\"latitude\": 50.852798, \"longitude\": 4.368894}", "id": "3313", "name": "{\"fr\": \"QUETELET\", \"nl\": \"QUETELET\"}"}, {"gpscoordinates": "{\"latitude\": 50.849372, \"longitude\": 4.347381}", "id": "3320B", "name": "{\"fr\": \"BOURSE\", \"nl\": \"BEURS\"}"}, {"gpscoordinates": "{\"latitude\": 50.856412, \"longitude\": 4.369051}", "id": "3325", "name": "{\"fr\": \"MERIDIEN\", \"nl\": \"MIDDAGLIJN\"}"}, {"gpscoordinates": "{\"latitude\": 50.849887, \"longitude\": 4.369025}", "id": "3332", "name": "{\"fr\": \"MADOU\", \"nl\": \"MADOU\"}"}, {"gpscoordinates": "{\"latitude\": 50.879658, \"longitude\": 4.434499}", "id": "3334F", "name": "{\"fr\": \"EUROCONTROL\", \"nl\": \"EUROCONTROL\"}"}, {"gpscoordinates": "{\"latitude\": 50.87966, \"longitude\": 4.434492}", "id": "3334G", "name": "{\"fr\": \"EUROCONTROL\", \"nl\": \"EUROCONTROL\"}"}, {"gpscoordinates": "{\"latitude\": 50.879486, \"longitude\": 4.433926}", "id": "3335F", "name": "{\"fr\": \"EUROCONTROL\", \"nl\": \"EUROCONTROL\"}"}, {"gpscoordinates": "{\"latitude\": 50.878401, \"longitude\": 4.431144}", "id": "3337F", "name": "{\"fr\": \"BOURGET\", \"nl\": \"BOURGET\"}"}, {"gpscoordinates": "{\"latitude\": 50.878258, \"longitude\": 4.430263}", "id": "3338F", "name": "{\"fr\": \"BOURGET\", \"nl\": \"BOURGET\"}"}, {"gpscoordinates": "{\"latitude\": 50.848699, \"longitude\": 4.367957}", "id": "3354", "name": "{\"fr\": \"PRESSE\", \"nl\": \"DRUKPERS\"}"}, {"gpscoordinates": "{\"latitude\": 50.850066, \"longitude\": 4.369073}", "id": "3355", "name": "{\"fr\": \"MADOU\", \"nl\": \"MADOU\"}"}, {"gpscoordinates": "{\"latitude\": 50.872524, \"longitude\": 4.407538}", "id": "3362", "name": "{\"fr\": \"LEKAERTS\", \"nl\": \"LEKAERTS\"}"}, {"gpscoordinates": "{\"latitude\": 50.834684, \"longitude\": 4.305637}", "id": "3370F", "name": "{\"fr\": \"SAINT-GUIDON\", \"nl\": \"SINT-GUIDO\"}"}, {"gpscoordinates": "{\"latitude\": 50.827114, \"longitude\": 4.372103}", "id": "3372", "name": "{\"fr\": \"FLAGEY\", \"nl\": \"FLAGEY\"}"}, {"gpscoordinates": "{\"latitude\": 50.835636, \"longitude\": 4.311713}", "id": "3376", "name": "{\"fr\": \"RESISTANCE\", \"nl\": \"VERZET\"}"}, {"gpscoordinates": "{\"latitude\": 50.836138, \"longitude\": 4.31448}", "id": "3378", "name": "{\"fr\": \"DOUVRES\", \"nl\": \"DOVER\"}"}, {"gpscoordinates": "{\"latitude\": 50.850952, \"longitude\": 4.397026}", "id": "3381", "name": "{\"fr\": \"PLASKY\", \"nl\": \"PLASKY\"}"}, {"gpscoordinates": "{\"latitude\": 50.898016, \"longitude\": 4.401967}", "id": "3387", "name": "{\"fr\": \"MARLY\", \"nl\": \"MARLY\"}"}, {"gpscoordinates": "{\"latitude\": 50.849904, \"longitude\": 4.334805}", "id": "3389", "name": "{\"fr\": \"TRIANGLE\", \"nl\": \"DRIEHOEK\"}"}, {"gpscoordinates": "{\"latitude\": 50.849497, \"longitude\": 4.337316}", "id": "3390", "name": "{\"fr\": \"PORTE DE NINOVE\", \"nl\": \"NINOOFSEPOORT\"}"}, {"gpscoordinates": "{\"latitude\": 50.845033, \"longitude\": 4.339701}", "id": "3391", "name": "{\"fr\": \"PTE D'ANDERLECHT\", \"nl\": \"ANDERLECHTSEPOORT\"}"}, {"gpscoordinates": "{\"latitude\": 50.848384, \"longitude\": 4.346937}", "id": "3392", "name": "{\"fr\": \"BOURSE\", \"nl\": \"BEURS\"}"}, {"gpscoordinates": "{\"latitude\": 50.865035, \"longitude\": 4.408995}", "id": "3403", "name": "{\"fr\": \"DUNANT\", \"nl\": \"DUNANT\"}"}, {"gpscoordinates": "{\"latitude\": 50.790023, \"longitude\": 4.318206}", "id": "3405", "name": "{\"fr\": \"RODTS\", \"nl\": \"RODTS\"}"}, {"gpscoordinates": "{\"latitude\": 50.867072, \"longitude\": 4.387035}", "id": "3408", "name": "{\"fr\": \"LATINIS\", \"nl\": \"LATINIS\"}"}, {"gpscoordinates": "{\"latitude\": 50.865203, \"longitude\": 4.38219}", "id": "3410", "name": "{\"fr\": \"CROSSING\", \"nl\": \"CROSSING\"}"}, {"gpscoordinates": "{\"latitude\": 50.868904, \"longitude\": 4.396128}", "id": "3411", "name": "{\"fr\": \"KURTH\", \"nl\": \"KURTH\"}"}, {"gpscoordinates": "{\"latitude\": 50.864559, \"longitude\": 4.381105}", "id": "3412", "name": "{\"fr\": \"CROSSING\", \"nl\": \"CROSSING\"}"}, {"gpscoordinates": "{\"latitude\": 50.780327, \"longitude\": 4.325692}", "id": "3415", "name": "{\"fr\": \"VAN HAELEN\", \"nl\": \"VAN HAELEN\"}"}, {"gpscoordinates": "{\"latitude\": 50.867166, \"longitude\": 4.405886}", "id": "3417", "name": "{\"fr\": \"EVERE SHOPPING\", \"nl\": \"EVERE SHOPPING\"}"}, {"gpscoordinates": "{\"latitude\": 50.846079, \"longitude\": 4.34574}", "id": "3418", "name": "{\"fr\": \"ANNEESSENS\", \"nl\": \"ANNEESSENS\"}"}, {"gpscoordinates": "{\"latitude\": 50.868643, \"longitude\": 4.399693}", "id": "3419", "name": "{\"fr\": \"CONSCIENCE\", \"nl\": \"CONSCIENCE\"}"}, {"gpscoordinates": "{\"latitude\": 50.8706, \"longitude\": 4.406414}", "id": "3425", "name": "{\"fr\": \"PERMEKE\", \"nl\": \"PERMEKE\"}"}, {"gpscoordinates": "{\"latitude\": 50.866789, \"longitude\": 4.404749}", "id": "3450", "name": "{\"fr\": \"EVERE SHOPPING\", \"nl\": \"EVERE SHOPPING\"}"}, {"gpscoordinates": "{\"latitude\": 50.862596, \"longitude\": 4.38094}", "id": "3451", "name": "{\"fr\": \"AZALEES\", \"nl\": \"AZALEA\"}"}, {"gpscoordinates": "{\"latitude\": 50.850306, \"longitude\": 4.483009}", "id": "3456", "name": "{\"fr\": \"HENRIETTE LAUWERS\", \"nl\": \"HENRIETTE LAUWERS\"}"}, {"gpscoordinates": "{\"latitude\": 50.850009, \"longitude\": 4.483008}", "id": "3457", "name": "{\"fr\": \"HENRIETTE LAUWERS\", \"nl\": \"HENRIETTE LAUWERS\"}"}, {"gpscoordinates": "{\"latitude\": 50.863443, \"longitude\": 4.410272}", "id": "3459", "name": "{\"fr\": \"DUNANT\", \"nl\": \"DUNANT\"}"}, {"gpscoordinates": "{\"latitude\": 50.85242, \"longitude\": 4.351157}", "id": "3465", "name": "{\"fr\": \"DE BROUCKERE\", \"nl\": \"DE BROUCKERE\"}"}, {"gpscoordinates": "{\"latitude\": 50.866394, \"longitude\": 4.403939}", "id": "3466", "name": "{\"fr\": \"EVERE SHOPPING\", \"nl\": \"EVERE SHOPPING\"}"}, {"gpscoordinates": "{\"latitude\": 50.860641, \"longitude\": 4.403679}", "id": "3468", "name": "{\"fr\": \"PAUL LEDUC\", \"nl\": \"PAUL LEDUC\"}"}, {"gpscoordinates": "{\"latitude\": 50.868086, \"longitude\": 4.398201}", "id": "3470", "name": "{\"fr\": \"CONSCIENCE\", \"nl\": \"CONSCIENCE\"}"}, {"gpscoordinates": "{\"latitude\": 50.819024, \"longitude\": 4.380329}", "id": "3480", "name": "{\"fr\": \"BUYL\", \"nl\": \"BUYL\"}"}, {"gpscoordinates": "{\"latitude\": 50.87974, \"longitude\": 4.334586}", "id": "3484", "name": "{\"fr\": \"CIM. DE JETTE\", \"nl\": \"KERKH. VAN JETTE\"}"}, {"gpscoordinates": "{\"latitude\": 50.861416, \"longitude\": 4.314906}", "id": "3486", "name": "{\"fr\": \"BASTOGNE\", \"nl\": \"BASTENAKEN\"}"}, {"gpscoordinates": "{\"latitude\": 50.838945, \"longitude\": 4.361604}", "id": "3505", "name": "{\"fr\": \"PORTE DE NAMUR\", \"nl\": \"NAAMSEPOORT\"}"}, {"gpscoordinates": "{\"latitude\": 50.835086, \"longitude\": 4.363978}", "id": "3506", "name": "{\"fr\": \"QUART.ST-BONIFACE\", \"nl\": \"ST-BONIFAASWIJK\"}"}, {"gpscoordinates": "{\"latitude\": 50.815966, \"longitude\": 4.390704}", "id": "3514", "name": "{\"fr\": \"CIM. D'IXELLES\", \"nl\": \"BEGR. VAN ELSENE\"}"}, {"gpscoordinates": "{\"latitude\": 50.817709, \"longitude\": 4.395984}", "id": "3515", "name": "{\"fr\": \"FRAITEUR\", \"nl\": \"FRAITEUR\"}"}, {"gpscoordinates": "{\"latitude\": 50.828095, \"longitude\": 4.371179}", "id": "3519", "name": "{\"fr\": \"FLAGEY\", \"nl\": \"FLAGEY\"}"}, {"gpscoordinates": "{\"latitude\": 50.809849, \"longitude\": 4.443453}", "id": "3522", "name": "{\"fr\": \"ADEPS\", \"nl\": \"ADEPS\"}"}, {"gpscoordinates": "{\"latitude\": 50.780573, \"longitude\": 4.324655}", "id": "3535", "name": "{\"fr\": \"BEERSELLAAN\", \"nl\": \"BEERSELLAAN\"}"}, {"gpscoordinates": "{\"latitude\": 50.900223, \"longitude\": 4.329124}", "id": "3537", "name": "{\"fr\": \"PANORAMA\", \"nl\": \"PANORAMA\"}"}, {"gpscoordinates": "{\"latitude\": 50.900147, \"longitude\": 4.328479}", "id": "3538", "name": "{\"fr\": \"PANORAMA\", \"nl\": \"PANORAMA\"}"}, {"gpscoordinates": "{\"latitude\": 50.897587, \"longitude\": 4.322639}", "id": "3539", "name": "{\"fr\": \"ONYX\", \"nl\": \"ONYX\"}"}, {"gpscoordinates": "{\"latitude\": 50.817871, \"longitude\": 4.396111}", "id": "3557", "name": "{\"fr\": \"FRAITEUR\", \"nl\": \"FRAITEUR\"}"}, {"gpscoordinates": "{\"latitude\": 50.815984, \"longitude\": 4.390604}", "id": "3558", "name": "{\"fr\": \"CIM. D'IXELLES\", \"nl\": \"BEGR. VAN ELSENE\"}"}, {"gpscoordinates": "{\"latitude\": 50.813899, \"longitude\": 4.384459}", "id": "3559", "name": "{\"fr\": \"ULB\", \"nl\": \"ULB\"}"}, {"gpscoordinates": "{\"latitude\": 50.82369, \"longitude\": 4.373961}", "id": "3570", "name": "{\"fr\": \"ETANGS D'IXELLES\", \"nl\": \"VIJVERS ELSENE\"}"}, {"gpscoordinates": "{\"latitude\": 50.82823, \"longitude\": 4.371151}", "id": "3573", "name": "{\"fr\": \"FLAGEY\", \"nl\": \"FLAGEY\"}"}, {"gpscoordinates": "{\"latitude\": 50.905622, \"longitude\": 4.387688}", "id": "3574", "name": "{\"fr\": \"HOP. MILITAIRE\", \"nl\": \"MILITAIR HOSP.\"}"}, {"gpscoordinates": "{\"latitude\": 50.916477, \"longitude\": 4.401399}", "id": "3578", "name": "{\"fr\": \"TWEE LEEUWENWEG\", \"nl\": \"TWEE LEEUWENWEG\"}"}, {"gpscoordinates": "{\"latitude\": 50.803345, \"longitude\": 4.314813}", "id": "3580", "name": "{\"fr\": \"BEMPT\", \"nl\": \"BEMPT\"}"}, {"gpscoordinates": "{\"latitude\": 50.882853, \"longitude\": 4.330882}", "id": "3584", "name": "{\"fr\": \"LORGE\", \"nl\": \"LORGE\"}"}, {"gpscoordinates": "{\"latitude\": 50.884726, \"longitude\": 4.330214}", "id": "3586", "name": "{\"fr\": \"CROCQ\", \"nl\": \"CROCQ\"}"}, {"gpscoordinates": "{\"latitude\": 50.827061, \"longitude\": 4.288346}", "id": "3608", "name": "{\"fr\": \"FRANS HALS\", \"nl\": \"FRANS HALS\"}"}, {"gpscoordinates": "{\"latitude\": 50.824935, \"longitude\": 4.281424}", "id": "3610F", "name": "{\"fr\": \"MARIUS RENARD\", \"nl\": \"MARIUS RENARD\"}"}, {"gpscoordinates": "{\"latitude\": 50.824926, \"longitude\": 4.282034}", "id": "3611F", "name": "{\"fr\": \"MARIUS RENARD\", \"nl\": \"MARIUS RENARD\"}"}, {"gpscoordinates": "{\"latitude\": 50.827232, \"longitude\": 4.288942}", "id": "3613F", "name": "{\"fr\": \"FRANS HALS\", \"nl\": \"FRANS HALS\"}"}, {"gpscoordinates": "{\"latitude\": 50.914989, \"longitude\": 4.421061}", "id": "3619B", "name": "{\"fr\": \"VIER FONTEINEN\", \"nl\": \"VIER FONTEINEN\"}"}, {"gpscoordinates": "{\"latitude\": 50.823802, \"longitude\": 4.310464}", "id": "3682", "name": "{\"fr\": \"DIGUE DU CANAL\", \"nl\": \"VAARTDIJK\"}"}, {"gpscoordinates": "{\"latitude\": 50.860542, \"longitude\": 4.404673}", "id": "3704", "name": "{\"fr\": \"PAUL LEDUC\", \"nl\": \"PAUL LEDUC\"}"}, {"gpscoordinates": "{\"latitude\": 50.848238, \"longitude\": 4.395036}", "id": "3707", "name": "{\"fr\": \"JAMBLINNE DE MEUX\", \"nl\": \"JAMBLINNE DE MEUX\"}"}, {"gpscoordinates": "{\"latitude\": 50.829214, \"longitude\": 4.281586}", "id": "3751", "name": "{\"fr\": \"NEERPEDE\", \"nl\": \"NEERPEDE\"}"}, {"gpscoordinates": "{\"latitude\": 50.857622, \"longitude\": 4.398493}", "id": "3761", "name": "{\"fr\": \"LEOPOLD III\", \"nl\": \"LEOPOLD III\"}"}, {"gpscoordinates": "{\"latitude\": 50.859086, \"longitude\": 4.401334}", "id": "3762", "name": "{\"fr\": \"FRANS COURTENS\", \"nl\": \"FRANS COURTENS\"}"}, {"gpscoordinates": "{\"latitude\": 50.860595, \"longitude\": 4.405199}", "id": "3763", "name": "{\"fr\": \"PAUL LEDUC\", \"nl\": \"PAUL LEDUC\"}"}, {"gpscoordinates": "{\"latitude\": 50.863775, \"longitude\": 4.41398}", "id": "3765", "name": "{\"fr\": \"ARBRE UNIQUE\", \"nl\": \"EENBOOM\"}"}, {"gpscoordinates": "{\"latitude\": 50.861978, \"longitude\": 4.409319}", "id": "3766", "name": "{\"fr\": \"OPTIMISME\", \"nl\": \"OPTIMISME\"}"}, {"gpscoordinates": "{\"latitude\": 50.832053, \"longitude\": 4.32423}", "id": "3804", "name": "{\"fr\": \"DEUX GARES\", \"nl\": \"TWEE STATIONS\"}"}, {"gpscoordinates": "{\"latitude\": 50.823468, \"longitude\": 4.308548}", "id": "3808", "name": "{\"fr\": \"DIGUE DU CANAL\", \"nl\": \"VAARTDIJK\"}"}, {"gpscoordinates": "{\"latitude\": 50.820529, \"longitude\": 4.308197}", "id": "3812", "name": "{\"fr\": \"LABEUR\", \"nl\": \"ARBEID\"}"}, {"gpscoordinates": "{\"latitude\": 50.810288, \"longitude\": 4.30516}", "id": "3814", "name": "{\"fr\": \"MOZART\", \"nl\": \"MOZART\"}"}, {"gpscoordinates": "{\"latitude\": 50.810729, \"longitude\": 4.305499}", "id": "3815", "name": "{\"fr\": \"MOZART\", \"nl\": \"MOZART\"}"}, {"gpscoordinates": "{\"latitude\": 50.824377, \"longitude\": 4.309924}", "id": "3856", "name": "{\"fr\": \"DIGUE DU CANAL\", \"nl\": \"VAARTDIJK\"}"}, {"gpscoordinates": "{\"latitude\": 50.854515, \"longitude\": 4.414539}", "id": "3904", "name": "{\"fr\": \"CARENE\", \"nl\": \"CARINA\"}"}, {"gpscoordinates": "{\"latitude\": 50.84845, \"longitude\": 4.428619}", "id": "3910", "name": "{\"fr\": \"MOONENS\", \"nl\": \"MOONENS\"}"}, {"gpscoordinates": "{\"latitude\": 50.836831, \"longitude\": 4.387349}", "id": "3912", "name": "{\"fr\": \"LEMAN\", \"nl\": \"LEMAN\"}"}, {"gpscoordinates": "{\"latitude\": 50.83676, \"longitude\": 4.386455}", "id": "3953", "name": "{\"fr\": \"LEMAN\", \"nl\": \"LEMAN\"}"}, {"gpscoordinates": "{\"latitude\": 50.849057, \"longitude\": 4.417146}", "id": "3954", "name": "{\"fr\": \"HEYDENBERG\", \"nl\": \"HEYDENBERG\"}"}, {"gpscoordinates": "{\"latitude\": 50.852396, \"longitude\": 4.409495}", "id": "3956", "name": "{\"fr\": \"COLONEL BOURG\", \"nl\": \"KOLONEL BOURG\"}"}, {"gpscoordinates": "{\"latitude\": 50.854704, \"longitude\": 4.415206}", "id": "3957", "name": "{\"fr\": \"CARENE\", \"nl\": \"CARINA\"}"}, {"gpscoordinates": "{\"latitude\": 50.853929, \"longitude\": 4.418145}", "id": "3958", "name": "{\"fr\": \"PLEIADES\", \"nl\": \"PLEJADEN\"}"}, {"gpscoordinates": "{\"latitude\": 50.860181, \"longitude\": 4.30688}", "id": "4006G", "name": "{\"fr\": \"VAN ZANDE\", \"nl\": \"VAN ZANDE\"}"}, {"gpscoordinates": "{\"latitude\": 50.858672, \"longitude\": 4.313261}", "id": "4007G", "name": "{\"fr\": \"CIM. DE MOLENBEEK\", \"nl\": \"BEGR. MOLENBEEK\"}"}, {"gpscoordinates": "{\"latitude\": 50.85819, \"longitude\": 4.316563}", "id": "4053G", "name": "{\"fr\": \"KARREVELD\", \"nl\": \"KARREVELD\"}"}, {"gpscoordinates": "{\"latitude\": 50.86767, \"longitude\": 4.293704}", "id": "4058F", "name": "{\"fr\": \"ALCYONS\", \"nl\": \"ALCYONS\"}"}, {"gpscoordinates": "{\"latitude\": 50.873514, \"longitude\": 4.295044}", "id": "4062", "name": "{\"fr\": \"BOIS DES ILES\", \"nl\": \"EILANDENHOUT\"}"}]}