{"total_count": 2550, "results": [{"gpscoordinates": "{\"latitude\": 50.838006, \"longitude\": 4.40897}", "id": "89", "name": "{\"fr\": \"MONTGOMERY\", \"nl\": \"MONTGOMERY\"}"}, {"gpscoordinates": "{\"latitude\": 50.851746, \"longitude\": 4.353415}", "id": "506", "name": "{\"fr\": \"DE BROUCKERE\", \"nl\": \"DE BROUCKERE\"}"}, {"gpscoordinates": "{\"latitude\": 50.855933, \"longitude\": 4.358494}", "id": "516", "name": "{\"fr\": \"ROGIER\", \"nl\": \"ROGIER\"}"}, {"gpscoordinates": "{\"latitude\": 50.860053, \"longitude\": 4.359662}", "id": "531", "name": "{\"fr\": \"GARE DU NORD\", \"nl\": \"NOORDSTATION\"}"}, {"gpscoordinates": "{\"latitude\": 50.856097, \"longitude\": 4.358569}", "id": "539", "name": "{\"fr\": \"ROGIER\", \"nl\": \"ROGIER\"}"}, {"gpscoordinates": "{\"latitude\": 50.844184, \"longitude\": 4.345254}", "id": "611", "name": "{\"fr\": \"ANNEESSENS\", \"nl\": \"ANNEESSENS\"}"}, {"gpscoordinates": "{\"latitude\": 50.84449, \"longitude\": 4.345736}", "id": "616", "name": "{\"fr\": \"ANNEESSENS\", \"nl\": \"ANNEESSENS\"}"}, {"gpscoordinates": "{\"latitude\": 50.840084, \"longitude\": 4.341039}", "id": "621", "name": "{\"fr\": \"LEMONNIER\", \"nl\": \"LEMONNIER\"}"}, {"gpscoordinates": "{\"latitude\": 50.836497, \"longitude\": 4.337946}", "id": "631", "name": "{\"fr\": \"GARE DU MIDI\", \"nl\": \"ZUIDSTATION\"}"}, {"gpscoordinates": "{\"latitude\": 50.832547, \"longitude\": 4.342972}", "id": "703", "name": "{\"fr\": \"PORTE DE HAL\", \"nl\": \"HALLEPOORT\"}"}, {"gpscoordinates": "{\"latitude\": 50.829721, \"longitude\": 4.346537}", "id": "704", "name": "{\"fr\": \"PARVIS ST-GILLES\", \"nl\": \"ST-GILLISVOORPL.\"}"}, {"gpscoordinates": "{\"latitude\": 50.825702, \"longitude\": 4.34549}", "id": "705", "name": "{\"fr\": \"HORTA\", \"nl\": \"HORTA\"}"}, {"gpscoordinates": "{\"latitude\": 50.820802, \"longitude\": 4.340965}", "id": "711F", "name": "{\"fr\": \"ALBERT\", \"nl\": \"ALBERT\"}"}, {"gpscoordinates": "{\"latitude\": 50.822303, \"longitude\": 4.343561}", "id": "722", "name": "{\"fr\": \"ALBERT\", \"nl\": \"ALBERT\"}"}, {"gpscoordinates": "{\"latitude\": 50.829944, \"longitude\": 4.346011}", "id": "724", "name": "{\"fr\": \"PARVIS ST-GILLES\", \"nl\": \"ST-GILLISVOORPL.\"}"}, {"gpscoordinates": "{\"latitude\": 50.843453, \"longitude\": 4.405598}", "id": "811", "name": "{\"fr\": \"GEORGES HENRI\", \"nl\": \"GEORGES HENRI\"}"}, {"gpscoordinates": "{\"latitude\": 50.849394, \"longitude\": 4.402198}", "id": "826", "name": "{\"fr\": \"DIAMANT\", \"nl\": \"DIAMANT\"}"}, {"gpscoordinates": "{\"latitude\": 50.832955, \"longitude\": 4.405187}", "id": "901", "name": "{\"fr\": \"BOILEAU\", \"nl\": \"BOILEAU\"}"}, {"gpscoordinates": "{\"latitude\": 50.833663, \"longitude\": 4.405561}", "id": "906", "name": "{\"fr\": \"BOILEAU\", \"nl\": \"BOILEAU\"}"}, {"gpscoordinates": "{\"latitude\": 50.871012, \"longitude\": 4.32447}", "id": "1014", "name": "{\"fr\": \"MIROIR\", \"nl\": \"SPIEGEL\"}"}, {"gpscoordinates": "{\"latitude\": 50.835978, \"longitude\": 4.274419}", "id": "1018", "name": "{\"fr\": \"BON AIR\", \"nl\": \"GOEDE LUCHT\"}"}, {"gpscoordinates": "{\"latitude\": 50.86406, \"longitude\": 4.344122}", "id": "1019", "name": "{\"fr\": \"PICARD\", \"nl\": \"PICARD\"}"}, {"gpscoordinates": "{\"latitude\": 50.815519, \"longitude\": 4.371065}", "id": "1049F", "name": "{\"fr\": \"LEGRAND\", \"nl\": \"LEGRAND\"}"}, {"gpscoordinates": "{\"latitude\": 50.861527, \"longitude\": 4.355557}", "id": "1052", "name": "{\"fr\": \"WTC\", \"nl\": \"WTC\"}"}, {"gpscoordinates": "{\"latitude\": 50.816689, \"longitude\": 4.371696}", "id": "1059", "name": "{\"fr\": \"LEGRAND\", \"nl\": \"LEGRAND\"}"}, {"gpscoordinates": "{\"latitude\": 50.879155, \"longitude\": 4.321791}", "id": "1065", "name": "{\"fr\": \"LE ROUX\", \"nl\": \"LE ROUX\"}"}, {"gpscoordinates": "{\"latitude\": 50.860385, \"longitude\": 4.358895}", "id": "1083", "name": "{\"fr\": \"GARE DU NORD\", \"nl\": \"NOORDSTATION\"}"}, {"gpscoordinates": "{\"latitude\": 50.89387, \"longitude\": 4.397956}", "id": "1090", "name": "{\"fr\": \"PAVILLONS MEUDON\", \"nl\": \"MEUDON-PAVILJ.\"}"}, {"gpscoordinates": "{\"latitude\": 50.864112, \"longitude\": 4.312275}", "id": "1096", "name": "{\"fr\": \"BENES\", \"nl\": \"BENES\"}"}, {"gpscoordinates": "{\"latitude\": 50.861273, \"longitude\": 4.315886}", "id": "1097", "name": "{\"fr\": \"BASTOGNE\", \"nl\": \"BASTENAKEN\"}"}, {"gpscoordinates": "{\"latitude\": 50.866778, \"longitude\": 4.308838}", "id": "1108", "name": "{\"fr\": \"GOFFIN\", \"nl\": \"GOFFIN\"}"}, {"gpscoordinates": "{\"latitude\": 50.838804, \"longitude\": 4.408276}", "id": "1113", "name": "{\"fr\": \"ICHEC\", \"nl\": \"ICHEC\"}"}, {"gpscoordinates": "{\"latitude\": 50.866817, \"longitude\": 4.281688}", "id": "1116", "name": "{\"fr\": \"HUNDERENVELD\", \"nl\": \"HUNDERENVELD\"}"}, {"gpscoordinates": "{\"latitude\": 50.864477, \"longitude\": 4.30662}", "id": "1119", "name": "{\"fr\": \"WINTEROY\", \"nl\": \"WINTEROY\"}"}, {"gpscoordinates": "{\"latitude\": 50.8645, \"longitude\": 4.306428}", "id": "1120", "name": "{\"fr\": \"WINTEROY\", \"nl\": \"WINTEROY\"}"}, {"gpscoordinates": "{\"latitude\": 50.837425, \"longitude\": 4.349033}", "id": "1126", "name": "{\"fr\": \"JEU DE BALLE\", \"nl\": \"VOSSENPLEIN\"}"}, {"gpscoordinates": "{\"latitude\": 50.841246, \"longitude\": 4.351814}", "id": "1127", "name": "{\"fr\": \"CHAPELLE\", \"nl\": \"KAPELLEKERK\"}"}, {"gpscoordinates": "{\"latitude\": 50.841004, \"longitude\": 4.374318}", "id": "1132", "name": "{\"fr\": \"TREVES\", \"nl\": \"TRIER\"}"}, {"gpscoordinates": "{\"latitude\": 50.840338, \"longitude\": 4.378662}", "id": "1133", "name": "{\"fr\": \"PARC LEOPOLD\", \"nl\": \"LEOPOLDSPARK\"}"}, {"gpscoordinates": "{\"latitude\": 50.839287, \"longitude\": 4.386635}", "id": "1134", "name": "{\"fr\": \"NERVIENS\", \"nl\": \"NERVIERS\"}"}, {"gpscoordinates": "{\"latitude\": 50.838062, \"longitude\": 4.392801}", "id": "1135", "name": "{\"fr\": \"GAULOIS\", \"nl\": \"GALLIERS\"}"}, {"gpscoordinates": "{\"latitude\": 50.84679, \"longitude\": 4.420892}", "id": "1138", "name": "{\"fr\": \"ZEPHYR\", \"nl\": \"WESTENWIND\"}"}, {"gpscoordinates": "{\"latitude\": 50.843639, \"longitude\": 4.411958}", "id": "1140", "name": "{\"fr\": \"DEGROOFF\", \"nl\": \"DEGROOFF\"}"}, {"gpscoordinates": "{\"latitude\": 50.845057, \"longitude\": 4.417284}", "id": "1141", "name": "{\"fr\": \"MEUDON\", \"nl\": \"MEUDON\"}"}, {"gpscoordinates": "{\"latitude\": 50.86724, \"longitude\": 4.281502}", "id": "1142", "name": "{\"fr\": \"HUNDERENVELD\", \"nl\": \"HUNDERENVELD\"}"}, {"gpscoordinates": "{\"latitude\": 50.923607, \"longitude\": 4.426533}", "id": "1143", "name": "{\"fr\": \"HANSSENSPARK\", \"nl\": \"HANSSENSPARK\"}"}, {"gpscoordinates": "{\"latitude\": 50.842046, \"longitude\": 4.383774}", "id": "1148C", "name": "{\"fr\": \"SCHUMAN\", \"nl\": \"SCHUMAN\"}"}, {"gpscoordinates": "{\"latitude\": 50.844895, \"longitude\": 4.416773}", "id": "1152", "name": "{\"fr\": \"MEUDON\", \"nl\": \"MEUDON\"}"}, {"gpscoordinates": "{\"latitude\": 50.841744, \"longitude\": 4.406362}", "id": "1154", "name": "{\"fr\": \"GEORGES HENRI\", \"nl\": \"GEORGES HENRI\"}"}, {"gpscoordinates": "{\"latitude\": 50.841975, \"longitude\": 4.374715}", "id": "1160", "name": "{\"fr\": \"TREVES\", \"nl\": \"TRIER\"}"}, {"gpscoordinates": "{\"latitude\": 50.837424, \"longitude\": 4.346875}", "id": "1168", "name": "{\"fr\": \"JEU DE BALLE\", \"nl\": \"VOSSENPLEIN\"}"}, {"gpscoordinates": "{\"latitude\": 50.863355, \"longitude\": 4.330671}", "id": "1183", "name": "{\"fr\": \"SIMONIS\", \"nl\": \"SIMONIS\"}"}, {"gpscoordinates": "{\"latitude\": 50.865255, \"longitude\": 4.284815}", "id": "1193", "name": "{\"fr\": \"SEPT ETOILES\", \"nl\": \"ZEVEN STERREN\"}"}, {"gpscoordinates": "{\"latitude\": 50.861354, \"longitude\": 4.316156}", "id": "1197", "name": "{\"fr\": \"BASTOGNE\", \"nl\": \"BASTENAKEN\"}"}, {"gpscoordinates": "{\"latitude\": 50.856387, \"longitude\": 4.326529}", "id": "1202", "name": "{\"fr\": \"OSSEGHEM\", \"nl\": \"OSSEGEM\"}"}, {"gpscoordinates": "{\"latitude\": 50.837374, \"longitude\": 4.290288}", "id": "1204", "name": "{\"fr\": \"FRUITS\", \"nl\": \"FRUIT\"}"}, {"gpscoordinates": "{\"latitude\": 50.839247, \"longitude\": 4.296546}", "id": "1205", "name": "{\"fr\": \"WILLEMYNS\", \"nl\": \"WILLEMYNS\"}"}, {"gpscoordinates": "{\"latitude\": 50.843475, \"longitude\": 4.300486}", "id": "1207", "name": "{\"fr\": \"PAULSEN\", \"nl\": \"PAULSEN\"}"}, {"gpscoordinates": "{\"latitude\": 50.821161, \"longitude\": 4.341972}", "id": "1220", "name": "{\"fr\": \"ALBERT\", \"nl\": \"ALBERT\"}"}, {"gpscoordinates": "{\"latitude\": 50.838936, \"longitude\": 4.372733}", "id": "1233", "name": "{\"fr\": \"LUXEMBOURG\", \"nl\": \"LUXEMBURG\"}"}, {"gpscoordinates": "{\"latitude\": 50.851948, \"longitude\": 4.33237}", "id": "1237", "name": "{\"fr\": \"ELEPHANT\", \"nl\": \"OLIFANT\"}"}, {"gpscoordinates": "{\"latitude\": 50.83809, \"longitude\": 4.295876}", "id": "1259", "name": "{\"fr\": \"WILLEMYNS\", \"nl\": \"WILLEMYNS\"}"}, {"gpscoordinates": "{\"latitude\": 50.840249, \"longitude\": 4.37392}", "id": "1262B", "name": "{\"fr\": \"LUXEMBOURG\", \"nl\": \"LUXEMBURG\"}"}, {"gpscoordinates": "{\"latitude\": 50.846234, \"longitude\": 4.38347}", "id": "1273", "name": "{\"fr\": \"AMBIORIX\", \"nl\": \"AMBIORIX\"}"}, {"gpscoordinates": "{\"latitude\": 50.828383, \"longitude\": 4.373166}", "id": "1280B", "name": "{\"fr\": \"FLAGEY\", \"nl\": \"FLAGEY\"}"}, {"gpscoordinates": "{\"latitude\": 50.893462, \"longitude\": 4.332132}", "id": "1290", "name": "{\"fr\": \"STADE\", \"nl\": \"STADION\"}"}, {"gpscoordinates": "{\"latitude\": 50.839796, \"longitude\": 4.463803}", "id": "1302", "name": "{\"fr\": \"STOCKEL\", \"nl\": \"STOKKEL\"}"}, {"gpscoordinates": "{\"latitude\": 50.864418, \"longitude\": 4.29709}", "id": "1306F", "name": "{\"fr\": \"SCHWEITZER\", \"nl\": \"SCHWEITZER\"}"}, {"gpscoordinates": "{\"latitude\": 50.864968, \"longitude\": 4.350239}", "id": "1348", "name": "{\"fr\": \"TOUR ET TAXIS\", \"nl\": \"THURN EN TAXIS\"}"}, {"gpscoordinates": "{\"latitude\": 50.865086, \"longitude\": 4.35111}", "id": "1349", "name": "{\"fr\": \"TOUR ET TAXIS\", \"nl\": \"THURN EN TAXIS\"}"}, {"gpscoordinates": "{\"latitude\": 50.885087, \"longitude\": 4.318659}", "id": "1368", "name": "{\"fr\": \"ANCIENNE BARRIERE\", \"nl\": \"OUDE AFSPANNING\"}"}, {"gpscoordinates": "{\"latitude\": 50.8512, \"longitude\": 4.487797}", "id": "1375", "name": "{\"fr\": \"GERGEL\", \"nl\": \"GERGEL\"}"}, {"gpscoordinates": "{\"latitude\": 50.841413, \"longitude\": 4.353383}", "id": "1376B", "name": "{\"fr\": \"GRAND SABLON\", \"nl\": \"GROTE ZAVEL\"}"}, {"gpscoordinates": "{\"latitude\": 50.847902, \"longitude\": 4.435729}", "id": "1382", "name": "{\"fr\": \"ROODEBEEK\", \"nl\": \"ROODEBEEK\"}"}, {"gpscoordinates": "{\"latitude\": 50.848138, \"longitude\": 4.436066}", "id": "1384", "name": "{\"fr\": \"ROODEBEEK\", \"nl\": \"ROODEBEEK\"}"}, {"gpscoordinates": "{\"latitude\": 50.84779, \"longitude\": 4.436351}", "id": "1385", "name": "{\"fr\": \"ROODEBEEK\", \"nl\": \"ROODEBEEK\"}"}, {"gpscoordinates": "{\"latitude\": 50.852518, \"longitude\": 4.490754}", "id": "1387", "name": "{\"fr\": \"DEUTSCHE SCHULE\", \"nl\": \"DEUTSCHE SCHULE\"}"}, {"gpscoordinates": "{\"latitude\": 50.845205, \"longitude\": 4.386602}", "id": "1402B", "name": "{\"fr\": \"MICHEL-ANGE\", \"nl\": \"MICHELANGELO\"}"}, {"gpscoordinates": "{\"latitude\": 50.84724, \"longitude\": 4.393729}", "id": "1403", "name": "{\"fr\": \"JAMBLINNE DE MEUX\", \"nl\": \"JAMBLINNE DE MEUX\"}"}, {"gpscoordinates": "{\"latitude\": 50.843986, \"longitude\": 4.421287}", "id": "1408", "name": "{\"fr\": \"MONTALD\", \"nl\": \"MONTALD\"}"}, {"gpscoordinates": "{\"latitude\": 50.841169, \"longitude\": 4.443304}", "id": "1415", "name": "{\"fr\": \"STADE FALLON\", \"nl\": \"FALLON STADION\"}"}, {"gpscoordinates": "{\"latitude\": 50.841436, \"longitude\": 4.432386}", "id": "1421", "name": "{\"fr\": \"SLEGERS\", \"nl\": \"SLEGERS\"}"}, {"gpscoordinates": "{\"latitude\": 50.846244, \"longitude\": 4.384315}", "id": "1425", "name": "{\"fr\": \"AMBIORIX\", \"nl\": \"AMBIORIX\"}"}, {"gpscoordinates": "{\"latitude\": 50.839851, \"longitude\": 4.436757}", "id": "1450", "name": "{\"fr\": \"DEPORTES\", \"nl\": \"WEGGEVOERDEN\"}"}, {"gpscoordinates": "{\"latitude\": 50.803007, \"longitude\": 4.409778}", "id": "1453", "name": "{\"fr\": \"CALYPSO 2000\", \"nl\": \"CALYPSO 2000\"}"}, {"gpscoordinates": "{\"latitude\": 50.842922, \"longitude\": 4.406278}", "id": "1459", "name": "{\"fr\": \"GEORGES HENRI\", \"nl\": \"GEORGES HENRI\"}"}, {"gpscoordinates": "{\"latitude\": 50.88792, \"longitude\": 4.327875}", "id": "1466", "name": "{\"fr\": \"HOP. DES ENFANTS\", \"nl\": \"KINDERZIEKENHUIS\"}"}, {"gpscoordinates": "{\"latitude\": 50.849772, \"longitude\": 4.370027}", "id": "1471", "name": "{\"fr\": \"MADOU\", \"nl\": \"MADOU\"}"}, {"gpscoordinates": "{\"latitude\": 50.843434, \"longitude\": 4.383842}", "id": "1474B", "name": "{\"fr\": \"SCHUMAN\", \"nl\": \"SCHUMAN\"}"}, {"gpscoordinates": "{\"latitude\": 50.823075, \"longitude\": 4.296755}", "id": "1480", "name": "{\"fr\": \"WAXWEILER\", \"nl\": \"WAXWEILER\"}"}, {"gpscoordinates": "{\"latitude\": 50.837828, \"longitude\": 4.283771}", "id": "1483", "name": "{\"fr\": \"WESTLAND SHOPPING\", \"nl\": \"WESTLAND SHOPPING\"}"}, {"gpscoordinates": "{\"latitude\": 50.836343, \"longitude\": 4.295116}", "id": "1489", "name": "{\"fr\": \"RENE HENRY\", \"nl\": \"RENE HENRY\"}"}, {"gpscoordinates": "{\"latitude\": 50.843138, \"longitude\": 4.375982}", "id": "1497B", "name": "{\"fr\": \"TOULOUSE\", \"nl\": \"TOULOUSE\"}"}, {"gpscoordinates": "{\"latitude\": 50.849751, \"longitude\": 4.374333}", "id": "1509", "name": "{\"fr\": \"SAINT-JOSSE\", \"nl\": \"SINT-JOOST\"}"}, {"gpscoordinates": "{\"latitude\": 50.848128, \"longitude\": 4.42514}", "id": "1522", "name": "{\"fr\": \"VERHEYLEWEGHEN\", \"nl\": \"VERHEYLEWEGHEN\"}"}, {"gpscoordinates": "{\"latitude\": 50.852876, \"longitude\": 4.437997}", "id": "1525", "name": "{\"fr\": \"PEUPLIERS\", \"nl\": \"POPULIEREN\"}"}, {"gpscoordinates": "{\"latitude\": 50.855671, \"longitude\": 4.440572}", "id": "1526", "name": "{\"fr\": \"MARCEL THIRY\", \"nl\": \"MARCEL THIRY\"}"}, {"gpscoordinates": "{\"latitude\": 50.857103, \"longitude\": 4.441439}", "id": "1527", "name": "{\"fr\": \"JESPERS\", \"nl\": \"JESPERS\"}"}, {"gpscoordinates": "{\"latitude\": 50.8588, \"longitude\": 4.438702}", "id": "1528", "name": "{\"fr\": \"HOF TEN BERG\", \"nl\": \"HOF TEN BERG\"}"}, {"gpscoordinates": "{\"latitude\": 50.846731, \"longitude\": 4.431215}", "id": "1529", "name": "{\"fr\": \"HYMANS\", \"nl\": \"HYMANS\"}"}]}