{"total_count": 2550, "results": [{"gpscoordinates": "{\"latitude\": 50.884412, \"longitude\": 4.343898}", "id": "4232", "name": "{\"fr\": \"SOBIESKI\", \"nl\": \"SOBIESKI\"}"}, {"gpscoordinates": "{\"latitude\": 50.859897, \"longitude\": 4.341482}", "id": "4253", "name": "{\"fr\": \"RIBAUCOURT\", \"nl\": \"RIBAUCOURT\"}"}, {"gpscoordinates": "{\"latitude\": 50.893864, \"longitude\": 4.326169}", "id": "4261", "name": "{\"fr\": \"PALFIJN\", \"nl\": \"PALFIJN\"}"}, {"gpscoordinates": "{\"latitude\": 50.896824, \"longitude\": 4.336515}", "id": "4264B", "name": "{\"fr\": \"HEYSEL\", \"nl\": \"HEIZEL\"}"}, {"gpscoordinates": "{\"latitude\": 50.874191, \"longitude\": 4.346915}", "id": "4266", "name": "{\"fr\": \"NEKKERSDAL\", \"nl\": \"NEKKERSDAL\"}"}, {"gpscoordinates": "{\"latitude\": 50.873832, \"longitude\": 4.346305}", "id": "4267", "name": "{\"fr\": \"NEKKERSDAL\", \"nl\": \"NEKKERSDAL\"}"}, {"gpscoordinates": "{\"latitude\": 50.890541, \"longitude\": 4.336561}", "id": "4276", "name": "{\"fr\": \"HOUBA-BRUGMANN\", \"nl\": \"HOUBA-BRUGMANN\"}"}, {"gpscoordinates": "{\"latitude\": 50.792197, \"longitude\": 4.419611}", "id": "4287", "name": "{\"fr\": \"INTERNAT. SCHOOL\", \"nl\": \"INTERNAT. SCHOOL\"}"}, {"gpscoordinates": "{\"latitude\": 50.794104, \"longitude\": 4.418493}", "id": "4289", "name": "{\"fr\": \"ETANGS BOITSFORT\", \"nl\": \"VIJVERS BOSVOORDE\"}"}, {"gpscoordinates": "{\"latitude\": 50.79396, \"longitude\": 4.41794}", "id": "4292", "name": "{\"fr\": \"ETANGS BOITSFORT\", \"nl\": \"VIJVERS BOSVOORDE\"}"}, {"gpscoordinates": "{\"latitude\": 50.824183, \"longitude\": 4.385896}", "id": "4305", "name": "{\"fr\": \"DELPORTE\", \"nl\": \"DELPORTE\"}"}, {"gpscoordinates": "{\"latitude\": 50.821675, \"longitude\": 4.388989}", "id": "4306", "name": "{\"fr\": \"ETTERBEEK GARE\", \"nl\": \"ETTERBEEK STATION\"}"}, {"gpscoordinates": "{\"latitude\": 50.817854, \"longitude\": 4.392422}", "id": "4307", "name": "{\"fr\": \"THYS\", \"nl\": \"THYS\"}"}, {"gpscoordinates": "{\"latitude\": 50.809616, \"longitude\": 4.403442}", "id": "4310", "name": "{\"fr\": \"KEYM\", \"nl\": \"KEYM\"}"}, {"gpscoordinates": "{\"latitude\": 50.802583, \"longitude\": 4.412501}", "id": "4313", "name": "{\"fr\": \"LES 3 TILLEULS\", \"nl\": \"DRIE LINDEN\"}"}, {"gpscoordinates": "{\"latitude\": 50.802617, \"longitude\": 4.418772}", "id": "4314", "name": "{\"fr\": \"CERISAIE\", \"nl\": \"KERSEBOOMGAARD\"}"}, {"gpscoordinates": "{\"latitude\": 50.798643, \"longitude\": 4.419774}", "id": "4318", "name": "{\"fr\": \"WIENER\", \"nl\": \"WIENER\"}"}, {"gpscoordinates": "{\"latitude\": 50.802779, \"longitude\": 4.418474}", "id": "4344", "name": "{\"fr\": \"CERISAIE\", \"nl\": \"KERSEBOOMGAARD\"}"}, {"gpscoordinates": "{\"latitude\": 50.801545, \"longitude\": 4.422132}", "id": "4345", "name": "{\"fr\": \"FAUCONNERIE\", \"nl\": \"VALKERIJ\"}"}, {"gpscoordinates": "{\"latitude\": 50.802745, \"longitude\": 4.41287}", "id": "4355", "name": "{\"fr\": \"LES 3 TILLEULS\", \"nl\": \"DRIE LINDEN\"}"}, {"gpscoordinates": "{\"latitude\": 50.80539, \"longitude\": 4.406772}", "id": "4357", "name": "{\"fr\": \"VANDER ELST\", \"nl\": \"VANDER ELST\"}"}, {"gpscoordinates": "{\"latitude\": 50.81003, \"longitude\": 4.403172}", "id": "4358", "name": "{\"fr\": \"KEYM\", \"nl\": \"KEYM\"}"}, {"gpscoordinates": "{\"latitude\": 50.812046, \"longitude\": 4.392405}", "id": "4360", "name": "{\"fr\": \"RELAIS\", \"nl\": \"PLEISTERPLAATS\"}"}, {"gpscoordinates": "{\"latitude\": 50.827537, \"longitude\": 4.381838}", "id": "4365", "name": "{\"fr\": \"RODIN\", \"nl\": \"RODIN\"}"}, {"gpscoordinates": "{\"latitude\": 50.838181, \"longitude\": 4.372827}", "id": "4367B", "name": "{\"fr\": \"LUXEMBOURG\", \"nl\": \"LUXEMBURG\"}"}, {"gpscoordinates": "{\"latitude\": 50.8257, \"longitude\": 4.397833}", "id": "4369", "name": "{\"fr\": \"ARSENAL\", \"nl\": \"ARSENAAL\"}"}, {"gpscoordinates": "{\"latitude\": 50.810899, \"longitude\": 4.411502}", "id": "4402", "name": "{\"fr\": \"HANNETONS\", \"nl\": \"MEIKEVERS\"}"}, {"gpscoordinates": "{\"latitude\": 50.810914, \"longitude\": 4.418795}", "id": "4408", "name": "{\"fr\": \"TRITOMAS\", \"nl\": \"TRITOMA\"}"}, {"gpscoordinates": "{\"latitude\": 50.810869, \"longitude\": 4.418468}", "id": "4449", "name": "{\"fr\": \"TRITOMAS\", \"nl\": \"TRITOMA\"}"}, {"gpscoordinates": "{\"latitude\": 50.81282, \"longitude\": 4.417406}", "id": "4452", "name": "{\"fr\": \"PECHERIES\", \"nl\": \"VISSERIJ\"}"}, {"gpscoordinates": "{\"latitude\": 50.795271, \"longitude\": 4.318735}", "id": "4501F", "name": "{\"fr\": \"STALLE (P)\", \"nl\": \"STALLE (P)\"}"}, {"gpscoordinates": "{\"latitude\": 50.856889, \"longitude\": 4.413007}", "id": "4505", "name": "{\"fr\": \"MOMMAERTS\", \"nl\": \"MOMMAERTS\"}"}, {"gpscoordinates": "{\"latitude\": 50.86074, \"longitude\": 4.403906}", "id": "4555", "name": "{\"fr\": \"PAUL LEDUC\", \"nl\": \"PAUL LEDUC\"}"}, {"gpscoordinates": "{\"latitude\": 50.85609, \"longitude\": 4.289959}", "id": "4600", "name": "{\"fr\": \"CIMETIERES\", \"nl\": \"BEGRAAFPLAATSEN\"}"}, {"gpscoordinates": "{\"latitude\": 50.856278, \"longitude\": 4.289902}", "id": "4656", "name": "{\"fr\": \"CIMETIERES\", \"nl\": \"BEGRAAFPLAATSEN\"}"}, {"gpscoordinates": "{\"latitude\": 50.86025, \"longitude\": 4.288191}", "id": "4657", "name": "{\"fr\": \"MARICOLLES\", \"nl\": \"MARICOLLEN\"}"}, {"gpscoordinates": "{\"latitude\": 50.856709, \"longitude\": 4.302967}", "id": "4658", "name": "{\"fr\": \"THYM\", \"nl\": \"TIJM\"}"}, {"gpscoordinates": "{\"latitude\": 50.855632, \"longitude\": 4.306249}", "id": "4659", "name": "{\"fr\": \"CANDRIES\", \"nl\": \"CANDRIES\"}"}, {"gpscoordinates": "{\"latitude\": 50.863333, \"longitude\": 4.286893}", "id": "4661B", "name": "{\"fr\": \"BROEK\", \"nl\": \"BROEK\"}"}, {"gpscoordinates": "{\"latitude\": 50.821865, \"longitude\": 4.363586}", "id": "4705", "name": "{\"fr\": \"WASHINGTON\", \"nl\": \"WASHINGTON\"}"}, {"gpscoordinates": "{\"latitude\": 50.799553, \"longitude\": 4.358567}", "id": "4857B", "name": "{\"fr\": \"OBSERVATOIRE\", \"nl\": \"STERRENWACHT\"}"}, {"gpscoordinates": "{\"latitude\": 50.886272, \"longitude\": 4.342107}", "id": "4955F", "name": "{\"fr\": \"STUYVENBERGH\", \"nl\": \"STUYVENBERGH\"}"}, {"gpscoordinates": "{\"latitude\": 50.886506, \"longitude\": 4.341609}", "id": "4956", "name": "{\"fr\": \"STUYVENBERGH\", \"nl\": \"STUYVENBERGH\"}"}, {"gpscoordinates": "{\"latitude\": 50.895267, \"longitude\": 4.355039}", "id": "5001F", "name": "{\"fr\": \"DE WAND\", \"nl\": \"DE WAND\"}"}, {"gpscoordinates": "{\"latitude\": 50.867465, \"longitude\": 4.33608}", "id": "5009G", "name": "{\"fr\": \"BELGICA\", \"nl\": \"BELGICA\"}"}, {"gpscoordinates": "{\"latitude\": 50.865946, \"longitude\": 4.338822}", "id": "5011F", "name": "{\"fr\": \"VANDERSTICHELEN\", \"nl\": \"VANDERSTICHELEN\"}"}, {"gpscoordinates": "{\"latitude\": 50.860221, \"longitude\": 4.340881}", "id": "5013B", "name": "{\"fr\": \"RIBAUCOURT\", \"nl\": \"RIBAUCOURT\"}"}, {"gpscoordinates": "{\"latitude\": 50.822287, \"longitude\": 4.353339}", "id": "5020", "name": "{\"fr\": \"MA CAMPAGNE\", \"nl\": \"MA CAMPAGNE\"}"}, {"gpscoordinates": "{\"latitude\": 50.809808, \"longitude\": 4.345455}", "id": "5024", "name": "{\"fr\": \"MESSIDOR\", \"nl\": \"MESSIDOR\"}"}, {"gpscoordinates": "{\"latitude\": 50.803308, \"longitude\": 4.341358}", "id": "5026", "name": "{\"fr\": \"HEROS\", \"nl\": \"HELDEN\"}"}, {"gpscoordinates": "{\"latitude\": 50.876747, \"longitude\": 4.412529}", "id": "5039", "name": "{\"fr\": \"DA VINCI\", \"nl\": \"DA VINCI\"}"}, {"gpscoordinates": "{\"latitude\": 50.876787, \"longitude\": 4.411827}", "id": "5041F", "name": "{\"fr\": \"DA VINCI\", \"nl\": \"DA VINCI\"}"}, {"gpscoordinates": "{\"latitude\": 50.876145, \"longitude\": 4.41044}", "id": "5048", "name": "{\"fr\": \"DA VINCI\", \"nl\": \"DA VINCI\"}"}, {"gpscoordinates": "{\"latitude\": 50.791229, \"longitude\": 4.368303}", "id": "5053B", "name": "{\"fr\": \"ALPHONSE XIII\", \"nl\": \"ALPHONSE XIII\"}"}, {"gpscoordinates": "{\"latitude\": 50.794599, \"longitude\": 4.356511}", "id": "5056", "name": "{\"fr\": \"LANCASTER\", \"nl\": \"LANCASTER\"}"}, {"gpscoordinates": "{\"latitude\": 50.794752, \"longitude\": 4.352568}", "id": "5057", "name": "{\"fr\": \"THEVENET\", \"nl\": \"THEVENET\"}"}, {"gpscoordinates": "{\"latitude\": 50.807578, \"longitude\": 4.344131}", "id": "5059", "name": "{\"fr\": \"BOETENDAEL\", \"nl\": \"BOETENDAEL\"}"}, {"gpscoordinates": "{\"latitude\": 50.810843, \"longitude\": 4.346215}", "id": "5060", "name": "{\"fr\": \"MESSIDOR\", \"nl\": \"MESSIDOR\"}"}, {"gpscoordinates": "{\"latitude\": 50.818961, \"longitude\": 4.35134}", "id": "5063", "name": "{\"fr\": \"DARWIN\", \"nl\": \"DARWIN\"}"}, {"gpscoordinates": "{\"latitude\": 50.866207, \"longitude\": 4.338439}", "id": "5074F", "name": "{\"fr\": \"VANDERSTICHELEN\", \"nl\": \"VANDERSTICHELEN\"}"}, {"gpscoordinates": "{\"latitude\": 50.877973, \"longitude\": 4.332833}", "id": "5079", "name": "{\"fr\": \"DEMINEURS\", \"nl\": \"ONTMIJNERS\"}"}, {"gpscoordinates": "{\"latitude\": 50.880077, \"longitude\": 4.33492}", "id": "5090F", "name": "{\"fr\": \"CIM. DE JETTE\", \"nl\": \"KERKH. VAN JETTE\"}"}, {"gpscoordinates": "{\"latitude\": 50.882621, \"longitude\": 4.335572}", "id": "5092F", "name": "{\"fr\": \"GUILL. DE GREEF\", \"nl\": \"GUILL. DE GREEF\"}"}, {"gpscoordinates": "{\"latitude\": 50.824088, \"longitude\": 4.326841}", "id": "5100B", "name": "{\"fr\": \"WIELS\", \"nl\": \"WIELS\"}"}, {"gpscoordinates": "{\"latitude\": 50.866659, \"longitude\": 4.287128}", "id": "5102", "name": "{\"fr\": \"AZUR\", \"nl\": \"AZUUR\"}"}, {"gpscoordinates": "{\"latitude\": 50.86716, \"longitude\": 4.275414}", "id": "5104F", "name": "{\"fr\": \"GROOT-BIJGAARDEN\", \"nl\": \"GROOT-BIJGAARDEN\"}"}, {"gpscoordinates": "{\"latitude\": 50.863488, \"longitude\": 4.325287}", "id": "5109", "name": "{\"fr\": \"BESME\", \"nl\": \"BESME\"}"}, {"gpscoordinates": "{\"latitude\": 50.819574, \"longitude\": 4.32554}", "id": "5120", "name": "{\"fr\": \"UNION\", \"nl\": \"UNION\"}"}, {"gpscoordinates": "{\"latitude\": 50.81194, \"longitude\": 4.319148}", "id": "5121F", "name": "{\"fr\": \"FOREST CENTRE\", \"nl\": \"VORST CENTRUM\"}"}, {"gpscoordinates": "{\"latitude\": 50.824206, \"longitude\": 4.331127}", "id": "5158", "name": "{\"fr\": \"BERTHELOT\", \"nl\": \"BERTHELOT\"}"}, {"gpscoordinates": "{\"latitude\": 50.867042, \"longitude\": 4.281318}", "id": "5170", "name": "{\"fr\": \"HUNDERENVELD\", \"nl\": \"HUNDERENVELD\"}"}, {"gpscoordinates": "{\"latitude\": 50.867115, \"longitude\": 4.313479}", "id": "5172F", "name": "{\"fr\": \"COLLEGE S.-COEUR\", \"nl\": \"H. HARTCOLLEGE\"}"}, {"gpscoordinates": "{\"latitude\": 50.866722, \"longitude\": 4.286958}", "id": "5174", "name": "{\"fr\": \"AZUR\", \"nl\": \"AZUUR\"}"}, {"gpscoordinates": "{\"latitude\": 50.822187, \"longitude\": 4.388819}", "id": "5205", "name": "{\"fr\": \"ETTERBEEK GARE\", \"nl\": \"ETTERBEEK STATION\"}"}, {"gpscoordinates": "{\"latitude\": 50.811392, \"longitude\": 4.361586}", "id": "5212", "name": "{\"fr\": \"GOSSART\", \"nl\": \"GOSSART\"}"}, {"gpscoordinates": "{\"latitude\": 50.812147, \"longitude\": 4.352676}", "id": "5219F", "name": "{\"fr\": \"CHURCHILL\", \"nl\": \"CHURCHILL\"}"}, {"gpscoordinates": "{\"latitude\": 50.812039, \"longitude\": 4.353087}", "id": "5221F", "name": "{\"fr\": \"CHURCHILL\", \"nl\": \"CHURCHILL\"}"}, {"gpscoordinates": "{\"latitude\": 50.836827, \"longitude\": 4.434906}", "id": "5224F", "name": "{\"fr\": \"PARC DES SOURCES\", \"nl\": \"BRONNENPARK\"}"}, {"gpscoordinates": "{\"latitude\": 50.811401, \"longitude\": 4.358465}", "id": "5253", "name": "{\"fr\": \"CAVELL\", \"nl\": \"CAVELL\"}"}, {"gpscoordinates": "{\"latitude\": 50.811977, \"longitude\": 4.367858}", "id": "5255", "name": "{\"fr\": \"LONGCHAMP\", \"nl\": \"LONGCHAMP\"}"}, {"gpscoordinates": "{\"latitude\": 50.822385, \"longitude\": 4.389373}", "id": "5261", "name": "{\"fr\": \"ETTERBEEK GARE\", \"nl\": \"ETTERBEEK STATION\"}"}, {"gpscoordinates": "{\"latitude\": 50.819997, \"longitude\": 4.383243}", "id": "5264F", "name": "{\"fr\": \"ROFFIAEN\", \"nl\": \"ROFFIAEN\"}"}, {"gpscoordinates": "{\"latitude\": 50.824533, \"longitude\": 4.393504}", "id": "5266F", "name": "{\"fr\": \"VUB\", \"nl\": \"VUB\"}"}, {"gpscoordinates": "{\"latitude\": 50.819305, \"longitude\": 4.429092}", "id": "5270F", "name": "{\"fr\": \"ROND-PT SOUVERAIN\", \"nl\": \"VORSTRONDPUNT\"}"}, {"gpscoordinates": "{\"latitude\": 50.824976, \"longitude\": 4.431867}", "id": "5271F", "name": "{\"fr\": \"EMPAIN\", \"nl\": \"EMPAIN\"}"}, {"gpscoordinates": "{\"latitude\": 50.832276, \"longitude\": 4.432445}", "id": "5273", "name": "{\"fr\": \"MUSEE DU TRAM\", \"nl\": \"TRAMMUSEUM\"}"}, {"gpscoordinates": "{\"latitude\": 50.860596, \"longitude\": 4.40152}", "id": "5274F", "name": "{\"fr\": \"PENTATHLON\", \"nl\": \"PENTATHLON\"}"}, {"gpscoordinates": "{\"latitude\": 50.83142, \"longitude\": 4.432911}", "id": "5281G", "name": "{\"fr\": \"MUSEE DU TRAM\", \"nl\": \"TRAMMUSEUM\"}"}, {"gpscoordinates": "{\"latitude\": 50.825454, \"longitude\": 4.298142}", "id": "5297B", "name": "{\"fr\": \"BIZET\", \"nl\": \"BIZET\"}"}, {"gpscoordinates": "{\"latitude\": 50.865454, \"longitude\": 4.385088}", "id": "5305G", "name": "{\"fr\": \"LOUIS BERTRAND\", \"nl\": \"LOUIS BERTRAND\"}"}, {"gpscoordinates": "{\"latitude\": 50.856759, \"longitude\": 4.397583}", "id": "5308", "name": "{\"fr\": \"LEOPOLD III\", \"nl\": \"LEOPOLD III\"}"}, {"gpscoordinates": "{\"latitude\": 50.826411, \"longitude\": 4.397181}", "id": "5311", "name": "{\"fr\": \"ARSENAL\", \"nl\": \"ARSENAAL\"}"}, {"gpscoordinates": "{\"latitude\": 50.868933, \"longitude\": 4.384692}", "id": "5350G", "name": "{\"fr\": \"HOP. PAUL BRIEN\", \"nl\": \"PAUL BRIEN-ZKH.\"}"}, {"gpscoordinates": "{\"latitude\": 50.861129, \"longitude\": 4.391336}", "id": "5355F", "name": "{\"fr\": \"CHAZAL\", \"nl\": \"CHAZAL\"}"}, {"gpscoordinates": "{\"latitude\": 50.87815, \"longitude\": 4.409944}", "id": "5362", "name": "{\"fr\": \"BORDET STATION\", \"nl\": \"BORDET STATION\"}"}, {"gpscoordinates": "{\"latitude\": 50.886036, \"longitude\": 4.333523}", "id": "5403", "name": "{\"fr\": \"HOPITAL BRUGMANN\", \"nl\": \"BRUGMANN-ZIEKENH.\"}"}, {"gpscoordinates": "{\"latitude\": 50.826837, \"longitude\": 4.364068}", "id": "5404", "name": "{\"fr\": \"BAILLI\", \"nl\": \"BALJUW\"}"}, {"gpscoordinates": "{\"latitude\": 50.832985, \"longitude\": 4.357751}", "id": "5405", "name": "{\"fr\": \"STEPHANIE\", \"nl\": \"STEFANIA\"}"}, {"gpscoordinates": "{\"latitude\": 50.818926, \"longitude\": 4.370739}", "id": "5409", "name": "{\"fr\": \"ABBAYE\", \"nl\": \"ABDIJ\"}"}, {"gpscoordinates": "{\"latitude\": 50.810501, \"longitude\": 4.385849}", "id": "5413F", "name": "{\"fr\": \"SOLBOSCH\", \"nl\": \"SOLBOS\"}"}]}