{"total_count": 2550, "results": [{"gpscoordinates": "{\"latitude\": 50.875035, \"longitude\": 4.313561}", "id": "1710", "name": "{\"fr\": \"CPAS GANSHOREN\", \"nl\": \"OCMW GANSHOREN\"}"}, {"gpscoordinates": "{\"latitude\": 50.885563, \"longitude\": 4.322378}", "id": "1711", "name": "{\"fr\": \"BONAVENTURE\", \"nl\": \"BONAVENTURE\"}"}, {"gpscoordinates": "{\"latitude\": 50.828191, \"longitude\": 4.393776}", "id": "1714", "name": "{\"fr\": \"BUEDTS\", \"nl\": \"BUEDTS\"}"}, {"gpscoordinates": "{\"latitude\": 50.821014, \"longitude\": 4.408105}", "id": "1718", "name": "{\"fr\": \"EGLISE ST-JULIEN\", \"nl\": \"SINT-JULIAANSKERK\"}"}, {"gpscoordinates": "{\"latitude\": 50.88989, \"longitude\": 4.309199}", "id": "1721", "name": "{\"fr\": \"UZ-PEDIATRIE\", \"nl\": \"UZ-PEDIATRIE\"}"}, {"gpscoordinates": "{\"latitude\": 50.886396, \"longitude\": 4.311083}", "id": "1722", "name": "{\"fr\": \"UZ BRUSSEL\", \"nl\": \"UZ BRUSSEL\"}"}, {"gpscoordinates": "{\"latitude\": 50.809898, \"longitude\": 4.436174}", "id": "1724", "name": "{\"fr\": \"SACRE-COEUR\", \"nl\": \"HEILIG HART\"}"}, {"gpscoordinates": "{\"latitude\": 50.835745, \"longitude\": 4.37717}", "id": "1728", "name": "{\"fr\": \"MUSEUM\", \"nl\": \"MUSEUM\"}"}, {"gpscoordinates": "{\"latitude\": 50.79192, \"longitude\": 4.351675}", "id": "1738", "name": "{\"fr\": \"DROSSART\", \"nl\": \"DROSSAARD\"}"}, {"gpscoordinates": "{\"latitude\": 50.889696, \"longitude\": 4.309404}", "id": "1744", "name": "{\"fr\": \"UZ-PEDIATRIE\", \"nl\": \"UZ-PEDIATRIE\"}"}, {"gpscoordinates": "{\"latitude\": 50.816872, \"longitude\": 4.424406}", "id": "1751", "name": "{\"fr\": \"AUDERGHEM-SHOP.\", \"nl\": \"OUDERGEM-SHOP.\"}"}, {"gpscoordinates": "{\"latitude\": 50.817791, \"longitude\": 4.41971}", "id": "1756B", "name": "{\"fr\": \"VALDUC\", \"nl\": \"HERTOGENDAL\"}"}, {"gpscoordinates": "{\"latitude\": 50.819006, \"longitude\": 4.415298}", "id": "1757", "name": "{\"fr\": \"VANDROMME\", \"nl\": \"VANDROMME\"}"}, {"gpscoordinates": "{\"latitude\": 50.821065, \"longitude\": 4.408234}", "id": "1758B", "name": "{\"fr\": \"EGLISE ST-JULIEN\", \"nl\": \"SINT-JULIAANSKERK\"}"}, {"gpscoordinates": "{\"latitude\": 50.828506, \"longitude\": 4.39335}", "id": "1762", "name": "{\"fr\": \"BUEDTS\", \"nl\": \"BUEDTS\"}"}, {"gpscoordinates": "{\"latitude\": 50.835839, \"longitude\": 4.374913}", "id": "1769B", "name": "{\"fr\": \"MUSEUM\", \"nl\": \"MUSEUM\"}"}, {"gpscoordinates": "{\"latitude\": 50.873068, \"longitude\": 4.328469}", "id": "1775", "name": "{\"fr\": \"LEOPOLD I\", \"nl\": \"LEOPOLD I\"}"}, {"gpscoordinates": "{\"latitude\": 50.835844, \"longitude\": 4.379697}", "id": "1777B", "name": "{\"fr\": \"ETANGS\", \"nl\": \"VIJVERS\"}"}, {"gpscoordinates": "{\"latitude\": 50.841848, \"longitude\": 4.364842}", "id": "1780", "name": "{\"fr\": \"TRONE\", \"nl\": \"TROON\"}"}, {"gpscoordinates": "{\"latitude\": 50.846406, \"longitude\": 4.357819}", "id": "1794", "name": "{\"fr\": \"GARE CENTRALE\", \"nl\": \"CENTRAAL STATION\"}"}, {"gpscoordinates": "{\"latitude\": 50.824949, \"longitude\": 4.414481}", "id": "1812", "name": "{\"fr\": \"MOUETTES\", \"nl\": \"MEEUWEN\"}"}, {"gpscoordinates": "{\"latitude\": 50.831505, \"longitude\": 4.443601}", "id": "1819", "name": "{\"fr\": \"MERTENS\", \"nl\": \"MERTENS\"}"}, {"gpscoordinates": "{\"latitude\": 50.828404, \"longitude\": 4.456072}", "id": "1822", "name": "{\"fr\": \"MANOIR D'ANJOU\", \"nl\": \"MANOIR D'ANJOU\"}"}, {"gpscoordinates": "{\"latitude\": 50.825859, \"longitude\": 4.457146}", "id": "1823", "name": "{\"fr\": \"VANDER MEERSCHEN\", \"nl\": \"VANDER MEERSCHEN\"}"}, {"gpscoordinates": "{\"latitude\": 50.839664, \"longitude\": 4.364656}", "id": "1824", "name": "{\"fr\": \"PORTE DE NAMUR\", \"nl\": \"NAAMSEPOORT\"}"}, {"gpscoordinates": "{\"latitude\": 50.828371, \"longitude\": 4.463041}", "id": "1825", "name": "{\"fr\": \"SAINTE-ALIX\", \"nl\": \"SINT-ALEIDIS\"}"}, {"gpscoordinates": "{\"latitude\": 50.841346, \"longitude\": 4.459774}", "id": "1828", "name": "{\"fr\": \"GERSIS\", \"nl\": \"GERSIS\"}"}, {"gpscoordinates": "{\"latitude\": 50.832842, \"longitude\": 4.446584}", "id": "1841", "name": "{\"fr\": \"MAREYDE\", \"nl\": \"MAREYDE\"}"}, {"gpscoordinates": "{\"latitude\": 50.833162, \"longitude\": 4.463477}", "id": "1850", "name": "{\"fr\": \"PADDOCK\", \"nl\": \"PADDOCK\"}"}, {"gpscoordinates": "{\"latitude\": 50.831577, \"longitude\": 4.443672}", "id": "1856", "name": "{\"fr\": \"MERTENS\", \"nl\": \"MERTENS\"}"}, {"gpscoordinates": "{\"latitude\": 50.784284, \"longitude\": 4.293069}", "id": "9685", "name": "{\"fr\": \"SPORTCENTRUM\", \"nl\": \"SPORTCENTRUM\"}"}, {"gpscoordinates": "{\"latitude\": 50.794407, \"longitude\": 4.302507}", "id": "9686B", "name": "{\"fr\": \"DORENT\", \"nl\": \"DORENT\"}"}, {"gpscoordinates": "{\"latitude\": 50.912819, \"longitude\": 4.435513}", "id": "9701", "name": "{\"fr\": \"KERK MACHELEN\", \"nl\": \"KERK MACHELEN\"}"}, {"gpscoordinates": "{\"latitude\": 50.908129, \"longitude\": 4.431667}", "id": "9702", "name": "{\"fr\": \"RAEDEMAEKERS\", \"nl\": \"RAEDEMAEKERS\"}"}, {"gpscoordinates": "{\"latitude\": 50.902863, \"longitude\": 4.427623}", "id": "9725", "name": "{\"fr\": \"KASTEEL BEAULIEU\", \"nl\": \"KASTEEL BEAULIEU\"}"}, {"gpscoordinates": "{\"latitude\": 50.914276, \"longitude\": 4.435643}", "id": "9729", "name": "{\"fr\": \"PELLENBERG\", \"nl\": \"PELLENBERG\"}"}, {"gpscoordinates": "{\"latitude\": 50.926373, \"longitude\": 4.423329}", "id": "9783", "name": "{\"fr\": \"KERK VILVOORDE\", \"nl\": \"KERK VILVOORDE\"}"}, {"gpscoordinates": "{\"latitude\": 50.926445, \"longitude\": 4.422916}", "id": "9787", "name": "{\"fr\": \"KERK VILVOORDE\", \"nl\": \"KERK VILVOORDE\"}"}, {"gpscoordinates": "{\"latitude\": 50.856356, \"longitude\": 4.450188}", "id": "9851", "name": "{\"fr\": \"LENNEKE MARE\", \"nl\": \"LENNEKE MARE\"}"}, {"gpscoordinates": "{\"latitude\": 50.893058, \"longitude\": 4.422934}", "id": "9946", "name": "{\"fr\": \"HAREN\", \"nl\": \"HAREN\"}"}, {"gpscoordinates": "{\"latitude\": 50.826431, \"longitude\": 4.372295}", "id": "9952G", "name": "{\"fr\": \"FLAGEY\", \"nl\": \"FLAGEY\"}"}, {"gpscoordinates": "{\"latitude\": 50.811688, \"longitude\": 4.354123}", "id": "9959F", "name": "{\"fr\": \"CHURCHILL\", \"nl\": \"CHURCHILL\"}"}, {"gpscoordinates": "{\"latitude\": 50.811841, \"longitude\": 4.354222}", "id": "9963F", "name": "{\"fr\": \"CHURCHILL\", \"nl\": \"CHURCHILL\"}"}, {"gpscoordinates": "{\"latitude\": 50.84476, \"longitude\": 4.417568}", "id": "9983", "name": "{\"fr\": \"MEUDON\", \"nl\": \"MEUDON\"}"}, {"gpscoordinates": "{\"latitude\": 50.837483, \"longitude\": 4.406117}", "id": "9996", "name": "{\"fr\": \"MONTGOMERY\", \"nl\": \"MONTGOMERY\"}"}, {"gpscoordinates": "{\"latitude\": 50.848318, \"longitude\": 4.321951}", "id": "27", "name": "{\"fr\": \"DEPOT MOLENBEEK\", \"nl\": \"REMISE MOLENBEEK\"}"}, {"gpscoordinates": "{\"latitude\": 50.816286, \"longitude\": 4.405107}", "id": "9", "name": "{\"fr\": \"DEPOT DELTA\", \"nl\": \"REMISE DELTA\"}"}, {"gpscoordinates": "{\"latitude\": 50.819887, \"longitude\": 4.378374}", "id": "4", "name": "{\"fr\": \"DEPOT IXELLES\", \"nl\": \"REMISE ELSENE\"}"}, {"gpscoordinates": "{\"latitude\": 50.831547, \"longitude\": 4.434076}", "id": "7", "name": "{\"fr\": \"DEPOT WOLUWE\", \"nl\": \"REMISE WOLUWE\"}"}, {"gpscoordinates": "{\"latitude\": 50.883722, \"longitude\": 4.412747}", "id": "29", "name": "{\"fr\": \"DEPOT HAREN\", \"nl\": \"REMISE HAREN\"}"}]}