{"total_count": 2550, "results": [{"gpscoordinates": "{\"latitude\": 50.860617, \"longitude\": 4.420453}", "id": "1534", "name": "{\"fr\": \"CICERON\", \"nl\": \"CICERO\"}"}, {"gpscoordinates": "{\"latitude\": 50.859742, \"longitude\": 4.416887}", "id": "1538B", "name": "{\"fr\": \"DE LOMBAERDE\", \"nl\": \"DE LOMBAERDE\"}"}, {"gpscoordinates": "{\"latitude\": 50.850757, \"longitude\": 4.434245}", "id": "1540", "name": "{\"fr\": \"CHARMILLE\", \"nl\": \"HAAGBEUKEN\"}"}, {"gpscoordinates": "{\"latitude\": 50.816555, \"longitude\": 4.292593}", "id": "1541B", "name": "{\"fr\": \"CAMPUS CERIA\", \"nl\": \"CAMPUS COOVI\"}"}, {"gpscoordinates": "{\"latitude\": 50.834697, \"longitude\": 4.426884}", "id": "1546", "name": "{\"fr\": \"CHIEN VERT\", \"nl\": \"GROENE HOND\"}"}, {"gpscoordinates": "{\"latitude\": 50.854908, \"longitude\": 4.438909}", "id": "1553", "name": "{\"fr\": \"MARCEL THIRY\", \"nl\": \"MARCEL THIRY\"}"}, {"gpscoordinates": "{\"latitude\": 50.85249, \"longitude\": 4.437386}", "id": "1554", "name": "{\"fr\": \"PEUPLIERS\", \"nl\": \"POPULIEREN\"}"}, {"gpscoordinates": "{\"latitude\": 50.841803, \"longitude\": 4.286873}", "id": "1555", "name": "{\"fr\": \"MOORTEBEEK\", \"nl\": \"MOORTEBEEK\"}"}, {"gpscoordinates": "{\"latitude\": 50.848353, \"longitude\": 4.424614}", "id": "1557", "name": "{\"fr\": \"VERHEYLEWEGHEN\", \"nl\": \"VERHEYLEWEGHEN\"}"}, {"gpscoordinates": "{\"latitude\": 50.848573, \"longitude\": 4.414547}", "id": "1560", "name": "{\"fr\": \"MAI\", \"nl\": \"MEI\"}"}, {"gpscoordinates": "{\"latitude\": 50.85153, \"longitude\": 4.384174}", "id": "1567", "name": "{\"fr\": \"VINCOTTE\", \"nl\": \"VINCOTTE\"}"}, {"gpscoordinates": "{\"latitude\": 50.84913, \"longitude\": 4.377145}", "id": "1569B", "name": "{\"fr\": \"GUTENBERG\", \"nl\": \"GUTENBERG\"}"}, {"gpscoordinates": "{\"latitude\": 50.846876, \"longitude\": 4.43052}", "id": "1578", "name": "{\"fr\": \"HYMANS\", \"nl\": \"HYMANS\"}"}, {"gpscoordinates": "{\"latitude\": 50.850263, \"longitude\": 4.374759}", "id": "1582", "name": "{\"fr\": \"SAINT-JOSSE\", \"nl\": \"SINT-JOOST\"}"}, {"gpscoordinates": "{\"latitude\": 50.817082, \"longitude\": 4.400814}", "id": "1597B", "name": "{\"fr\": \"CHIREC\", \"nl\": \"CHIREC\"}"}, {"gpscoordinates": "{\"latitude\": 50.817056, \"longitude\": 4.399788}", "id": "1598B", "name": "{\"fr\": \"CHIREC\", \"nl\": \"CHIREC\"}"}, {"gpscoordinates": "{\"latitude\": 50.848082, \"longitude\": 4.467057}", "id": "1601", "name": "{\"fr\": \"REINE ASTRID\", \"nl\": \"KONINGIN ASTRID\"}"}, {"gpscoordinates": "{\"latitude\": 50.85041, \"longitude\": 4.4869}", "id": "1615", "name": "{\"fr\": \"GERGEL\", \"nl\": \"GERGEL\"}"}, {"gpscoordinates": "{\"latitude\": 50.840141, \"longitude\": 4.489543}", "id": "1620B", "name": "{\"fr\": \"HERNALSTEEN\", \"nl\": \"HERNALSTEEN\"}"}, {"gpscoordinates": "{\"latitude\": 50.774171, \"longitude\": 4.338487}", "id": "1628", "name": "{\"fr\": \"GARE DE LINKEBEEK\", \"nl\": \"STATION LINKEBEEK\"}"}, {"gpscoordinates": "{\"latitude\": 50.78918, \"longitude\": 4.359647}", "id": "1630", "name": "{\"fr\": \"DIRECTOIRE\", \"nl\": \"DIRECTOIRE\"}"}, {"gpscoordinates": "{\"latitude\": 50.806433, \"longitude\": 4.34079}", "id": "1632", "name": "{\"fr\": \"COLLEGE ST-PIERRE\", \"nl\": \"ST-PIETERSCOLLEGE\"}"}, {"gpscoordinates": "{\"latitude\": 50.81049, \"longitude\": 4.340145}", "id": "1633", "name": "{\"fr\": \"PEYO\", \"nl\": \"PEYO\"}"}, {"gpscoordinates": "{\"latitude\": 50.84762, \"longitude\": 4.448299}", "id": "1640B", "name": "{\"fr\": \"VANDERVELDE\", \"nl\": \"VANDERVELDE\"}"}, {"gpscoordinates": "{\"latitude\": 50.840053, \"longitude\": 4.488152}", "id": "1656B", "name": "{\"fr\": \"HERNALSTEEN\", \"nl\": \"HERNALSTEEN\"}"}, {"gpscoordinates": "{\"latitude\": 50.8432, \"longitude\": 4.487606}", "id": "1657", "name": "{\"fr\": \"PLAINE DES SPORTS\", \"nl\": \"SPORTPLEIN\"}"}, {"gpscoordinates": "{\"latitude\": 50.838508, \"longitude\": 4.336507}", "id": "1664", "name": "{\"fr\": \"GARE DU MIDI\", \"nl\": \"ZUIDSTATION\"}"}, {"gpscoordinates": "{\"latitude\": 50.84038, \"longitude\": 4.484703}", "id": "1668", "name": "{\"fr\": \"VIOLETTES\", \"nl\": \"VIOOLTJES\"}"}, {"gpscoordinates": "{\"latitude\": 50.873981, \"longitude\": 4.322561}", "id": "1675F", "name": "{\"fr\": \"BRUXELLOIS\", \"nl\": \"BRUSSELAARS\"}"}, {"gpscoordinates": "{\"latitude\": 50.885472, \"longitude\": 4.316281}", "id": "1681F", "name": "{\"fr\": \"ANCIENNE BARRIERE\", \"nl\": \"OUDE AFSPANNING\"}"}, {"gpscoordinates": "{\"latitude\": 50.889498, \"longitude\": 4.309422}", "id": "1684F", "name": "{\"fr\": \"UZ-PEDIATRIE\", \"nl\": \"UZ-PEDIATRIE\"}"}, {"gpscoordinates": "{\"latitude\": 50.892923, \"longitude\": 4.31296}", "id": "1686F", "name": "{\"fr\": \"ARBRE BALLON\", \"nl\": \"DIKKE BEUK\"}"}, {"gpscoordinates": "{\"latitude\": 50.89407, \"longitude\": 4.325231}", "id": "1690F", "name": "{\"fr\": \"PALFIJN\", \"nl\": \"PALFIJN\"}"}, {"gpscoordinates": "{\"latitude\": 50.859744, \"longitude\": 4.376436}", "id": "1697", "name": "{\"fr\": \"COTEAUX\", \"nl\": \"WIJNHEUVELEN\"}"}, {"gpscoordinates": "{\"latitude\": 50.859573, \"longitude\": 4.376816}", "id": "1698F", "name": "{\"fr\": \"COTEAUX\", \"nl\": \"WIJNHEUVELEN\"}"}, {"gpscoordinates": "{\"latitude\": 50.835925, \"longitude\": 4.372486}", "id": "1706", "name": "{\"fr\": \"IDALIE\", \"nl\": \"IDALIE\"}"}, {"gpscoordinates": "{\"latitude\": 50.833227, \"longitude\": 4.385801}", "id": "1712", "name": "{\"fr\": \"FETIS\", \"nl\": \"FETIS\"}"}, {"gpscoordinates": "{\"latitude\": 50.83088, \"longitude\": 4.38932}", "id": "1713", "name": "{\"fr\": \"LA CHASSE\", \"nl\": \"DE JACHT\"}"}, {"gpscoordinates": "{\"latitude\": 50.817395, \"longitude\": 4.421282}", "id": "1720B", "name": "{\"fr\": \"VALDUC\", \"nl\": \"HERTOGENDAL\"}"}, {"gpscoordinates": "{\"latitude\": 50.808245, \"longitude\": 4.435562}", "id": "1725", "name": "{\"fr\": \"TRANSVAAL\", \"nl\": \"TRANSVAAL\"}"}, {"gpscoordinates": "{\"latitude\": 50.816646, \"longitude\": 4.425399}", "id": "1731", "name": "{\"fr\": \"AUDERGHEM-SHOP.\", \"nl\": \"OUDERGEM-SHOP.\"}"}, {"gpscoordinates": "{\"latitude\": 50.885712, \"longitude\": 4.308952}", "id": "1732", "name": "{\"fr\": \"UZ-VUB\", \"nl\": \"UZ-VUB\"}"}, {"gpscoordinates": "{\"latitude\": 50.835493, \"longitude\": 4.380861}", "id": "1733", "name": "{\"fr\": \"ETANGS\", \"nl\": \"VIJVERS\"}"}, {"gpscoordinates": "{\"latitude\": 50.840654, \"longitude\": 4.364805}", "id": "1734", "name": "{\"fr\": \"TRONE\", \"nl\": \"TROON\"}"}, {"gpscoordinates": "{\"latitude\": 50.792217, \"longitude\": 4.359036}", "id": "1736", "name": "{\"fr\": \"DE WANSIJN\", \"nl\": \"DE WANSIJN\"}"}, {"gpscoordinates": "{\"latitude\": 50.792505, \"longitude\": 4.359958}", "id": "1739", "name": "{\"fr\": \"DE WANSIJN\", \"nl\": \"DE WANSIJN\"}"}, {"gpscoordinates": "{\"latitude\": 50.886729, \"longitude\": 4.311452}", "id": "1743", "name": "{\"fr\": \"UZ BRUSSEL\", \"nl\": \"UZ BRUSSEL\"}"}, {"gpscoordinates": "{\"latitude\": 50.81033, \"longitude\": 4.435664}", "id": "1752", "name": "{\"fr\": \"SACRE-COEUR\", \"nl\": \"HEILIG HART\"}"}, {"gpscoordinates": "{\"latitude\": 50.811842, \"longitude\": 4.432488}", "id": "1753", "name": "{\"fr\": \"SCHOONEJANS\", \"nl\": \"SCHOONEJANS\"}"}, {"gpscoordinates": "{\"latitude\": 50.823982, \"longitude\": 4.400869}", "id": "1760", "name": "{\"fr\": \"STRATEGIE\", \"nl\": \"KRIJGSKUNDE\"}"}, {"gpscoordinates": "{\"latitude\": 50.833029, \"longitude\": 4.386241}", "id": "1764", "name": "{\"fr\": \"FETIS\", \"nl\": \"FETIS\"}"}, {"gpscoordinates": "{\"latitude\": 50.872802, \"longitude\": 4.328702}", "id": "1767", "name": "{\"fr\": \"LEOPOLD I\", \"nl\": \"LEOPOLD I\"}"}, {"gpscoordinates": "{\"latitude\": 50.845003, \"longitude\": 4.351728}", "id": "1781", "name": "{\"fr\": \"GRAND-PLACE\", \"nl\": \"GROTE MARKT\"}"}, {"gpscoordinates": "{\"latitude\": 50.858268, \"longitude\": 4.336469}", "id": "1792", "name": "{\"fr\": \"MERCHTEM\", \"nl\": \"MERCHTEM\"}"}, {"gpscoordinates": "{\"latitude\": 50.857124, \"longitude\": 4.33165}", "id": "1793", "name": "{\"fr\": \"ETANGS NOIRS\", \"nl\": \"ZWARTE VIJVERS\"}"}, {"gpscoordinates": "{\"latitude\": 50.838755, \"longitude\": 4.385732}", "id": "1802", "name": "{\"fr\": \"NERVIENS\", \"nl\": \"NERVIERS\"}"}, {"gpscoordinates": "{\"latitude\": 50.831031, \"longitude\": 4.390627}", "id": "1805F", "name": "{\"fr\": \"LA CHASSE\", \"nl\": \"DE JACHT\"}"}, {"gpscoordinates": "{\"latitude\": 50.832776, \"longitude\": 4.395098}", "id": "1806", "name": "{\"fr\": \"ONZE NOVEMBRE\", \"nl\": \"ELF NOVEMBER\"}"}, {"gpscoordinates": "{\"latitude\": 50.831532, \"longitude\": 4.404636}", "id": "1809", "name": "{\"fr\": \"BOILEAU\", \"nl\": \"BOILEAU\"}"}, {"gpscoordinates": "{\"latitude\": 50.827185, \"longitude\": 4.418216}", "id": "1813", "name": "{\"fr\": \"CHANT D'OISEAU\", \"nl\": \"VOGELZANG\"}"}, {"gpscoordinates": "{\"latitude\": 50.834526, \"longitude\": 4.427011}", "id": "1816", "name": "{\"fr\": \"CHIEN VERT\", \"nl\": \"GROENE HOND\"}"}, {"gpscoordinates": "{\"latitude\": 50.850478, \"longitude\": 4.3513}", "id": "1820", "name": "{\"fr\": \"DE BROUCKERE\", \"nl\": \"DE BROUCKERE\"}"}, {"gpscoordinates": "{\"latitude\": 50.831355, \"longitude\": 4.452487}", "id": "1821", "name": "{\"fr\": \"RUE AU BOIS\", \"nl\": \"BOSSTRAAT\"}"}, {"gpscoordinates": "{\"latitude\": 50.832614, \"longitude\": 4.463859}", "id": "1826", "name": "{\"fr\": \"PADDOCK\", \"nl\": \"PADDOCK\"}"}, {"gpscoordinates": "{\"latitude\": 50.841533, \"longitude\": 4.449168}", "id": "1832", "name": "{\"fr\": \"DON BOSCO\", \"nl\": \"DON BOSCO\"}"}, {"gpscoordinates": "{\"latitude\": 50.841321, \"longitude\": 4.443688}", "id": "1833B", "name": "{\"fr\": \"STADE FALLON\", \"nl\": \"FALLON STADION\"}"}, {"gpscoordinates": "{\"latitude\": 50.832914, \"longitude\": 4.446811}", "id": "1834", "name": "{\"fr\": \"MAREYDE\", \"nl\": \"MAREYDE\"}"}, {"gpscoordinates": "{\"latitude\": 50.908554, \"longitude\": 4.39545}", "id": "1839", "name": "{\"fr\": \"MERCATOR\", \"nl\": \"MERCATOR\"}"}, {"gpscoordinates": "{\"latitude\": 50.828542, \"longitude\": 4.462659}", "id": "1851", "name": "{\"fr\": \"SAINTE-ALIX\", \"nl\": \"SINT-ALEIDIS\"}"}, {"gpscoordinates": "{\"latitude\": 50.830997, \"longitude\": 4.418305}", "id": "1861", "name": "{\"fr\": \"OCEAN ATLANTIQUE\", \"nl\": \"ATLANT. OCEAAN\"}"}, {"gpscoordinates": "{\"latitude\": 50.832883, \"longitude\": 4.398917}", "id": "1868", "name": "{\"fr\": \"ROI VAINQUEUR\", \"nl\": \"KON. OVERWINNAAR\"}"}, {"gpscoordinates": "{\"latitude\": 50.839106, \"longitude\": 4.385817}", "id": "1873", "name": "{\"fr\": \"NERVIENS\", \"nl\": \"NERVIERS\"}"}, {"gpscoordinates": "{\"latitude\": 50.834996, \"longitude\": 4.420567}", "id": "1874", "name": "{\"fr\": \"JULES CESAR\", \"nl\": \"JULIUS CAESAR\"}"}, {"gpscoordinates": "{\"latitude\": 50.836284, \"longitude\": 4.415514}", "id": "1875", "name": "{\"fr\": \"LEOPOLD II\", \"nl\": \"LEOPOLD II\"}"}, {"gpscoordinates": "{\"latitude\": 50.834405, \"longitude\": 4.37815}", "id": "1880", "name": "{\"fr\": \"VARIA\", \"nl\": \"VARIA\"}"}, {"gpscoordinates": "{\"latitude\": 50.85421, \"longitude\": 4.36151}", "id": "1901", "name": "{\"fr\": \"SAINT-LOUIS\", \"nl\": \"SAINT-LOUIS\"}"}, {"gpscoordinates": "{\"latitude\": 50.855575, \"longitude\": 4.358297}", "id": "1904", "name": "{\"fr\": \"ROGIER\", \"nl\": \"ROGIER\"}"}, {"gpscoordinates": "{\"latitude\": 50.830855, \"longitude\": 4.373536}", "id": "1910", "name": "{\"fr\": \"MALIBRAN\", \"nl\": \"MALIBRAN\"}"}, {"gpscoordinates": "{\"latitude\": 50.812034, \"longitude\": 4.367336}", "id": "1916", "name": "{\"fr\": \"LONGCHAMP\", \"nl\": \"LONGCHAMP\"}"}, {"gpscoordinates": "{\"latitude\": 50.809738, \"longitude\": 4.365162}", "id": "1918", "name": "{\"fr\": \"MONTJOIE\", \"nl\": \"MONTJOIE\"}"}, {"gpscoordinates": "{\"latitude\": 50.803796, \"longitude\": 4.361786}", "id": "1920", "name": "{\"fr\": \"FLORIDE\", \"nl\": \"FLORIDA\"}"}, {"gpscoordinates": "{\"latitude\": 50.784248, \"longitude\": 4.332705}", "id": "1931", "name": "{\"fr\": \"BIGARREAUX\", \"nl\": \"VLEESKERSEN\"}"}, {"gpscoordinates": "{\"latitude\": 50.803921, \"longitude\": 4.349047}", "id": "1942", "name": "{\"fr\": \"STATUAIRES\", \"nl\": \"BEELDHOUWERS\"}"}, {"gpscoordinates": "{\"latitude\": 50.789013, \"longitude\": 4.334445}", "id": "1949", "name": "{\"fr\": \"ENGELAND\", \"nl\": \"ENGELAND\"}"}, {"gpscoordinates": "{\"latitude\": 50.773632, \"longitude\": 4.335874}", "id": "1955", "name": "{\"fr\": \"BRAVES\", \"nl\": \"DAPPEREN\"}"}, {"gpscoordinates": "{\"latitude\": 50.78091, \"longitude\": 4.332439}", "id": "1958B", "name": "{\"fr\": \"GRIOTTES\", \"nl\": \"NOORDKRIEKEN\"}"}, {"gpscoordinates": "{\"latitude\": 50.776441, \"longitude\": 4.334839}", "id": "1963", "name": "{\"fr\": \"VIEUX CHEMIN\", \"nl\": \"OUDE WEG\"}"}, {"gpscoordinates": "{\"latitude\": 50.797648, \"longitude\": 4.336207}", "id": "1964F", "name": "{\"fr\": \"RITTWEGER\", \"nl\": \"RITTWEGER\"}"}, {"gpscoordinates": "{\"latitude\": 50.810053, \"longitude\": 4.364538}", "id": "1972", "name": "{\"fr\": \"MONTJOIE\", \"nl\": \"MONTJOIE\"}"}, {"gpscoordinates": "{\"latitude\": 50.830576, \"longitude\": 4.373493}", "id": "1980", "name": "{\"fr\": \"MALIBRAN\", \"nl\": \"MALIBRAN\"}"}, {"gpscoordinates": "{\"latitude\": 50.836428, \"longitude\": 4.370853}", "id": "1983", "name": "{\"fr\": \"IDALIE\", \"nl\": \"IDALIE\"}"}, {"gpscoordinates": "{\"latitude\": 50.80056, \"longitude\": 4.3373}", "id": "1985B", "name": "{\"fr\": \"GLOBE\", \"nl\": \"GLOBE\"}"}, {"gpscoordinates": "{\"latitude\": 50.895751, \"longitude\": 4.388617}", "id": "1989", "name": "{\"fr\": \"PETER BENOIT\", \"nl\": \"PETER BENOIT\"}"}, {"gpscoordinates": "{\"latitude\": 50.793512, \"longitude\": 4.366737}", "id": "2002", "name": "{\"fr\": \"PLACE SAINT-JOB\", \"nl\": \"SINT-JOBPLEIN\"}"}, {"gpscoordinates": "{\"latitude\": 50.803864, \"longitude\": 4.399607}", "id": "2016", "name": "{\"fr\": \"DRIES\", \"nl\": \"DRIES\"}"}, {"gpscoordinates": "{\"latitude\": 50.823551, \"longitude\": 4.334875}", "id": "2023", "name": "{\"fr\": \"ROCHEFORT\", \"nl\": \"ROCHEFORT\"}"}, {"gpscoordinates": "{\"latitude\": 50.804852, \"longitude\": 4.426364}", "id": "2026", "name": "{\"fr\": \"TENREUKEN\", \"nl\": \"TENREUKEN\"}"}, {"gpscoordinates": "{\"latitude\": 50.851204, \"longitude\": 4.451656}", "id": "2037", "name": "{\"fr\": \"CLINIQUES-UCL\", \"nl\": \"CLINIQUES-UCL\"}"}, {"gpscoordinates": "{\"latitude\": 50.850255, \"longitude\": 4.458513}", "id": "2041", "name": "{\"fr\": \"MOUNIER\", \"nl\": \"MOUNIER\"}"}, {"gpscoordinates": "{\"latitude\": 50.812231, \"longitude\": 4.429126}", "id": "2050", "name": "{\"fr\": \"HERRMANN-DEBROUX\", \"nl\": \"HERRMANN-DEBROUX\"}"}]}