[{"_aggregation_id": "1700493000000#PT5M#lightVehicle#5f7d875ead2d183505eb3337#605df62321081b7f5b75201d", "_creation_timestamp": "2023-11-20 15:14:26.554000", "_end_timestamp": "2023-11-20 15:10:00", "_expiration": "2023-11-25 15:14:26.358000", "_start_timestamp": "2023-11-20 15:05:00", "_update_timestamp": "2023-11-20 15:14:26.554000", "count": 15, "measures": [{"_id": "655b758de2103d710b94017a", "classification": {"light_vehicle_heavy_weight": {"value": "lightVehicle"}}, "location": {"type": "Point", "coordinates": [4.41185, 50.875922]}}, {"_id": "655b75c7c47b17bc35a54a76", "classification": {"light_vehicle_heavy_weight": {"value": "lightVehicle"}}, "location": {"type": "Point", "coordinates": [4.417003, 50.871736]}}], "median_duration": 69357, "median_speed": 31, "period": "PT5M", "resources": {"name": {"fr": "BXLEVE032498_BXLEVE133177", "vi": "BXLEVE032498_BXLEVE133177", "nl": "BXLEVE032498_BXLEVE133177", "de": "BXLEVE032498_BXLEVE133177", "nl-BE": "BXLEVE032498_BXLEVE133177", "en": "BXLEVE032498_BXLEVE133177"}, "id": "BXLEVE032498_BXLEVE133177", "_id": "5f7d875ead2d183505eb3337"}, "speed_classes": {"[30;40[": 8, "[20;30[": 6, "[40;50[": 1}, "vehicle_type": "lightVehicle"}, {"_aggregation_id": "1700493000000#PT5M#lightVehicle#61f037721ca0177d112a445e#110000000000000000000001", "_creation_timestamp": "2023-11-20 15:14:26.554000", "_end_timestamp": "2023-11-20 15:10:00", "_expiration": "2023-11-25 15:14:26.357000", "_start_timestamp": "2023-11-20 15:05:00", "_update_timestamp": "2023-11-20 15:14:26.554000", "count": 37, "measures": [{"_id": "655b7522f023f57b8d2722f6", "classification": {"light_vehicle_heavy_weight": {"value": "lightVehicle"}}, "location": {"type": "Point", "coordinates": [4.348898, 50.858008]}}, {"_id": "655b75a98a81110afb8f0992", "classification": {"light_vehicle_heavy_weight": {"value": "lightVehicle"}}, "location": {"type": "Point", "coordinates": [4.321622, 50.865867]}}], "median_duration": 152554, "median_speed": 51, "period": "PT5M", "resources": {"name": {"fr": "BXLBXL037144B1_BXLKOE126857B1", "vi": "BXLBXL037144B1_BXLKOE126857B1", "nl": "BXLBXL037144B1_BXLKOE126857B1", "de": "BXLBXL037144B1_BXLKOE126857B1", "en": "BXLBXL037144B1_BXLKOE126857B1"}, "id": "BXLBXL037144B1_BXLKOE126857B1", "_id": "61f037721ca0177d112a445e"}, "speed_classes": {"[60;70[": 2, "[50;60[": 24, "[40;50[": 11}, "vehicle_type": "lightVehicle"}, {"_aggregation_id": "1700493000000#PT5M#heavyWeight#5f9136836905da41a3f89503#605df62321081b7f5b75201d", "_creation_timestamp": "2023-11-20 15:14:26.554000", "_end_timestamp": "2023-11-20 15:10:00", "_expiration": "2023-11-25 15:14:26.357000", "_start_timestamp": "2023-11-20 15:05:00", "_update_timestamp": "2023-11-20 15:14:26.554000", "count": 1, "measures": [{"_id": "655b762f3310ec5ed5d92771", "classification": {"light_vehicle_heavy_weight": {"value": "heavyWeight"}}, "location": {"type": "Point", "coordinates": [4.400770209735986, 50.85934077794505]}}, {"_id": "655b768a36c56c9ef973e818", "classification": {"light_vehicle_heavy_weight": {"value": "lightVehicle"}}, "location": {"type": "Point", "coordinates": [4.402418653845467, 50.865947845015896]}}], "median_duration": 91012, "median_speed": 31, "period": "PT5M", "resources": {"name": {"fr": "BXLSCH128264_BXLEVE128267", "vi": "BXLSCH128264_BXLEVE128267", "nl": "BXLSCH128264_BXLEVE128267", "de": "BXLSCH128264_BXLEVE128267", "nl-BE": "BXLSCH128264_BXLEVE128267", "en": "BXLSCH128264_BXLEVE128267"}, "id": "BXLSCH128264_BXLEVE128267", "_id": "5f9136836905da41a3f89503"}, "speed_classes": {"[30;40[": 1}, "vehicle_type": "heavyWeight"}, {"_aggregation_id": "1700493000000#PT5M#lightVehicle#5f9136836905da41a3f89503#110000000000000000000001", "_creation_timestamp": "2023-11-20 15:14:26.554000", "_end_timestamp": "2023-11-20 15:10:00", "_expiration": "2023-11-25 15:14:26.358000", "_start_timestamp": "2023-11-20 15:05:00", "_update_timestamp": "2023-11-20 15:14:26.554000", "count": 28, "measures": [{"_id": "655b7569722a88280de3307d", "classification": {"light_vehicle_heavy_weight": {"value": "lightVehicle"}}, "location": {"type": "Point", "coordinates": [4.400770209735986, 50.85934077794505]}}, {"_id": "655b75b32ed36ede536edbc0", "classification": {"light_vehicle_heavy_weight": {"value": "lightVehicle"}}, "location": {"type": "Point", "coordinates": [4.402418653845467, 50.865947845015896]}}], "median_duration": 73548.5, "median_speed": 39, "period": "PT5M", "resources": {"name": {"fr": "BXLSCH128264_BXLEVE128267", "vi": "BXLSCH128264_BXLEVE128267", "nl": "BXLSCH128264_BXLEVE128267", "de": "BXLSCH128264_BXLEVE128267", "nl-BE": "BXLSCH128264_BXLEVE128267", "en": "BXLSCH128264_BXLEVE128267"}, "id": "BXLSCH128264_BXLEVE128267", "_id": "5f9136836905da41a3f89503"}, "speed_classes": {"[30;40[": 16, "[40;50[": 12}, "vehicle_type": "lightVehicle"}, {"_aggregation_id": "1700493000000#PT5M#lightVehicle#61f037831ca0177d112a445f#110000000000000000000001", "_creation_timestamp": "2023-11-20 15:14:26.554000", "_end_timestamp": "2023-11-20 15:10:00", "_expiration": "2023-11-25 15:14:26.358000", "_start_timestamp": "2023-11-20 15:05:00", "_update_timestamp": "2023-11-20 15:14:26.554000", "count": 67, "measures": [{"_id": "655b74f0d1d2bc3d8b115f2a", "classification": {"light_vehicle_heavy_weight": {"value": "lightVehicle"}}, "location": {"type": "Point", "coordinates": [4.348898, 50.858008]}}, {"_id": "655b759db839bf973d79548d", "classification": {"light_vehicle_heavy_weight": {"value": "lightVehicle"}}, "location": {"type": "Point", "coordinates": [4.317785, 50.867983]}}], "median_duration": 181582, "median_speed": 49, "period": "PT5M", "resources": {"name": {"fr": "BXLBXL037144B1_BXLGAN037166B1", "vi": "BXLBXL037144B1_BXLGAN037166B1", "nl": "BXLBXL037144B1_BXLGAN037166B1", "de": "BXLBXL037144B1_BXLGAN037166B1", "en": "BXLBXL037144B1_BXLGAN037166B1"}, "id": "BXLBXL037144B1_BXLGAN037166B1", "_id": "61f037831ca0177d112a445f"}, "speed_classes": {"[60;70[": 1, "[50;60[": 28, "[0;10[": 1, "[40;50[": 37}, "vehicle_type": "lightVehicle"}, {"_aggregation_id": "1700493000000#PT5M#lightVehicle#6023eda249afa4771c1c0865#605df62321081b7f5b75201d", "_creation_timestamp": "2023-11-20 15:14:26.554000", "_end_timestamp": "2023-11-20 15:10:00", "_expiration": "2023-11-25 15:14:26.358000", "_start_timestamp": "2023-11-20 15:05:00", "_update_timestamp": "2023-11-20 15:14:26.554000", "count": 52, "measures": [{"_id": "655b74c46207b88e735cf5a5", "classification": {"light_vehicle_heavy_weight": {"value": "lightVehicle"}}, "location": {"type": "Point", "coordinates": [4.350419878959656, 50.83386518689119]}}, {"_id": "655b759df31c4e2c331553d2", "classification": {"light_vehicle_heavy_weight": {"value": "lightVehicle"}}, "location": {"type": "Point", "coordinates": [4.342614650726318, 50.83431240229132]}}], "median_duration": 245138, "median_speed": 8, "period": "PT5M", "resources": {"name": {"fr": "BXLBXL036927B1_BXLBXL133452B1", "vi": "BXLBXL036927B1_BXLBXL133452B1", "nl": "BXLBXL036927B1_BXLBXL133452B1", "de": "BXLBXL036927B1_BXLBXL133452B1", "nl-BE": "BXLBXL036927B1_BXLBXL133452B1", "en": "BXLBXL036927B1_BXLBXL133452B1"}, "id": "BXLBXL036927_BXLBXL133452", "_id": "6023eda249afa4771c1c0865"}, "speed_classes": {"[10;20[": 2, "[0;10[": 50}, "vehicle_type": "lightVehicle"}, {"_aggregation_id": "1700493000000#PT5M#lightVehicle#5f9137336905da41a3f8a0de#110000000000000000000001", "_creation_timestamp": "2023-11-20 15:14:26.554000", "_end_timestamp": "2023-11-20 15:10:00", "_expiration": "2023-11-25 15:14:26.358000", "_start_timestamp": "2023-11-20 15:05:00", "_update_timestamp": "2023-11-20 15:14:26.554000", "count": 21, "measures": [{"_id": "655b754184d443ad8831f3f3", "classification": {"light_vehicle_heavy_weight": {"value": "lightVehicle"}}, "location": {"type": "Point", "coordinates": [4.333292, 50.849567]}}, {"_id": "655b75b3a81d005047d1bc02", "classification": {"light_vehicle_heavy_weight": {"value": "lightVehicle"}}, "location": {"type": "Point", "coordinates": [4.325222, 50.844922]}}], "median_duration": 114383, "median_speed": 24, "period": "PT5M", "resources": {"name": {"fr": "BXLMOL135416_BXLAND135659", "vi": "BXLMOL135416_BXLAND135659", "nl": "BXLMOL135416_BXLAND135659", "de": "BXLMOL135416_BXLAND135659", "nl-BE": "BXLMOL135416_BXLAND135659", "en": "BXLMOL135416_BXLAND135659"}, "id": "BXLMOL135416_BXLAND135659", "_id": "5f9137336905da41a3f8a0de"}, "speed_classes": {"[20;30[": 21}, "vehicle_type": "lightVehicle"}, {"_aggregation_id": "1700493000000#PT5M#lightVehicle#6023ef0349afa4771c1c0866#605df62321081b7f5b75201d", "_creation_timestamp": "2023-11-20 15:14:26.554000", "_end_timestamp": "2023-11-20 15:10:00", "_expiration": "2023-11-25 15:14:26.357000", "_start_timestamp": "2023-11-20 15:05:00", "_update_timestamp": "2023-11-20 15:14:26.554000", "count": 53, "measures": [{"_id": "655b756cef5a3bcc192cb5ae", "classification": {"light_vehicle_heavy_weight": {"value": "lightVehicle"}}, "location": {"type": "Point", "coordinates": [4.3424376249313354, 50.83440048966804]}}, {"_id": "655b759cf4cf54fb433cc7c1", "classification": {"light_vehicle_heavy_weight": {"value": "lightVehicle"}}, "location": {"type": "Point", "coordinates": [4.350478887557983, 50.833814366688216]}}], "median_duration": 49541, "median_speed": 44, "period": "PT5M", "resources": {"name": {"fr": "BXLBXL036926B1_BXLBXL133486B1", "vi": "BXLBXL036926B1_BXLBXL133486B1", "nl": "BXLBXL036926B1_BXLBXL133486B1", "de": "BXLBXL036926B1_BXLBXL133486B1", "nl-BE": "BXLBXL036926B1_BXLBXL133486B1", "en": "BXLBXL036926B1_BXLBXL133486B1"}, "id": "BXLBXL036926_BXLBXL133486", "_id": "6023ef0349afa4771c1c0866"}, "speed_classes": {"[60;70[": 1, "[30;40[": 3, "[50;60[": 5, "[40;50[": 44}, "vehicle_type": "lightVehicle"}, {"_aggregation_id": "1700493000000#PT5M#lightVehicle#61f037941ca0177d112a4460#110000000000000000000001", "_creation_timestamp": "2023-11-20 15:14:26.554000", "_end_timestamp": "2023-11-20 15:10:00", "_expiration": "2023-11-25 15:14:26.358000", "_start_timestamp": "2023-11-20 15:05:00", "_update_timestamp": "2023-11-20 15:14:26.554000", "count": 3, "measures": [{"_id": "655b75594f7207220aa92db4", "classification": {"light_vehicle_heavy_weight": {"value": "lightVehicle"}}, "location": {"type": "Point", "coordinates": [4.343083, 50.859667]}}, {"_id": "655b75a195c13085e51284d2", "classification": {"light_vehicle_heavy_weight": {"value": "lightVehicle"}}, "location": {"type": "Point", "coordinates": [4.336115, 50.861739]}}], "median_duration": 127369, "median_speed": 12, "period": "PT5M", "resources": {"name": {"fr": "BXLMOL037147B1_BXLMOL037149B1", "vi": "BXLMOL037147B1_BXLMOL037149B1", "nl": "BXLMOL037147B1_BXLMOL037149B1", "de": "BXLMOL037147B1_BXLMOL037149B1", "en": "BXLMOL037147B1_BXLMOL037149B1"}, "id": "BXLMOL037147B1_BXLMOL037149B1", "_id": "61f037941ca0177d112a4460"}, "speed_classes": {"[20;30[": 1, "[10;20[": 1, "[0;10[": 1}, "vehicle_type": "lightVehicle"}, {"_aggregation_id": "1700493000000#PT5M#lightVehicle#5f9133926905da41a3f8756a#110000000000000000000001", "_creation_timestamp": "2023-11-20 15:14:26.554000", "_end_timestamp": "2023-11-20 15:10:00", "_expiration": "2023-11-25 15:14:26.357000", "_start_timestamp": "2023-11-20 15:05:00", "_update_timestamp": "2023-11-20 15:14:26.554000", "count": 18, "measures": [{"_id": "655b74fb04304a3fa98af0b0", "classification": {"light_vehicle_heavy_weight": {"value": "lightVehicle"}}, "location": {"type": "Point", "coordinates": [4.323769, 50.844025]}}, {"_id": "655b75c5ee53d394676101c6", "classification": {"light_vehicle_heavy_weight": {"value": "lightVehicle"}}, "location": {"type": "Point", "coordinates": [4.324086, 50.844197]}}], "median_duration": 147269, "median_speed": 18, "period": "PT5M", "resources": {"name": {"fr": "BXLAND135418_BXLAND135656", "vi": "BXLAND135418_BXLAND135656", "nl": "BXLAND135418_BXLAND135656", "de": "BXLAND135418_BXLAND135656", "nl-BE": "BXLAND135418_BXLAND135656", "en": "BXLAND135418_BXLAND135656"}, "id": "BXLAND135418_BXLAND135656", "_id": "5f9133926905da41a3f8756a"}, "speed_classes": {"[20;30[": 7, "[10;20[": 11}, "vehicle_type": "lightVehicle"}, {"_aggregation_id": "1700493000000#PT5M#lightVehicle#5f9133926905da41a3f8756a#605df62321081b7f5b75201d", "_creation_timestamp": "2023-11-20 15:14:26.554000", "_end_timestamp": "2023-11-20 15:10:00", "_expiration": "2023-11-25 15:14:26.358000", "_start_timestamp": "2023-11-20 15:05:00", "_update_timestamp": "2023-11-20 15:14:26.554000", "count": 18, "measures": [{"_id": "655b74fb04304a3fa98af0b0", "classification": {"light_vehicle_heavy_weight": {"value": "lightVehicle"}}, "location": {"type": "Point", "coordinates": [4.323769, 50.844025]}}, {"_id": "655b75c5ee53d394676101c6", "classification": {"light_vehicle_heavy_weight": {"value": "lightVehicle"}}, "location": {"type": "Point", "coordinates": [4.324086, 50.844197]}}], "median_duration": 147269, "median_speed": 18, "period": "PT5M", "resources": {"name": {"fr": "BXLAND135418_BXLAND135656", "vi": "BXLAND135418_BXLAND135656", "nl": "BXLAND135418_BXLAND135656", "de": "BXLAND135418_BXLAND135656", "nl-BE": "BXLAND135418_BXLAND135656", "en": "BXLAND135418_BXLAND135656"}, "id": "BXLAND135418_BXLAND135656", "_id": "5f9133926905da41a3f8756a"}, "speed_classes": {"[20;30[": 7, "[10;20[": 11}, "vehicle_type": "lightVehicle"}, {"_aggregation_id": "1700493000000#PT5M#lightVehicle#61dd6349b6c91563fc43b2dc#110000000000000000000001", "_creation_timestamp": "2023-11-20 15:14:26.554000", "_end_timestamp": "2023-11-20 15:10:00", "_expiration": "2023-11-25 15:14:26.358000", "_start_timestamp": "2023-11-20 15:05:00", "_update_timestamp": "2023-11-20 15:14:26.554000", "count": 11, "measures": [{"_id": "655b750427156592e9bca889", "classification": {"light_vehicle_heavy_weight": {"value": "lightVehicle"}}, "location": {"type": "Point", "coordinates": [4.31551, 50.866413]}}, {"_id": "655b75a7bac300c479feaa9d", "classification": {"light_vehicle_heavy_weight": {"value": "lightVehicle"}}, "location": {"type": "Point", "coordinates": [4.343028, 50.859639]}}], "median_duration": 158548, "median_speed": 47, "period": "PT5M", "resources": {"name": {"fr": "BXLKOE037167B1_BXLMOL037148B1", "vi": "BXLKOE037167B1_BXLMOL037148B1", "nl": "BXLKOE037167B1_BXLMOL037148B1", "de": "BXLKOE037167B1_BXLMOL037148B1", "en": "BXLKOE037167B1_BXLMOL037148B1"}, "id": "BXLKOE037167B1_BXLMOL037148B1", "_id": "61dd6349b6c91563fc43b2dc"}, "speed_classes": {"[50;60[": 3, "[40;50[": 8}, "vehicle_type": "lightVehicle"}, {"_aggregation_id": "1700493000000#PT5M#lightVehicle#5f9137336905da41a3f8a0de#605df62321081b7f5b75201d", "_creation_timestamp": "2023-11-20 15:14:26.554000", "_end_timestamp": "2023-11-20 15:10:00", "_expiration": "2023-11-25 15:14:26.357000", "_start_timestamp": "2023-11-20 15:05:00", "_update_timestamp": "2023-11-20 15:14:26.554000", "count": 21, "measures": [{"_id": "655b754184d443ad8831f3f3", "classification": {"light_vehicle_heavy_weight": {"value": "lightVehicle"}}, "location": {"type": "Point", "coordinates": [4.333292, 50.849567]}}, {"_id": "655b75b3a81d005047d1bc02", "classification": {"light_vehicle_heavy_weight": {"value": "lightVehicle"}}, "location": {"type": "Point", "coordinates": [4.325222, 50.844922]}}], "median_duration": 114383, "median_speed": 24, "period": "PT5M", "resources": {"name": {"fr": "BXLMOL135416_BXLAND135659", "vi": "BXLMOL135416_BXLAND135659", "nl": "BXLMOL135416_BXLAND135659", "de": "BXLMOL135416_BXLAND135659", "nl-BE": "BXLMOL135416_BXLAND135659", "en": "BXLMOL135416_BXLAND135659"}, "id": "BXLMOL135416_BXLAND135659", "_id": "5f9137336905da41a3f8a0de"}, "speed_classes": {"[20;30[": 21}, "vehicle_type": "lightVehicle"}, {"_aggregation_id": "1700493000000#PT5M#lightVehicle#61f036e31ca0177d112a4458#110000000000000000000001", "_creation_timestamp": "2023-11-20 15:14:26.554000", "_end_timestamp": "2023-11-20 15:10:00", "_expiration": "2023-11-25 15:14:26.358000", "_start_timestamp": "2023-11-20 15:05:00", "_update_timestamp": "2023-11-20 15:14:26.554000", "count": 16, "measures": [{"_id": "655b75200b6b2ea4d7bd9fff", "classification": {"light_vehicle_heavy_weight": {"value": "lightVehicle"}}, "location": {"type": "Point", "coordinates": [4.32184, 50.865565]}}, {"_id": "655b759e3871d8e7641f57ab", "classification": {"light_vehicle_heavy_weight": {"value": "lightVehicle"}}, "location": {"type": "Point", "coordinates": [4.343028, 50.859639]}}], "median_duration": 124200, "median_speed": 46, "period": "PT5M", "resources": {"name": {"fr": "BXLKOE037165B1_BXLMOL037148B1", "vi": "BXLKOE037165B1_BXLMOL037148B1", "nl": "BXLKOE037165B1_BXLMOL037148B1", "de": "BXLKOE037165B1_BXLMOL037148B1", "en": "BXLKOE037165B1_BXLMOL037148B1"}, "id": "BXLKOE037165B1_BXLMOL037148B1", "_id": "61f036e31ca0177d112a4458"}, "speed_classes": {"[60;70[": 1, "[50;60[": 2, "[40;50[": 13}, "vehicle_type": "lightVehicle"}, {"_aggregation_id": "1700493000000#PT5M#lightVehicle#61f037c51ca0177d112a4463#110000000000000000000001", "_creation_timestamp": "2023-11-20 15:14:26.554000", "_end_timestamp": "2023-11-20 15:10:00", "_expiration": "2023-11-25 15:14:26.358000", "_start_timestamp": "2023-11-20 15:05:00", "_update_timestamp": "2023-11-20 15:14:26.554000", "count": 20, "measures": [{"_id": "655b753ae459106adb7b62d7", "classification": {"light_vehicle_heavy_weight": {"value": "lightVehicle"}}, "location": {"type": "Point", "coordinates": [4.343083, 50.859667]}}, {"_id": "655b75d2e14451ad64744126", "classification": {"light_vehicle_heavy_weight": {"value": "lightVehicle"}}, "location": {"type": "Point", "coordinates": [4.317785, 50.867983]}}], "median_duration": 158810.5, "median_speed": 41.5, "period": "PT5M", "resources": {"name": {"fr": "BXLMOL037147B1_BXLGAN037166B1", "vi": "BXLMOL037147B1_BXLGAN037166B1", "nl": "BXLMOL037147B1_BXLGAN037166B1", "de": "BXLMOL037147B1_BXLGAN037166B1", "en": "BXLMOL037147B1_BXLGAN037166B1"}, "id": "BXLMOL037147B1_BXLGAN037166B1", "_id": "61f037c51ca0177d112a4463"}, "speed_classes": {"[30;40[": 1, "[50;60[": 1, "[40;50[": 18}, "vehicle_type": "lightVehicle"}, {"_aggregation_id": "1700493000000#PT5M#lightVehicle#5f8d557aad2d1835050072a0#605df62321081b7f5b75201d", "_creation_timestamp": "2023-11-20 15:14:26.554000", "_end_timestamp": "2023-11-20 15:10:00", "_expiration": "2023-11-25 15:14:26.358000", "_start_timestamp": "2023-11-20 15:05:00", "_update_timestamp": "2023-11-20 15:14:26.554000", "count": 32, "measures": [{"_id": "655b757a1251874f29405bc2", "classification": {"light_vehicle_heavy_weight": {"value": "lightVehicle"}}, "location": {"type": "Point", "coordinates": [4.402178656272577, 50.866546255025106]}}, {"_id": "655b75ab8f0a0fcf6f25e6d2", "classification": {"light_vehicle_heavy_weight": {"value": "lightVehicle"}}, "location": {"type": "Point", "coordinates": [4.400525, 50.859533]}}], "median_duration": 58100, "median_speed": 41.5, "period": "PT5M", "resources": {"name": {"fr": "BXLEVE128266_BXLSCH128265", "vi": "BXLEVE128266_BXLSCH128265", "nl": "BXLEVE128266_BXLSCH128265", "de": "BXLEVE128266_BXLSCH128265", "nl-BE": "BXLEVE128266_BXLSCH128265", "en": "BXLEVE128266_BXLSCH128265"}, "id": "BXLEVE128266_BXLSCH128265", "_id": "5f8d557aad2d1835050072a0"}, "speed_classes": {"[30;40[": 9, "[20;30[": 3, "[50;60[": 2, "[40;50[": 18}, "vehicle_type": "lightVehicle"}, {"_aggregation_id": "1700493000000#PT5M#lightVehicle#61f037511ca0177d112a445c#110000000000000000000001", "_creation_timestamp": "2023-11-20 15:14:26.554000", "_end_timestamp": "2023-11-20 15:10:00", "_expiration": "2023-11-25 15:14:26.357000", "_start_timestamp": "2023-11-20 15:05:00", "_update_timestamp": "2023-11-20 15:14:26.554000", "count": 18, "measures": [{"_id": "655b7535c841de93f63d600a", "classification": {"light_vehicle_heavy_weight": {"value": "lightVehicle"}}, "location": {"type": "Point", "coordinates": [4.348898, 50.858008]}}, {"_id": "655b759cdb9c3e5b8bb6dd91", "classification": {"light_vehicle_heavy_weight": {"value": "lightVehicle"}}, "location": {"type": "Point", "coordinates": [4.336115, 50.861739]}}], "median_duration": 124393, "median_speed": 31.5, "period": "PT5M", "resources": {"name": {"fr": "BXLBXL037144B1_BXLMOL037149B1", "vi": "BXLBXL037144B1_BXLMOL037149B1", "nl": "BXLBXL037144B1_BXLMOL037149B1", "de": "BXLBXL037144B1_BXLMOL037149B1", "en": "BXLBXL037144B1_BXLMOL037149B1"}, "id": "BXLBXL037144B1_BXLMOL037149B1", "_id": "61f037511ca0177d112a445c"}, "speed_classes": {"[30;40[": 8, "[20;30[": 7, "[40;50[": 3}, "vehicle_type": "lightVehicle"}, {"_aggregation_id": "1700493000000#PT5M#lightVehicle#61f037621ca0177d112a445d#110000000000000000000001", "_creation_timestamp": "2023-11-20 15:14:26.554000", "_end_timestamp": "2023-11-20 15:10:00", "_expiration": "2023-11-25 15:14:26.357000", "_start_timestamp": "2023-11-20 15:05:00", "_update_timestamp": "2023-11-20 15:14:26.554000", "count": 16, "measures": [{"_id": "655b753132a0209057861078", "classification": {"light_vehicle_heavy_weight": {"value": "lightVehicle"}}, "location": {"type": "Point", "coordinates": [4.348898, 50.858008]}}, {"_id": "655b75c052e714110f51d160", "classification": {"light_vehicle_heavy_weight": {"value": "lightVehicle"}}, "location": {"type": "Point", "coordinates": [4.321685, 50.865891]}}], "median_duration": 158825, "median_speed": 49, "period": "PT5M", "resources": {"name": {"fr": "BXLBXL037144B1_BXLKOE037164B1", "vi": "BXLBXL037144B1_BXLKOE037164B1", "nl": "BXLBXL037144B1_BXLKOE037164B1", "de": "BXLBXL037144B1_BXLKOE037164B1", "en": "BXLBXL037144B1_BXLKOE037164B1"}, "id": "BXLBXL037144B1_BXLKOE037164B1", "_id": "61f037621ca0177d112a445d"}, "speed_classes": {"[60;70[": 1, "[50;60[": 5, "[40;50[": 10}, "vehicle_type": "lightVehicle"}, {"_aggregation_id": "1700493000000#PT5M#lightVehicle#5f9132ce6905da41a3f8659b#605df62321081b7f5b75201d", "_creation_timestamp": "2023-11-20 15:14:26.554000", "_end_timestamp": "2023-11-20 15:10:00", "_expiration": "2023-11-25 15:14:26.357000", "_start_timestamp": "2023-11-20 15:05:00", "_update_timestamp": "2023-11-20 15:14:26.554000", "count": 20, "measures": [{"_id": "655b74b36238621ac5b09146", "classification": {"light_vehicle_heavy_weight": {"value": "lightVehicle"}}, "location": {"type": "Point", "coordinates": [4.318169, 50.838519]}}, {"_id": "655b75f4de63986047be6d61", "classification": {"light_vehicle_heavy_weight": {"value": "lightVehicle"}}, "location": {"type": "Point", "coordinates": [4.317981, 50.838356]}}], "median_duration": 249278.5, "median_speed": 10, "period": "PT5M", "resources": {"name": {"fr": "BXLAND135419_BXLAND135658", "vi": "BXLAND135419_BXLAND135658", "nl": "BXLAND135419_BXLAND135658", "de": "BXLAND135419_BXLAND135658", "nl-BE": "BXLAND135419_BXLAND135658", "en": "BXLAND135419_BXLAND135658"}, "id": "BXLAND135419_BXLAND135658", "_id": "5f9132ce6905da41a3f8659b"}, "speed_classes": {"[20;30[": 3, "[10;20[": 11, "[0;10[": 6}, "vehicle_type": "lightVehicle"}, {"_aggregation_id": "1700493000000#PT5M#heavyWeight#5f7d875ead2d183505eb3337#605df62321081b7f5b75201d", "_creation_timestamp": "2023-11-20 15:14:26.554000", "_end_timestamp": "2023-11-20 15:10:00", "_expiration": "2023-11-25 15:14:26.358000", "_start_timestamp": "2023-11-20 15:05:00", "_update_timestamp": "2023-11-20 15:14:26.554000", "count": 1, "measures": [{"_id": "655b7636de1ae666bc922f68", "classification": {"light_vehicle_heavy_weight": {"value": "heavyWeight"}}, "location": {"type": "Point", "coordinates": [4.41185, 50.875922]}}, {"_id": "655b768410ae44171452ec1d", "classification": {"light_vehicle_heavy_weight": {"value": "lightVehicle"}}, "location": {"type": "Point", "coordinates": [4.417003, 50.871736]}}], "median_duration": 77176, "median_speed": 27, "period": "PT5M", "resources": {"name": {"fr": "BXLEVE032498_BXLEVE133177", "vi": "BXLEVE032498_BXLEVE133177", "nl": "BXLEVE032498_BXLEVE133177", "de": "BXLEVE032498_BXLEVE133177", "nl-BE": "BXLEVE032498_BXLEVE133177", "en": "BXLEVE032498_BXLEVE133177"}, "id": "BXLEVE032498_BXLEVE133177", "_id": "5f7d875ead2d183505eb3337"}, "speed_classes": {"[20;30[": 1}, "vehicle_type": "heavyWeight"}, {"_aggregation_id": "1700493000000#PT5M#lightVehicle#61f037b61ca0177d112a4462#110000000000000000000001", "_creation_timestamp": "2023-11-20 15:14:26.554000", "_end_timestamp": "2023-11-20 15:10:00", "_expiration": "2023-11-25 15:14:26.358000", "_start_timestamp": "2023-11-20 15:05:00", "_update_timestamp": "2023-11-20 15:14:26.554000", "count": 10, "measures": [{"_id": "655b753c58f936a98f91b079", "classification": {"light_vehicle_heavy_weight": {"value": "lightVehicle"}}, "location": {"type": "Point", "coordinates": [4.343083, 50.859667]}}, {"_id": "655b75b6273e4d4fa50afc8c", "classification": {"light_vehicle_heavy_weight": {"value": "lightVehicle"}}, "location": {"type": "Point", "coordinates": [4.321622, 50.865867]}}], "median_duration": 126579, "median_speed": 43.5, "period": "PT5M", "resources": {"name": {"fr": "BXLMOL037147B1_BXLKOE126857B1", "vi": "BXLMOL037147B1_BXLKOE126857B1", "nl": "BXLMOL037147B1_BXLKOE126857B1", "de": "BXLMOL037147B1_BXLKOE126857B1", "en": "BXLMOL037147B1_BXLKOE126857B1"}, "id": "BXLMOL037147B1_BXLKOE126857B1", "_id": "61f037b61ca0177d112a4462"}, "speed_classes": {"[40;50[": 10}, "vehicle_type": "lightVehicle"}, {"_aggregation_id": "1700493000000#PT5M#lightVehicle#5f9136836905da41a3f89503#605df62321081b7f5b75201d", "_creation_timestamp": "2023-11-20 15:14:26.554000", "_end_timestamp": "2023-11-20 15:10:00", "_expiration": "2023-11-25 15:14:26.358000", "_start_timestamp": "2023-11-20 15:05:00", "_update_timestamp": "2023-11-20 15:14:26.554000", "count": 28, "measures": [{"_id": "655b7569722a88280de3307d", "classification": {"light_vehicle_heavy_weight": {"value": "lightVehicle"}}, "location": {"type": "Point", "coordinates": [4.400770209735986, 50.85934077794505]}}, {"_id": "655b75b32ed36ede536edbc0", "classification": {"light_vehicle_heavy_weight": {"value": "lightVehicle"}}, "location": {"type": "Point", "coordinates": [4.402418653845467, 50.865947845015896]}}], "median_duration": 73548.5, "median_speed": 39, "period": "PT5M", "resources": {"name": {"fr": "BXLSCH128264_BXLEVE128267", "vi": "BXLSCH128264_BXLEVE128267", "nl": "BXLSCH128264_BXLEVE128267", "de": "BXLSCH128264_BXLEVE128267", "nl-BE": "BXLSCH128264_BXLEVE128267", "en": "BXLSCH128264_BXLEVE128267"}, "id": "BXLSCH128264_BXLEVE128267", "_id": "5f9136836905da41a3f89503"}, "speed_classes": {"[30;40[": 16, "[40;50[": 12}, "vehicle_type": "lightVehicle"}, {"_aggregation_id": "1700493000000#PT5M#lightVehicle#5f9135cb6905da41a3f8892b#605df62321081b7f5b75201d", "_creation_timestamp": "2023-11-20 15:14:26.554000", "_end_timestamp": "2023-11-20 15:10:00", "_expiration": "2023-11-25 15:14:26.358000", "_start_timestamp": "2023-11-20 15:05:00", "_update_timestamp": "2023-11-20 15:14:26.554000", "count": 32, "measures": [{"_id": "655b75562a80d37a5fe149ae", "classification": {"light_vehicle_heavy_weight": {"value": "lightVehicle"}}, "location": {"type": "Point", "coordinates": [4.417906, 50.871347]}}, {"_id": "655b75aa837565fec624ad6b", "classification": {"light_vehicle_heavy_weight": {"value": "lightVehicle"}}, "location": {"type": "Point", "coordinates": [4.412369, 50.875597]}}], "median_duration": 121642.5, "median_speed": 18, "period": "PT5M", "resources": {"name": {"fr": "BXLEVE133176_BXLEVE032496", "vi": "BXLEVE133176_BXLEVE032496", "nl": "BXLEVE133176_BXLEVE032496", "de": "BXLEVE133176_BXLEVE032496", "nl-BE": "BXLEVE133176_BXLEVE032496", "en": "BXLEVE133176_BXLEVE032496"}, "id": "BXLEVE133176_BXLEVE032496", "_id": "5f9135cb6905da41a3f8892b"}, "speed_classes": {"[30;40[": 1, "[20;30[": 11, "[10;20[": 20}, "vehicle_type": "lightVehicle"}, {"_aggregation_id": "1700493000000#PT5M#lightVehicle#5f9137e06905da41a3f8acb6#605df62321081b7f5b75201d", "_creation_timestamp": "2023-11-20 15:14:26.554000", "_end_timestamp": "2023-11-20 15:10:00", "_expiration": "2023-11-25 15:14:26.357000", "_start_timestamp": "2023-11-20 15:05:00", "_update_timestamp": "2023-11-20 15:14:26.554000", "count": 22, "measures": [{"_id": "655b754b1e26d9c8188b5178", "classification": {"light_vehicle_heavy_weight": {"value": "lightVehicle"}}, "location": {"type": "Point", "coordinates": [4.325761, 50.845194]}}, {"_id": "655b75b31f166652c1d56a83", "classification": {"light_vehicle_heavy_weight": {"value": "lightVehicle"}}, "location": {"type": "Point", "coordinates": [4.333433, 50.849606]}}], "median_duration": 108743.5, "median_speed": 24, "period": "PT5M", "resources": {"name": {"fr": "BXLAND135417_BXLMOL135657", "vi": "BXLAND135417_BXLMOL135657", "nl": "BXLAND135417_BXLMOL135657", "de": "BXLAND135417_BXLMOL135657", "nl-BE": "BXLAND135417_BXLMOL135657", "en": "BXLAND135417_BXLMOL135657"}, "id": "BXLAND135417_BXLMOL135657", "_id": "5f9137e06905da41a3f8acb6"}, "speed_classes": {"[30;40[": 1, "[20;30[": 16, "[10;20[": 5}, "vehicle_type": "lightVehicle"}, {"_aggregation_id": "1700493000000#PT5M#heavyWeight#5f9136836905da41a3f89503#110000000000000000000001", "_creation_timestamp": "2023-11-20 15:14:26.554000", "_end_timestamp": "2023-11-20 15:10:00", "_expiration": "2023-11-25 15:14:26.358000", "_start_timestamp": "2023-11-20 15:05:00", "_update_timestamp": "2023-11-20 15:14:26.554000", "count": 1, "measures": [{"_id": "655b762f3310ec5ed5d92771", "classification": {"light_vehicle_heavy_weight": {"value": "heavyWeight"}}, "location": {"type": "Point", "coordinates": [4.400770209735986, 50.85934077794505]}}, {"_id": "655b768a36c56c9ef973e818", "classification": {"light_vehicle_heavy_weight": {"value": "lightVehicle"}}, "location": {"type": "Point", "coordinates": [4.402418653845467, 50.865947845015896]}}], "median_duration": 91012, "median_speed": 31, "period": "PT5M", "resources": {"name": {"fr": "BXLSCH128264_BXLEVE128267", "vi": "BXLSCH128264_BXLEVE128267", "nl": "BXLSCH128264_BXLEVE128267", "de": "BXLSCH128264_BXLEVE128267", "nl-BE": "BXLSCH128264_BXLEVE128267", "en": "BXLSCH128264_BXLEVE128267"}, "id": "BXLSCH128264_BXLEVE128267", "_id": "5f9136836905da41a3f89503"}, "speed_classes": {"[30;40[": 1}, "vehicle_type": "heavyWeight"}, {"_aggregation_id": "1700493000000#PT5M#lightVehicle#6023ef0349afa4771c1c0866#110000000000000000000001", "_creation_timestamp": "2023-11-20 15:14:26.554000", "_end_timestamp": "2023-11-20 15:10:00", "_expiration": "2023-11-25 15:14:26.358000", "_start_timestamp": "2023-11-20 15:05:00", "_update_timestamp": "2023-11-20 15:14:26.554000", "count": 53, "measures": [{"_id": "655b756cef5a3bcc192cb5ae", "classification": {"light_vehicle_heavy_weight": {"value": "lightVehicle"}}, "location": {"type": "Point", "coordinates": [4.3424376249313354, 50.83440048966804]}}, {"_id": "655b759cf4cf54fb433cc7c1", "classification": {"light_vehicle_heavy_weight": {"value": "lightVehicle"}}, "location": {"type": "Point", "coordinates": [4.350478887557983, 50.833814366688216]}}], "median_duration": 49541, "median_speed": 44, "period": "PT5M", "resources": {"name": {"fr": "BXLBXL036926B1_BXLBXL133486B1", "vi": "BXLBXL036926B1_BXLBXL133486B1", "nl": "BXLBXL036926B1_BXLBXL133486B1", "de": "BXLBXL036926B1_BXLBXL133486B1", "nl-BE": "BXLBXL036926B1_BXLBXL133486B1", "en": "BXLBXL036926B1_BXLBXL133486B1"}, "id": "BXLBXL036926_BXLBXL133486", "_id": "6023ef0349afa4771c1c0866"}, "speed_classes": {"[60;70[": 1, "[30;40[": 3, "[50;60[": 5, "[40;50[": 44}, "vehicle_type": "lightVehicle"}, {"_aggregation_id": "1700493000000#PT5M#lightVehicle#61f037071ca0177d112a4459#110000000000000000000001", "_creation_timestamp": "2023-11-20 15:14:26.554000", "_end_timestamp": "2023-11-20 15:10:00", "_expiration": "2023-11-25 15:14:26.358000", "_start_timestamp": "2023-11-20 15:05:00", "_update_timestamp": "2023-11-20 15:14:26.554000", "count": 60, "measures": [{"_id": "655b7525475b664d03b82895", "classification": {"light_vehicle_heavy_weight": {"value": "lightVehicle"}}, "location": {"type": "Point", "coordinates": [4.32184, 50.865565]}}, {"_id": "655b75a8180456853d125495", "classification": {"light_vehicle_heavy_weight": {"value": "lightVehicle"}}, "location": {"type": "Point", "coordinates": [4.348724, 50.858001]}}], "median_duration": 153315.5, "median_speed": 51, "period": "PT5M", "resources": {"name": {"fr": "BXLKOE037165B11_BXLBXL037146B1", "vi": "BXLKOE037165B11_BXLBXL037146B1", "nl": "BXLKOE037165B11_BXLBXL037146B1", "de": "BXLKOE037165B11_BXLBXL037146B1", "en": "BXLKOE037165B11_BXLBXL037146B1"}, "id": "BXLKOE037165B11_BXLBXL037146B1", "_id": "61f037071ca0177d112a4459"}, "speed_classes": {"[60;70[": 4, "[50;60[": 30, "[70;80[": 2, "[40;50[": 24}, "vehicle_type": "lightVehicle"}, {"_aggregation_id": "1700493000000#PT5M#lightVehicle#5f9137e06905da41a3f8acb6#110000000000000000000001", "_creation_timestamp": "2023-11-20 15:14:26.554000", "_end_timestamp": "2023-11-20 15:10:00", "_expiration": "2023-11-25 15:14:26.358000", "_start_timestamp": "2023-11-20 15:05:00", "_update_timestamp": "2023-11-20 15:14:26.554000", "count": 22, "measures": [{"_id": "655b754b1e26d9c8188b5178", "classification": {"light_vehicle_heavy_weight": {"value": "lightVehicle"}}, "location": {"type": "Point", "coordinates": [4.325761, 50.845194]}}, {"_id": "655b75b31f166652c1d56a83", "classification": {"light_vehicle_heavy_weight": {"value": "lightVehicle"}}, "location": {"type": "Point", "coordinates": [4.333433, 50.849606]}}], "median_duration": 108743.5, "median_speed": 24, "period": "PT5M", "resources": {"name": {"fr": "BXLAND135417_BXLMOL135657", "vi": "BXLAND135417_BXLMOL135657", "nl": "BXLAND135417_BXLMOL135657", "de": "BXLAND135417_BXLMOL135657", "nl-BE": "BXLAND135417_BXLMOL135657", "en": "BXLAND135417_BXLMOL135657"}, "id": "BXLAND135417_BXLMOL135657", "_id": "5f9137e06905da41a3f8acb6"}, "speed_classes": {"[30;40[": 1, "[20;30[": 16, "[10;20[": 5}, "vehicle_type": "lightVehicle"}, {"_aggregation_id": "1700493000000#PT5M#lightVehicle#61f035e01ca0177d112a4457#110000000000000000000001", "_creation_timestamp": "2023-11-20 15:14:26.554000", "_end_timestamp": "2023-11-20 15:10:00", "_expiration": "2023-11-25 15:14:26.358000", "_start_timestamp": "2023-11-20 15:05:00", "_update_timestamp": "2023-11-20 15:14:26.554000", "count": 49, "measures": [{"_id": "655b74fd4f458e0f6863333a", "classification": {"light_vehicle_heavy_weight": {"value": "lightVehicle"}}, "location": {"type": "Point", "coordinates": [4.31551, 50.866413]}}, {"_id": "655b75a1b74f575ba848bc55", "classification": {"light_vehicle_heavy_weight": {"value": "lightVehicle"}}, "location": {"type": "Point", "coordinates": [4.348724, 50.858001]}}], "median_duration": 182021, "median_speed": 51, "period": "PT5M", "resources": {"name": {"fr": "BXLKOE037167B1_BXLBXL037146B1", "vi": "BXLKOE037167B1_BXLBXL037146B1", "nl": "BXLKOE037167B1_BXLBXL037146B1", "de": "BXLKOE037167B1_BXLBXL037146B1", "en": "BXLKOE037167B1_BXLBXL037146B1"}, "id": "BXLKOE037167B1_BXLBXL037146B1", "_id": "61f035e01ca0177d112a4457"}, "speed_classes": {"[60;70[": 4, "[50;60[": 24, "[40;50[": 21}, "vehicle_type": "lightVehicle"}, {"_aggregation_id": "1700493000000#PT5M#lightVehicle#5f8d557aad2d1835050072a0#110000000000000000000001", "_creation_timestamp": "2023-11-20 15:14:26.554000", "_end_timestamp": "2023-11-20 15:10:00", "_expiration": "2023-11-25 15:14:26.358000", "_start_timestamp": "2023-11-20 15:05:00", "_update_timestamp": "2023-11-20 15:14:26.554000", "count": 32, "measures": [{"_id": "655b757a1251874f29405bc2", "classification": {"light_vehicle_heavy_weight": {"value": "lightVehicle"}}, "location": {"type": "Point", "coordinates": [4.402178656272577, 50.866546255025106]}}, {"_id": "655b75ab8f0a0fcf6f25e6d2", "classification": {"light_vehicle_heavy_weight": {"value": "lightVehicle"}}, "location": {"type": "Point", "coordinates": [4.400525, 50.859533]}}], "median_duration": 58100, "median_speed": 41.5, "period": "PT5M", "resources": {"name": {"fr": "BXLEVE128266_BXLSCH128265", "vi": "BXLEVE128266_BXLSCH128265", "nl": "BXLEVE128266_BXLSCH128265", "de": "BXLEVE128266_BXLSCH128265", "nl-BE": "BXLEVE128266_BXLSCH128265", "en": "BXLEVE128266_BXLSCH128265"}, "id": "BXLEVE128266_BXLSCH128265", "_id": "5f8d557aad2d1835050072a0"}, "speed_classes": {"[30;40[": 9, "[20;30[": 3, "[50;60[": 2, "[40;50[": 18}, "vehicle_type": "lightVehicle"}, {"_aggregation_id": "1700493000000#PT5M#lightVehicle#5f9135cb6905da41a3f8892b#110000000000000000000001", "_creation_timestamp": "2023-11-20 15:14:26.554000", "_end_timestamp": "2023-11-20 15:10:00", "_expiration": "2023-11-25 15:14:26.358000", "_start_timestamp": "2023-11-20 15:05:00", "_update_timestamp": "2023-11-20 15:14:26.554000", "count": 32, "measures": [{"_id": "655b75562a80d37a5fe149ae", "classification": {"light_vehicle_heavy_weight": {"value": "lightVehicle"}}, "location": {"type": "Point", "coordinates": [4.417906, 50.871347]}}, {"_id": "655b75aa837565fec624ad6b", "classification": {"light_vehicle_heavy_weight": {"value": "lightVehicle"}}, "location": {"type": "Point", "coordinates": [4.412369, 50.875597]}}], "median_duration": 121642.5, "median_speed": 18, "period": "PT5M", "resources": {"name": {"fr": "BXLEVE133176_BXLEVE032496", "vi": "BXLEVE133176_BXLEVE032496", "nl": "BXLEVE133176_BXLEVE032496", "de": "BXLEVE133176_BXLEVE032496", "nl-BE": "BXLEVE133176_BXLEVE032496", "en": "BXLEVE133176_BXLEVE032496"}, "id": "BXLEVE133176_BXLEVE032496", "_id": "5f9135cb6905da41a3f8892b"}, "speed_classes": {"[30;40[": 1, "[20;30[": 11, "[10;20[": 20}, "vehicle_type": "lightVehicle"}, {"_aggregation_id": "1700493000000#PT5M#lightVehicle#6023eda249afa4771c1c0865#110000000000000000000001", "_creation_timestamp": "2023-11-20 15:14:26.554000", "_end_timestamp": "2023-11-20 15:10:00", "_expiration": "2023-11-25 15:14:26.357000", "_start_timestamp": "2023-11-20 15:05:00", "_update_timestamp": "2023-11-20 15:14:26.554000", "count": 52, "measures": [{"_id": "655b74c46207b88e735cf5a5", "classification": {"light_vehicle_heavy_weight": {"value": "lightVehicle"}}, "location": {"type": "Point", "coordinates": [4.350419878959656, 50.83386518689119]}}, {"_id": "655b759df31c4e2c331553d2", "classification": {"light_vehicle_heavy_weight": {"value": "lightVehicle"}}, "location": {"type": "Point", "coordinates": [4.342614650726318, 50.83431240229132]}}], "median_duration": 245138, "median_speed": 8, "period": "PT5M", "resources": {"name": {"fr": "BXLBXL036927B1_BXLBXL133452B1", "vi": "BXLBXL036927B1_BXLBXL133452B1", "nl": "BXLBXL036927B1_BXLBXL133452B1", "de": "BXLBXL036927B1_BXLBXL133452B1", "nl-BE": "BXLBXL036927B1_BXLBXL133452B1", "en": "BXLBXL036927B1_BXLBXL133452B1"}, "id": "BXLBXL036927_BXLBXL133452", "_id": "6023eda249afa4771c1c0865"}, "speed_classes": {"[10;20[": 2, "[0;10[": 50}, "vehicle_type": "lightVehicle"}, {"_aggregation_id": "1700493000000#PT5M#heavyWeight#5f7d875ead2d183505eb3337#110000000000000000000001", "_creation_timestamp": "2023-11-20 15:14:26.554000", "_end_timestamp": "2023-11-20 15:10:00", "_expiration": "2023-11-25 15:14:26.358000", "_start_timestamp": "2023-11-20 15:05:00", "_update_timestamp": "2023-11-20 15:14:26.554000", "count": 1, "measures": [{"_id": "655b7636de1ae666bc922f68", "classification": {"light_vehicle_heavy_weight": {"value": "heavyWeight"}}, "location": {"type": "Point", "coordinates": [4.41185, 50.875922]}}, {"_id": "655b768410ae44171452ec1d", "classification": {"light_vehicle_heavy_weight": {"value": "lightVehicle"}}, "location": {"type": "Point", "coordinates": [4.417003, 50.871736]}}], "median_duration": 77176, "median_speed": 27, "period": "PT5M", "resources": {"name": {"fr": "BXLEVE032498_BXLEVE133177", "vi": "BXLEVE032498_BXLEVE133177", "nl": "BXLEVE032498_BXLEVE133177", "de": "BXLEVE032498_BXLEVE133177", "nl-BE": "BXLEVE032498_BXLEVE133177", "en": "BXLEVE032498_BXLEVE133177"}, "id": "BXLEVE032498_BXLEVE133177", "_id": "5f7d875ead2d183505eb3337"}, "speed_classes": {"[20;30[": 1}, "vehicle_type": "heavyWeight"}, {"_aggregation_id": "1700493000000#PT5M#lightVehicle#5f7d875ead2d183505eb3337#110000000000000000000001", "_creation_timestamp": "2023-11-20 15:14:26.554000", "_end_timestamp": "2023-11-20 15:10:00", "_expiration": "2023-11-25 15:14:26.358000", "_start_timestamp": "2023-11-20 15:05:00", "_update_timestamp": "2023-11-20 15:14:26.554000", "count": 15, "measures": [{"_id": "655b758de2103d710b94017a", "classification": {"light_vehicle_heavy_weight": {"value": "lightVehicle"}}, "location": {"type": "Point", "coordinates": [4.41185, 50.875922]}}, {"_id": "655b75c7c47b17bc35a54a76", "classification": {"light_vehicle_heavy_weight": {"value": "lightVehicle"}}, "location": {"type": "Point", "coordinates": [4.417003, 50.871736]}}], "median_duration": 69357, "median_speed": 31, "period": "PT5M", "resources": {"name": {"fr": "BXLEVE032498_BXLEVE133177", "vi": "BXLEVE032498_BXLEVE133177", "nl": "BXLEVE032498_BXLEVE133177", "de": "BXLEVE032498_BXLEVE133177", "nl-BE": "BXLEVE032498_BXLEVE133177", "en": "BXLEVE032498_BXLEVE133177"}, "id": "BXLEVE032498_BXLEVE133177", "_id": "5f7d875ead2d183505eb3337"}, "speed_classes": {"[30;40[": 8, "[20;30[": 6, "[40;50[": 1}, "vehicle_type": "lightVehicle"}, {"_aggregation_id": "1700493000000#PT5M#lightVehicle#61f0371d1ca0177d112a445a#110000000000000000000001", "_creation_timestamp": "2023-11-20 15:14:26.554000", "_end_timestamp": "2023-11-20 15:10:00", "_expiration": "2023-11-25 15:14:26.358000", "_start_timestamp": "2023-11-20 15:05:00", "_update_timestamp": "2023-11-20 15:14:26.554000", "count": 3, "measures": [{"_id": "655b75bbcfc7eeefa0498e5d", "classification": {"light_vehicle_heavy_weight": {"value": "lightVehicle"}}, "location": {"type": "Point", "coordinates": [4.336074, 50.861511]}}, {"_id": "655b75e0da733bcd144c6871", "classification": {"light_vehicle_heavy_weight": {"value": "lightVehicle"}}, "location": {"type": "Point", "coordinates": [4.343028, 50.859639]}}], "median_duration": 43406, "median_speed": 41, "period": "PT5M", "resources": {"name": {"fr": "BXLMOL037150B1_BXLMOL037148B1", "vi": "BXLMOL037150B1_BXLMOL037148B1", "nl": "BXLMOL037150B1_BXLMOL037148B1", "de": "BXLMOL037150B1_BXLMOL037148B1", "en": "BXLMOL037150B1_BXLMOL037148B1"}, "id": "BXLMOL037150B1_BXLMOL037148B1", "_id": "61f0371d1ca0177d112a445a"}, "speed_classes": {"[40;50[": 3}, "vehicle_type": "lightVehicle"}, {"_aggregation_id": "1700493000000#PT5M#lightVehicle#61f037381ca0177d112a445b#110000000000000000000001", "_creation_timestamp": "2023-11-20 15:14:26.554000", "_end_timestamp": "2023-11-20 15:10:00", "_expiration": "2023-11-25 15:14:26.358000", "_start_timestamp": "2023-11-20 15:05:00", "_update_timestamp": "2023-11-20 15:14:26.554000", "count": 21, "measures": [{"_id": "655b757d418a5a26f501ca04", "classification": {"light_vehicle_heavy_weight": {"value": "lightVehicle"}}, "location": {"type": "Point", "coordinates": [4.336074, 50.861511]}}, {"_id": "655b75b8aea5da6ce46e0158", "classification": {"light_vehicle_heavy_weight": {"value": "lightVehicle"}}, "location": {"type": "Point", "coordinates": [4.348724, 50.858001]}}], "median_duration": 74598, "median_speed": 53, "period": "PT5M", "resources": {"name": {"fr": "BXLMOL037150B1_BXLBXL037146B1", "vi": "BXLMOL037150B1_BXLBXL037146B1", "nl": "BXLMOL037150B1_BXLBXL037146B1", "de": "BXLMOL037150B1_BXLBXL037146B1", "en": "BXLMOL037150B1_BXLBXL037146B1"}, "id": "BXLMOL037150B1_BXLBXL037146B1", "_id": "61f037381ca0177d112a445b"}, "speed_classes": {"[60;70[": 4, "[50;60[": 15, "[40;50[": 2}, "vehicle_type": "lightVehicle"}, {"_aggregation_id": "1700493000000#PT5M#lightVehicle#5f9132ce6905da41a3f8659b#110000000000000000000001", "_creation_timestamp": "2023-11-20 15:14:26.554000", "_end_timestamp": "2023-11-20 15:10:00", "_expiration": "2023-11-25 15:14:26.358000", "_start_timestamp": "2023-11-20 15:05:00", "_update_timestamp": "2023-11-20 15:14:26.554000", "count": 20, "measures": [{"_id": "655b74b36238621ac5b09146", "classification": {"light_vehicle_heavy_weight": {"value": "lightVehicle"}}, "location": {"type": "Point", "coordinates": [4.318169, 50.838519]}}, {"_id": "655b75f4de63986047be6d61", "classification": {"light_vehicle_heavy_weight": {"value": "lightVehicle"}}, "location": {"type": "Point", "coordinates": [4.317981, 50.838356]}}], "median_duration": 249278.5, "median_speed": 10, "period": "PT5M", "resources": {"name": {"fr": "BXLAND135419_BXLAND135658", "vi": "BXLAND135419_BXLAND135658", "nl": "BXLAND135419_BXLAND135658", "de": "BXLAND135419_BXLAND135658", "nl-BE": "BXLAND135419_BXLAND135658", "en": "BXLAND135419_BXLAND135658"}, "id": "BXLAND135419_BXLAND135658", "_id": "5f9132ce6905da41a3f8659b"}, "speed_classes": {"[20;30[": 3, "[10;20[": 11, "[0;10[": 6}, "vehicle_type": "lightVehicle"}]
