[
   {
      "_id":{
         "$oid":"617e88b72967a647ff056b2a"
      },
      "_aggregation_id":"1671816600000#PT5M#lightVehicle#5f8d557aad2d1835050072a0#110000000000000000000001",
      "_creation_timestamp":{
         "$date":1671816911002
      },
      "_end_timestamp":{
         "$date":1671816600000
      },
      "_start_timestamp":{
         "$date":1671816300000
      },
      "_update_timestamp":{
         "$date":1671816911002
      },
      "count":2982,
      "measures":[
         {
            "location":{
               "type":"Point",
               "coordinates":[
                  4.402278656272677,
                  50.867546255024106
               ]
            },
            "_id":{
               "$oid":"617dce67b96e9601fbac3b42"
            }
         },
         {
            "location":{
               "type":"Point",
               "coordinates":[
                  4.400625,
                  50.859633
               ]
            },
            "_id":{
               "$oid":"617dce9897f379e13a046e64"
            }
         }
      ],
      "median_duration":52420,
      "median_speed":46,
      "resources":{
         "name":{
            "en":"Nom du trajet en anglais",
            "fr":"Nom du trajet en français",
            "nl-BE":"Nom du trajet en néerlandais"
         },
         "_id":{
            "$oid":"5f8d557aad2d1835050072a0"
         },
         "id":"BXL1_BXL2"
      },
      "speed_classes":{
         "[20;30[":11,
         "[70;80[":6,
         "[80;90[":1,
         "[50;60[":606,
         "[90;100[":1,
         "[40;50[":2094,
         "[60;70[":49,
         "[30;40[":214
      },
      "vehicle_type":"lightVehicle"
   },
   {
      "_id":{
         "$oid":"617e88b72967a647ff056c2a"
      },
      "_aggregation_id":"1671816900000#PT5M#heavyWeight#5f8d557aad2d1835050072a0#110000000000000000000001",
      "_creation_timestamp":{
         "$date":1671817021522
      },
      "_end_timestamp":{
         "$date":1671816900000
      },
      "_start_timestamp":{
         "$date":1671816600000
      },
      "_update_timestamp":{
         "$date":1671817021522
      },
      "count":29,
      "measures":[
         {
            "location":{
               "type":"Point",
               "coordinates":[
                  4.402278656272677,
                  50.867546255024106
               ]
            },
            "_id":{
               "$oid":"617dce67b96e9601fbac3b42"
            }
         },
         {
            "location":{
               "type":"Point",
               "coordinates":[
                  4.400625,
                  50.859633
               ]
            },
            "_id":{
               "$oid":"617dce9897f379e13a046e64"
            }
         }
      ],
      "median_duration":52420,
      "median_speed":41,
      "resources":{
         "name":{
            "en":"Nom du trajet en anglais",
            "fr":"Nom du trajet en français",
            "nl-BE":"Nom du trajet en néerlandais"
         },
         "_id":{
            "$oid":"5f8d557aad2d1835050072a0"
         },
         "id":"BXL1_BXL2"
      },
      "speed_classes":{
         "[20;30[":3,
         "[50;60[":3,
         "[40;50[":12,
         "[60;70[":1,
         "[30;40[":10
      },
      "vehicle_type":"heavyWeight"
   }
]
   