[{"tstore":"2023-11-13T13:54:21.541+01:00","objectState":"new","identifier":{"ident":"J1_12_233"},"data":{"attributes":{"xsi:type":"ns4:rawDataBlock"},"rawData":{"Id":"J2","timeline":{"Timestamp":"2023-11-13T12:55:24.000+01:00"},"intervalLength":1,"data":[{"Value":"12","EventsOffsets":[{"offset":15000}]},{"Value":"3","EventsOffsets":[{"offset":18000}]},{"Value":"48","EventsOffsets":[{"offset":0}]}]}}},{"tstore":"2023-11-13T13:54:21.541+01:00","objectState":"new","identifier":{"ident":"J1_12_233"},"data":{"attributes":{"xsi:type":"ns4:rawDataBlock"},"rawData":{"Id":"J2","timeline":{"Timestamp":"2023-11-13T12:57:24.000+01:00"},"intervalLength":1,"data":[{"Value":"12","EventsOffsets":[{"offset":15000}]},{"Value":"3","EventsOffsets":[{"offset":18000}]},{"Value":"48","EventsOffsets":[{"offset":0}]}]}}},{"tstore":"2023-11-13T13:54:21.541+01:00","objectState":"new","identifier":{"ident":"J1_12_233"},"data":{"attributes":{"xsi:type":"ns4:rawDataBlock"},"rawData":{"Id":"J2","timeline":{"Timestamp":"2023-11-13T12:59:24.000+01:00"},"intervalLength":1,"data":[{"Value":"12","EventsOffsets":[{"offset":15000}]},{"Value":"3","EventsOffsets":[{"offset":18000}]},{"Value":"48","EventsOffsets":[{"offset":0}]}]}}},{"tstore":"2023-11-13T13:54:21.541+01:00","objectState":"new","identifier":{"ident":"J1_12_233"},"data":{"attributes":{"xsi:type":"ns4:rawDataBlock"},"rawData":{"Id":"J2","timeline":{"Timestamp":"2023-11-13T13:01:24.000+01:00"},"intervalLength":1,"data":[{"Value":"12","EventsOffsets":[{"offset":15000}]},{"Value":"3","EventsOffsets":[{"offset":18000}]},{"Value":"48","EventsOffsets":[{"offset":0}]}]}}},{"tstore":"2023-11-13T13:54:21.541+01:00","objectState":"new","identifier":{"ident":"J1_12_233"},"data":{"attributes":{"xsi:type":"ns4:rawDataBlock"},"rawData":{"Id":"J2","timeline":{"Timestamp":"2023-11-13T13:03:23.000+01:00"},"intervalLength":1,"data":[{"Value":"12","EventsOffsets":[{"offset":15000}]},{"Value":"3","EventsOffsets":[{"offset":18000}]},{"Value":"48","EventsOffsets":[{"offset":0}]}]}}},{"tstore":"2023-11-13T13:54:21.541+01:00","objectState":"new","identifier":{"ident":"J1_12_233"},"data":{"attributes":{"xsi:type":"ns4:rawDataBlock"},"rawData":{"Id":"J2","timeline":{"Timestamp":"2023-11-13T13:05:23.000+01:00"},"intervalLength":1,"data":[{"Value":"12","EventsOffsets":[{"offset":15000}]},{"Value":"3","EventsOffsets":[{"offset":18000}]},{"Value":"48","EventsOffsets":[{"offset":0}]}]}}},{"tstore":"2023-11-13T13:54:21.541+01:00","objectState":"new","identifier":{"ident":"J1_12_233"},"data":{"attributes":{"xsi:type":"ns4:rawDataBlock"},"rawData":{"Id":"J2","timeline":{"Timestamp":"2023-11-13T13:07:23.000+01:00"},"intervalLength":1,"data":[{"Value":"12","EventsOffsets":[{"offset":15000}]},{"Value":"3","EventsOffsets":[{"offset":18000}]},{"Value":"48","EventsOffsets":[{"offset":0}]}]}}},{"tstore":"2023-11-13T13:54:21.541+01:00","objectState":"new","identifier":{"ident":"J1_12_233"},"data":{"attributes":{"xsi:type":"ns4:rawDataBlock"},"rawData":{"Id":"J2","timeline":{"Timestamp":"2023-11-13T13:09:23.000+01:00"},"intervalLength":1,"data":[{"Value":"12","EventsOffsets":[{"offset":15000}]},{"Value":"3","EventsOffsets":[{"offset":18000}]},{"Value":"48","EventsOffsets":[{"offset":0}]}]}}},{"tstore":"2023-11-13T13:54:21.541+01:00","objectState":"new","identifier":{"ident":"J1_12_233"},"data":{"attributes":{"xsi:type":"ns4:rawDataBlock"},"rawData":{"Id":"J2","timeline":{"Timestamp":"2023-11-13T13:11:23.000+01:00"},"intervalLength":1,"data":[{"Value":"12","EventsOffsets":[{"offset":15000}]},{"Value":"3","EventsOffsets":[{"offset":18000}]},{"Value":"48","EventsOffsets":[{"offset":0}]}]}}},{"tstore":"2023-11-13T13:54:21.541+01:00","objectState":"new","identifier":{"ident":"J1_12_233"},"data":{"attributes":{"xsi:type":"ns4:rawDataBlock"},"rawData":{"Id":"J2","timeline":{"Timestamp":"2023-11-13T13:13:23.000+01:00"},"intervalLength":1,"data":[{"Value":"12","EventsOffsets":[{"offset":15000}]},{"Value":"3","EventsOffsets":[{"offset":18000}]},{"Value":"48","EventsOffsets":[{"offset":0}]}]}}},{"tstore":"2023-11-13T13:54:21.541+01:00","objectState":"new","identifier":{"ident":"J1_12_233"},"data":{"attributes":{"xsi:type":"ns4:rawDataBlock"},"rawData":{"Id":"J2","timeline":{"Timestamp":"2023-11-13T13:15:23.000+01:00"},"intervalLength":1,"data":[{"Value":"12","EventsOffsets":[{"offset":15000}]},{"Value":"3","EventsOffsets":[{"offset":18000}]},{"Value":"48","EventsOffsets":[{"offset":0}]}]}}},{"tstore":"2023-11-13T13:54:21.541+01:00","objectState":"new","identifier":{"ident":"J1_12_233"},"data":{"attributes":{"xsi:type":"ns4:rawDataBlock"},"rawData":{"Id":"J2","timeline":{"Timestamp":"2023-11-13T13:17:23.000+01:00"},"intervalLength":1,"data":[{"Value":"12","EventsOffsets":[{"offset":15000}]},{"Value":"3","EventsOffsets":[{"offset":18000}]},{"Value":"48","EventsOffsets":[{"offset":0}]}]}}},{"tstore":"2023-11-13T13:54:21.541+01:00","objectState":"new","identifier":{"ident":"J1_12_233"},"data":{"attributes":{"xsi:type":"ns4:rawDataBlock"},"rawData":{"Id":"J2","timeline":{"Timestamp":"2023-11-13T13:19:24.000+01:00"},"intervalLength":1,"data":[{"Value":"12","EventsOffsets":[{"offset":15000}]},{"Value":"3","EventsOffsets":[{"offset":18000}]},{"Value":"48","EventsOffsets":[{"offset":0}]}]}}},{"tstore":"2023-11-13T13:54:21.541+01:00","objectState":"new","identifier":{"ident":"J1_12_233"},"data":{"attributes":{"xsi:type":"ns4:rawDataBlock"},"rawData":{"Id":"J2","timeline":{"Timestamp":"2023-11-13T13:21:24.000+01:00"},"intervalLength":1,"data":[{"Value":"12","EventsOffsets":[{"offset":15000}]},{"Value":"3","EventsOffsets":[{"offset":18000}]},{"Value":"48","EventsOffsets":[{"offset":0}]}]}}},{"tstore":"2023-11-13T13:54:21.541+01:00","objectState":"new","identifier":{"ident":"J1_12_233"},"data":{"attributes":{"xsi:type":"ns4:rawDataBlock"},"rawData":{"Id":"J2","timeline":{"Timestamp":"2023-11-13T13:23:24.000+01:00"},"intervalLength":1,"data":[{"Value":"12","EventsOffsets":[{"offset":15000}]},{"Value":"3","EventsOffsets":[{"offset":18000}]},{"Value":"48","EventsOffsets":[{"offset":0}]}]}}},{"tstore":"2023-11-13T13:54:21.541+01:00","objectState":"new","identifier":{"ident":"J1_12_233"},"data":{"attributes":{"xsi:type":"ns4:rawDataBlock"},"rawData":{"Id":"J2","timeline":{"Timestamp":"2023-11-13T13:25:24.000+01:00"},"intervalLength":1,"data":[{"Value":"12","EventsOffsets":[{"offset":15000}]},{"Value":"3","EventsOffsets":[{"offset":18000}]},{"Value":"48","EventsOffsets":[{"offset":0}]}]}}},{"tstore":"2023-11-13T13:54:21.541+01:00","objectState":"new","identifier":{"ident":"J1_12_233"},"data":{"attributes":{"xsi:type":"ns4:rawDataBlock"},"rawData":{"Id":"J2","timeline":{"Timestamp":"2023-11-13T13:27:23.000+01:00"},"intervalLength":1,"data":[{"Value":"12","EventsOffsets":[{"offset":15000}]},{"Value":"3","EventsOffsets":[{"offset":18000}]},{"Value":"48","EventsOffsets":[{"offset":0}]}]}}},{"tstore":"2023-11-13T13:54:21.541+01:00","objectState":"new","identifier":{"ident":"J1_12_233"},"data":{"attributes":{"xsi:type":"ns4:rawDataBlock"},"rawData":{"Id":"J2","timeline":{"Timestamp":"2023-11-13T13:29:23.000+01:00"},"intervalLength":1,"data":[{"Value":"12","EventsOffsets":[{"offset":15000}]},{"Value":"3","EventsOffsets":[{"offset":18000}]},{"Value":"48","EventsOffsets":[{"offset":0}]}]}}},{"tstore":"2023-11-13T13:54:21.541+01:00","objectState":"new","identifier":{"ident":"J1_12_233"},"data":{"attributes":{"xsi:type":"ns4:rawDataBlock"},"rawData":{"Id":"J2","timeline":{"Timestamp":"2023-11-13T13:31:23.000+01:00"},"intervalLength":1,"data":[{"Value":"12","EventsOffsets":[{"offset":15000}]},{"Value":"3","EventsOffsets":[{"offset":18000}]},{"Value":"48","EventsOffsets":[{"offset":0}]}]}}},{"tstore":"2023-11-13T13:54:21.541+01:00","objectState":"new","identifier":{"ident":"J1_12_233"},"data":{"attributes":{"xsi:type":"ns4:rawDataBlock"},"rawData":{"Id":"J2","timeline":{"Timestamp":"2023-11-13T13:33:23.000+01:00"},"intervalLength":1,"data":[{"Value":"12","EventsOffsets":[{"offset":15000}]},{"Value":"3","EventsOffsets":[{"offset":18000}]},{"Value":"48","EventsOffsets":[{"offset":0}]}]}}},{"tstore":"2023-11-13T13:54:21.541+01:00","objectState":"new","identifier":{"ident":"J1_12_233"},"data":{"attributes":{"xsi:type":"ns4:rawDataBlock"},"rawData":{"Id":"J2","timeline":{"Timestamp":"2023-11-13T13:35:23.000+01:00"},"intervalLength":1,"data":[{"Value":"12","EventsOffsets":[{"offset":15000}]},{"Value":"3","EventsOffsets":[{"offset":18000}]},{"Value":"48","EventsOffsets":[{"offset":0}]}]}}},{"tstore":"2023-11-13T13:54:21.541+01:00","objectState":"new","identifier":{"ident":"J1_12_233"},"data":{"attributes":{"xsi:type":"ns4:rawDataBlock"},"rawData":{"Id":"J2","timeline":{"Timestamp":"2023-11-13T13:37:23.000+01:00"},"intervalLength":1,"data":[{"Value":"12","EventsOffsets":[{"offset":15000}]},{"Value":"3","EventsOffsets":[{"offset":18000}]},{"Value":"48","EventsOffsets":[{"offset":0}]}]}}},{"tstore":"2023-11-13T13:54:21.541+01:00","objectState":"new","identifier":{"ident":"J1_12_233"},"data":{"attributes":{"xsi:type":"ns4:rawDataBlock"},"rawData":{"Id":"J2","timeline":{"Timestamp":"2023-11-13T13:39:23.000+01:00"},"intervalLength":1,"data":[{"Value":"12","EventsOffsets":[{"offset":15000}]},{"Value":"3","EventsOffsets":[{"offset":18000}]},{"Value":"48","EventsOffsets":[{"offset":0}]}]}}},{"tstore":"2023-11-13T13:54:21.541+01:00","objectState":"new","identifier":{"ident":"J1_12_233"},"data":{"attributes":{"xsi:type":"ns4:rawDataBlock"},"rawData":{"Id":"J2","timeline":{"Timestamp":"2023-11-13T13:41:23.000+01:00"},"intervalLength":1,"data":[{"Value":"12","EventsOffsets":[{"offset":15000}]},{"Value":"3","EventsOffsets":[{"offset":18000}]},{"Value":"48","EventsOffsets":[{"offset":0}]}]}}},{"tstore":"2023-11-13T13:54:21.541+01:00","objectState":"new","identifier":{"ident":"J1_12_233"},"data":{"attributes":{"xsi:type":"ns4:rawDataBlock"},"rawData":{"Id":"J2","timeline":{"Timestamp":"2023-11-13T13:43:24.000+01:00"},"intervalLength":1,"data":[{"Value":"12","EventsOffsets":[{"offset":15000}]},{"Value":"3","EventsOffsets":[{"offset":18000}]},{"Value":"48","EventsOffsets":[{"offset":0}]}]}}},{"tstore":"2023-11-13T13:54:21.541+01:00","objectState":"new","identifier":{"ident":"J1_12_233"},"data":{"attributes":{"xsi:type":"ns4:rawDataBlock"},"rawData":{"Id":"J2","timeline":{"Timestamp":"2023-11-13T13:45:24.000+01:00"},"intervalLength":1,"data":[{"Value":"12","EventsOffsets":[{"offset":15000}]},{"Value":"3","EventsOffsets":[{"offset":18000}]},{"Value":"48","EventsOffsets":[{"offset":0}]}]}}},{"tstore":"2023-11-13T13:54:21.541+01:00","objectState":"new","identifier":{"ident":"J1_12_233"},"data":{"attributes":{"xsi:type":"ns4:rawDataBlock"},"rawData":{"Id":"J2","timeline":{"Timestamp":"2023-11-13T13:47:24.000+01:00"},"intervalLength":1,"data":[{"Value":"12","EventsOffsets":[{"offset":15000}]},{"Value":"3","EventsOffsets":[{"offset":18000}]},{"Value":"48","EventsOffsets":[{"offset":0}]}]}}},{"tstore":"2023-11-13T13:54:21.541+01:00","objectState":"new","identifier":{"ident":"J1_12_233"},"data":{"attributes":{"xsi:type":"ns4:rawDataBlock"},"rawData":{"Id":"J2","timeline":{"Timestamp":"2023-11-13T13:49:24.000+01:00"},"intervalLength":1,"data":[{"Value":"12","EventsOffsets":[{"offset":15000}]},{"Value":"3","EventsOffsets":[{"offset":18000}]},{"Value":"48","EventsOffsets":[{"offset":0}]}]}}},{"tstore":"2023-11-13T13:54:21.541+01:00","objectState":"new","identifier":{"ident":"J1_12_233"},"data":{"attributes":{"xsi:type":"ns4:rawDataBlock"},"rawData":{"Id":"J2","timeline":{"Timestamp":"2023-11-13T13:51:24.000+01:00"},"intervalLength":1,"data":[{"Value":"12","EventsOffsets":[{"offset":15000}]},{"Value":"3","EventsOffsets":[{"offset":18000}]},{"Value":"48","EventsOffsets":[{"offset":0}]}]}}},{"tstore":"2023-11-13T13:54:21.541+01:00","objectState":"new","identifier":{"ident":"J1_12_233"},"data":{"attributes":{"xsi:type":"ns4:rawDataBlock"},"rawData":{"Id":"J2","timeline":{"Timestamp":"2023-11-13T13:53:24.000+01:00"},"intervalLength":1,"data":[{"Value":"12","EventsOffsets":[{"offset":15000}]},{"Value":"3","EventsOffsets":[{"offset":18000}]},{"Value":"48","EventsOffsets":[{"offset":0}]}]}}},{"tstore":"2023-11-13T13:54:21.541+01:00","objectState":"new","identifier":{"ident":"J1_12_233"},"data":{"attributes":{"xsi:type":"ns4:rawDataBlock"},"rawData":{"Id":"J1","timeline":{"Timestamp":"2023-11-13T12:55:00.000+01:00"},"intervalLength":1,"data":[{"Value":"12","EventsOffsets":[{"offset":0}]},{"Value":"3","EventsOffsets":[{"offset":3000}]},{"Value":"48","EventsOffsets":[{"offset":62000}]}]}}},{"tstore":"2023-11-13T13:54:21.541+01:00","objectState":"new","identifier":{"ident":"J1_12_233"},"data":{"attributes":{"xsi:type":"ns4:rawDataBlock"},"rawData":{"Id":"J1","timeline":{"Timestamp":"2023-11-13T12:57:01.000+01:00"},"intervalLength":1,"data":[{"Value":"12","EventsOffsets":[{"offset":0}]},{"Value":"3","EventsOffsets":[{"offset":3000}]},{"Value":"48","EventsOffsets":[{"offset":61000}]}]}}},{"tstore":"2023-11-13T13:54:21.541+01:00","objectState":"new","identifier":{"ident":"J1_12_233"},"data":{"attributes":{"xsi:type":"ns4:rawDataBlock"},"rawData":{"Id":"J1","timeline":{"Timestamp":"2023-11-13T12:59:01.000+01:00"},"intervalLength":1,"data":[{"Value":"12","EventsOffsets":[{"offset":0}]},{"Value":"3","EventsOffsets":[{"offset":3000}]},{"Value":"48","EventsOffsets":[{"offset":61000}]}]}}},{"tstore":"2023-11-13T13:54:21.541+01:00","objectState":"new","identifier":{"ident":"J1_12_233"},"data":{"attributes":{"xsi:type":"ns4:rawDataBlock"},"rawData":{"Id":"J1","timeline":{"Timestamp":"2023-11-13T13:01:01.000+01:00"},"intervalLength":1,"data":[{"Value":"12","EventsOffsets":[{"offset":0}]},{"Value":"3","EventsOffsets":[{"offset":3000}]},{"Value":"48","EventsOffsets":[{"offset":61000}]}]}}},{"tstore":"2023-11-13T13:54:21.541+01:00","objectState":"new","identifier":{"ident":"J1_12_233"},"data":{"attributes":{"xsi:type":"ns4:rawDataBlock"},"rawData":{"Id":"J1","timeline":{"Timestamp":"2023-11-13T13:03:01.000+01:00"},"intervalLength":1,"data":[{"Value":"12","EventsOffsets":[{"offset":0}]},{"Value":"3","EventsOffsets":[{"offset":3000}]},{"Value":"48","EventsOffsets":[{"offset":60000}]}]}}},{"tstore":"2023-11-13T13:54:21.541+01:00","objectState":"new","identifier":{"ident":"J1_12_233"},"data":{"attributes":{"xsi:type":"ns4:rawDataBlock"},"rawData":{"Id":"J1","timeline":{"Timestamp":"2023-11-13T13:05:00.000+01:00"},"intervalLength":1,"data":[{"Value":"12","EventsOffsets":[{"offset":0}]},{"Value":"3","EventsOffsets":[{"offset":3000}]},{"Value":"48","EventsOffsets":[{"offset":61000}]}]}}},{"tstore":"2023-11-13T13:54:21.541+01:00","objectState":"new","identifier":{"ident":"J1_12_233"},"data":{"attributes":{"xsi:type":"ns4:rawDataBlock"},"rawData":{"Id":"J1","timeline":{"Timestamp":"2023-11-13T13:07:00.000+01:00"},"intervalLength":1,"data":[{"Value":"12","EventsOffsets":[{"offset":0}]},{"Value":"3","EventsOffsets":[{"offset":3000}]},{"Value":"48","EventsOffsets":[{"offset":61000}]}]}}},{"tstore":"2023-11-13T13:54:21.541+01:00","objectState":"new","identifier":{"ident":"J1_12_233"},"data":{"attributes":{"xsi:type":"ns4:rawDataBlock"},"rawData":{"Id":"J1","timeline":{"Timestamp":"2023-11-13T13:09:00.000+01:00"},"intervalLength":1,"data":[{"Value":"12","EventsOffsets":[{"offset":0}]},{"Value":"3","EventsOffsets":[{"offset":3000}]},{"Value":"48","EventsOffsets":[{"offset":61000}]}]}}},{"tstore":"2023-11-13T13:54:21.541+01:00","objectState":"new","identifier":{"ident":"J1_12_233"},"data":{"attributes":{"xsi:type":"ns4:rawDataBlock"},"rawData":{"Id":"J1","timeline":{"Timestamp":"2023-11-13T13:11:00.000+01:00"},"intervalLength":1,"data":[{"Value":"12","EventsOffsets":[{"offset":0}]},{"Value":"3","EventsOffsets":[{"offset":3000}]},{"Value":"48","EventsOffsets":[{"offset":61000}]}]}}},{"tstore":"2023-11-13T13:54:21.541+01:00","objectState":"new","identifier":{"ident":"J1_12_233"},"data":{"attributes":{"xsi:type":"ns4:rawDataBlock"},"rawData":{"Id":"J1","timeline":{"Timestamp":"2023-11-13T13:13:00.000+01:00"},"intervalLength":1,"data":[{"Value":"12","EventsOffsets":[{"offset":0}]},{"Value":"3","EventsOffsets":[{"offset":3000}]},{"Value":"48","EventsOffsets":[{"offset":61000}]}]}}},{"tstore":"2023-11-13T13:54:21.541+01:00","objectState":"new","identifier":{"ident":"J1_12_233"},"data":{"attributes":{"xsi:type":"ns4:rawDataBlock"},"rawData":{"Id":"J1","timeline":{"Timestamp":"2023-11-13T13:15:00.000+01:00"},"intervalLength":1,"data":[{"Value":"12","EventsOffsets":[{"offset":0}]},{"Value":"3","EventsOffsets":[{"offset":3000}]},{"Value":"48","EventsOffsets":[{"offset":61000}]}]}}},{"tstore":"2023-11-13T13:54:21.541+01:00","objectState":"new","identifier":{"ident":"J1_12_233"},"data":{"attributes":{"xsi:type":"ns4:rawDataBlock"},"rawData":{"Id":"J1","timeline":{"Timestamp":"2023-11-13T13:17:00.000+01:00"},"intervalLength":1,"data":[{"Value":"12","EventsOffsets":[{"offset":0}]},{"Value":"3","EventsOffsets":[{"offset":3000}]},{"Value":"48","EventsOffsets":[{"offset":61000}]}]}}},{"tstore":"2023-11-13T13:54:21.541+01:00","objectState":"new","identifier":{"ident":"J1_12_233"},"data":{"attributes":{"xsi:type":"ns4:rawDataBlock"},"rawData":{"Id":"J1","timeline":{"Timestamp":"2023-11-13T13:19:00.000+01:00"},"intervalLength":1,"data":[{"Value":"12","EventsOffsets":[{"offset":0}]},{"Value":"3","EventsOffsets":[{"offset":3000}]},{"Value":"48","EventsOffsets":[{"offset":62000}]}]}}},{"tstore":"2023-11-13T13:54:21.541+01:00","objectState":"new","identifier":{"ident":"J1_12_233"},"data":{"attributes":{"xsi:type":"ns4:rawDataBlock"},"rawData":{"Id":"J1","timeline":{"Timestamp":"2023-11-13T13:21:01.000+01:00"},"intervalLength":1,"data":[{"Value":"12","EventsOffsets":[{"offset":0}]},{"Value":"3","EventsOffsets":[{"offset":3000}]},{"Value":"48","EventsOffsets":[{"offset":61000}]}]}}},{"tstore":"2023-11-13T13:54:21.541+01:00","objectState":"new","identifier":{"ident":"J1_12_233"},"data":{"attributes":{"xsi:type":"ns4:rawDataBlock"},"rawData":{"Id":"J1","timeline":{"Timestamp":"2023-11-13T13:23:01.000+01:00"},"intervalLength":1,"data":[{"Value":"12","EventsOffsets":[{"offset":0}]},{"Value":"3","EventsOffsets":[{"offset":3000}]},{"Value":"48","EventsOffsets":[{"offset":61000}]}]}}},{"tstore":"2023-11-13T13:54:21.541+01:00","objectState":"new","identifier":{"ident":"J1_12_233"},"data":{"attributes":{"xsi:type":"ns4:rawDataBlock"},"rawData":{"Id":"J1","timeline":{"Timestamp":"2023-11-13T13:25:01.000+01:00"},"intervalLength":1,"data":[{"Value":"12","EventsOffsets":[{"offset":0}]},{"Value":"3","EventsOffsets":[{"offset":3000}]},{"Value":"48","EventsOffsets":[{"offset":61000}]}]}}},{"tstore":"2023-11-13T13:54:21.541+01:00","objectState":"new","identifier":{"ident":"J1_12_233"},"data":{"attributes":{"xsi:type":"ns4:rawDataBlock"},"rawData":{"Id":"J1","timeline":{"Timestamp":"2023-11-13T13:27:01.000+01:00"},"intervalLength":1,"data":[{"Value":"12","EventsOffsets":[{"offset":0}]},{"Value":"3","EventsOffsets":[{"offset":3000}]},{"Value":"48","EventsOffsets":[{"offset":60000}]}]}}},{"tstore":"2023-11-13T13:54:21.541+01:00","objectState":"new","identifier":{"ident":"J1_12_233"},"data":{"attributes":{"xsi:type":"ns4:rawDataBlock"},"rawData":{"Id":"J1","timeline":{"Timestamp":"2023-11-13T13:29:00.000+01:00"},"intervalLength":1,"data":[{"Value":"12","EventsOffsets":[{"offset":0}]},{"Value":"3","EventsOffsets":[{"offset":3000}]},{"Value":"48","EventsOffsets":[{"offset":61000}]}]}}},{"tstore":"2023-11-13T13:54:21.541+01:00","objectState":"new","identifier":{"ident":"J1_12_233"},"data":{"attributes":{"xsi:type":"ns4:rawDataBlock"},"rawData":{"Id":"J1","timeline":{"Timestamp":"2023-11-13T13:31:00.000+01:00"},"intervalLength":1,"data":[{"Value":"12","EventsOffsets":[{"offset":0}]},{"Value":"3","EventsOffsets":[{"offset":3000}]},{"Value":"48","EventsOffsets":[{"offset":61000}]}]}}},{"tstore":"2023-11-13T13:54:21.541+01:00","objectState":"new","identifier":{"ident":"J1_12_233"},"data":{"attributes":{"xsi:type":"ns4:rawDataBlock"},"rawData":{"Id":"J1","timeline":{"Timestamp":"2023-11-13T13:33:00.000+01:00"},"intervalLength":1,"data":[{"Value":"12","EventsOffsets":[{"offset":0}]},{"Value":"3","EventsOffsets":[{"offset":3000}]},{"Value":"48","EventsOffsets":[{"offset":61000}]}]}}},{"tstore":"2023-11-13T13:54:21.541+01:00","objectState":"new","identifier":{"ident":"J1_12_233"},"data":{"attributes":{"xsi:type":"ns4:rawDataBlock"},"rawData":{"Id":"J1","timeline":{"Timestamp":"2023-11-13T13:35:00.000+01:00"},"intervalLength":1,"data":[{"Value":"12","EventsOffsets":[{"offset":0}]},{"Value":"3","EventsOffsets":[{"offset":3000}]},{"Value":"48","EventsOffsets":[{"offset":61000}]}]}}},{"tstore":"2023-11-13T13:54:21.541+01:00","objectState":"new","identifier":{"ident":"J1_12_233"},"data":{"attributes":{"xsi:type":"ns4:rawDataBlock"},"rawData":{"Id":"J1","timeline":{"Timestamp":"2023-11-13T13:37:00.000+01:00"},"intervalLength":1,"data":[{"Value":"12","EventsOffsets":[{"offset":0}]},{"Value":"3","EventsOffsets":[{"offset":3000}]},{"Value":"48","EventsOffsets":[{"offset":61000}]}]}}},{"tstore":"2023-11-13T13:54:21.541+01:00","objectState":"new","identifier":{"ident":"J1_12_233"},"data":{"attributes":{"xsi:type":"ns4:rawDataBlock"},"rawData":{"Id":"J1","timeline":{"Timestamp":"2023-11-13T13:39:00.000+01:00"},"intervalLength":1,"data":[{"Value":"12","EventsOffsets":[{"offset":0}]},{"Value":"3","EventsOffsets":[{"offset":3000}]},{"Value":"48","EventsOffsets":[{"offset":61000}]}]}}},{"tstore":"2023-11-13T13:54:21.541+01:00","objectState":"new","identifier":{"ident":"J1_12_233"},"data":{"attributes":{"xsi:type":"ns4:rawDataBlock"},"rawData":{"Id":"J1","timeline":{"Timestamp":"2023-11-13T13:41:00.000+01:00"},"intervalLength":1,"data":[{"Value":"12","EventsOffsets":[{"offset":0}]},{"Value":"3","EventsOffsets":[{"offset":3000}]},{"Value":"48","EventsOffsets":[{"offset":61000}]}]}}},{"tstore":"2023-11-13T13:54:21.541+01:00","objectState":"new","identifier":{"ident":"J1_12_233"},"data":{"attributes":{"xsi:type":"ns4:rawDataBlock"},"rawData":{"Id":"J1","timeline":{"Timestamp":"2023-11-13T13:43:00.000+01:00"},"intervalLength":1,"data":[{"Value":"12","EventsOffsets":[{"offset":0}]},{"Value":"3","EventsOffsets":[{"offset":3000}]},{"Value":"48","EventsOffsets":[{"offset":62000}]}]}}},{"tstore":"2023-11-13T13:54:21.541+01:00","objectState":"new","identifier":{"ident":"J1_12_233"},"data":{"attributes":{"xsi:type":"ns4:rawDataBlock"},"rawData":{"Id":"J1","timeline":{"Timestamp":"2023-11-13T13:45:01.000+01:00"},"intervalLength":1,"data":[{"Value":"12","EventsOffsets":[{"offset":0}]},{"Value":"3","EventsOffsets":[{"offset":3000}]},{"Value":"48","EventsOffsets":[{"offset":61000}]}]}}},{"tstore":"2023-11-13T13:54:21.541+01:00","objectState":"new","identifier":{"ident":"J1_12_233"},"data":{"attributes":{"xsi:type":"ns4:rawDataBlock"},"rawData":{"Id":"J1","timeline":{"Timestamp":"2023-11-13T13:47:01.000+01:00"},"intervalLength":1,"data":[{"Value":"12","EventsOffsets":[{"offset":0}]},{"Value":"3","EventsOffsets":[{"offset":3000}]},{"Value":"48","EventsOffsets":[{"offset":61000}]}]}}},{"tstore":"2023-11-13T13:54:21.541+01:00","objectState":"new","identifier":{"ident":"J1_12_233"},"data":{"attributes":{"xsi:type":"ns4:rawDataBlock"},"rawData":{"Id":"J1","timeline":{"Timestamp":"2023-11-13T13:49:01.000+01:00"},"intervalLength":1,"data":[{"Value":"12","EventsOffsets":[{"offset":0}]},{"Value":"3","EventsOffsets":[{"offset":3000}]},{"Value":"48","EventsOffsets":[{"offset":61000}]}]}}},{"tstore":"2023-11-13T13:54:21.541+01:00","objectState":"new","identifier":{"ident":"J1_12_233"},"data":{"attributes":{"xsi:type":"ns4:rawDataBlock"},"rawData":{"Id":"J1","timeline":{"Timestamp":"2023-11-13T13:51:01.000+01:00"},"intervalLength":1,"data":[{"Value":"12","EventsOffsets":[{"offset":0}]},{"Value":"3","EventsOffsets":[{"offset":3000}]},{"Value":"48","EventsOffsets":[{"offset":61000}]}]}}},{"tstore":"2023-11-13T13:54:21.541+01:00","objectState":"new","identifier":{"ident":"J1_12_233"},"data":{"attributes":{"xsi:type":"ns4:rawDataBlock"},"rawData":{"Id":"J1","timeline":{"Timestamp":"2023-11-13T13:53:01.000+01:00"},"intervalLength":1,"data":[{"Value":"12","EventsOffsets":[{"offset":0}]},{"Value":"3","EventsOffsets":[{"offset":3000}]},{"Value":"48","EventsOffsets":[{"offset":61000}]}]}}},{"tstore":"2023-11-13T13:54:21.541+01:00","objectState":"new","identifier":{"ident":"J1_12_233"},"data":{"attributes":{"xsi:type":"ns4:rawDataBlock"},"rawData":{"Id":"J4","timeline":{"Timestamp":"2023-11-13T12:55:47.000+01:00"},"intervalLength":1,"data":[{"Value":"12","EventsOffsets":[{"offset":7000}]},{"Value":"3","EventsOffsets":[{"offset":10000}]},{"Value":"48","EventsOffsets":[{"offset":0}]}]}}},{"tstore":"2023-11-13T13:54:21.541+01:00","objectState":"new","identifier":{"ident":"J1_12_233"},"data":{"attributes":{"xsi:type":"ns4:rawDataBlock"},"rawData":{"Id":"J4","timeline":{"Timestamp":"2023-11-13T12:57:47.000+01:00"},"intervalLength":1,"data":[{"Value":"12","EventsOffsets":[{"offset":7000}]},{"Value":"3","EventsOffsets":[{"offset":10000}]},{"Value":"48","EventsOffsets":[{"offset":0}]}]}}},{"tstore":"2023-11-13T13:54:21.541+01:00","objectState":"new","identifier":{"ident":"J1_12_233"},"data":{"attributes":{"xsi:type":"ns4:rawDataBlock"},"rawData":{"Id":"J4","timeline":{"Timestamp":"2023-11-13T12:59:47.000+01:00"},"intervalLength":1,"data":[{"Value":"12","EventsOffsets":[{"offset":7000}]},{"Value":"3","EventsOffsets":[{"offset":10000}]},{"Value":"48","EventsOffsets":[{"offset":0}]}]}}},{"tstore":"2023-11-13T13:54:21.541+01:00","objectState":"new","identifier":{"ident":"J1_12_233"},"data":{"attributes":{"xsi:type":"ns4:rawDataBlock"},"rawData":{"Id":"J4","timeline":{"Timestamp":"2023-11-13T13:01:47.000+01:00"},"intervalLength":1,"data":[{"Value":"12","EventsOffsets":[{"offset":7000}]},{"Value":"3","EventsOffsets":[{"offset":10000}]},{"Value":"48","EventsOffsets":[{"offset":0}]}]}}},{"tstore":"2023-11-13T13:54:21.541+01:00","objectState":"new","identifier":{"ident":"J1_12_233"},"data":{"attributes":{"xsi:type":"ns4:rawDataBlock"},"rawData":{"Id":"J4","timeline":{"Timestamp":"2023-11-13T13:03:46.000+01:00"},"intervalLength":1,"data":[{"Value":"12","EventsOffsets":[{"offset":7000}]},{"Value":"3","EventsOffsets":[{"offset":10000}]},{"Value":"48","EventsOffsets":[{"offset":0}]}]}}},{"tstore":"2023-11-13T13:54:21.541+01:00","objectState":"new","identifier":{"ident":"J1_12_233"},"data":{"attributes":{"xsi:type":"ns4:rawDataBlock"},"rawData":{"Id":"J4","timeline":{"Timestamp":"2023-11-13T13:05:46.000+01:00"},"intervalLength":1,"data":[{"Value":"12","EventsOffsets":[{"offset":7000}]},{"Value":"3","EventsOffsets":[{"offset":10000}]},{"Value":"48","EventsOffsets":[{"offset":0}]}]}}},{"tstore":"2023-11-13T13:54:21.541+01:00","objectState":"new","identifier":{"ident":"J1_12_233"},"data":{"attributes":{"xsi:type":"ns4:rawDataBlock"},"rawData":{"Id":"J4","timeline":{"Timestamp":"2023-11-13T13:07:46.000+01:00"},"intervalLength":1,"data":[{"Value":"12","EventsOffsets":[{"offset":7000}]},{"Value":"3","EventsOffsets":[{"offset":10000}]},{"Value":"48","EventsOffsets":[{"offset":0}]}]}}},{"tstore":"2023-11-13T13:54:21.541+01:00","objectState":"new","identifier":{"ident":"J1_12_233"},"data":{"attributes":{"xsi:type":"ns4:rawDataBlock"},"rawData":{"Id":"J4","timeline":{"Timestamp":"2023-11-13T13:09:46.000+01:00"},"intervalLength":1,"data":[{"Value":"12","EventsOffsets":[{"offset":7000}]},{"Value":"3","EventsOffsets":[{"offset":10000}]},{"Value":"48","EventsOffsets":[{"offset":0}]}]}}},{"tstore":"2023-11-13T13:54:21.541+01:00","objectState":"new","identifier":{"ident":"J1_12_233"},"data":{"attributes":{"xsi:type":"ns4:rawDataBlock"},"rawData":{"Id":"J4","timeline":{"Timestamp":"2023-11-13T13:11:46.000+01:00"},"intervalLength":1,"data":[{"Value":"12","EventsOffsets":[{"offset":7000}]},{"Value":"3","EventsOffsets":[{"offset":10000}]},{"Value":"48","EventsOffsets":[{"offset":0}]}]}}},{"tstore":"2023-11-13T13:54:21.541+01:00","objectState":"new","identifier":{"ident":"J1_12_233"},"data":{"attributes":{"xsi:type":"ns4:rawDataBlock"},"rawData":{"Id":"J4","timeline":{"Timestamp":"2023-11-13T13:13:46.000+01:00"},"intervalLength":1,"data":[{"Value":"12","EventsOffsets":[{"offset":7000}]},{"Value":"3","EventsOffsets":[{"offset":10000}]},{"Value":"48","EventsOffsets":[{"offset":0}]}]}}},{"tstore":"2023-11-13T13:54:21.541+01:00","objectState":"new","identifier":{"ident":"J1_12_233"},"data":{"attributes":{"xsi:type":"ns4:rawDataBlock"},"rawData":{"Id":"J4","timeline":{"Timestamp":"2023-11-13T13:15:46.000+01:00"},"intervalLength":1,"data":[{"Value":"12","EventsOffsets":[{"offset":7000}]},{"Value":"3","EventsOffsets":[{"offset":10000}]},{"Value":"48","EventsOffsets":[{"offset":0}]}]}}},{"tstore":"2023-11-13T13:54:21.541+01:00","objectState":"new","identifier":{"ident":"J1_12_233"},"data":{"attributes":{"xsi:type":"ns4:rawDataBlock"},"rawData":{"Id":"J4","timeline":{"Timestamp":"2023-11-13T13:17:46.000+01:00"},"intervalLength":1,"data":[{"Value":"12","EventsOffsets":[{"offset":7000}]},{"Value":"3","EventsOffsets":[{"offset":10000}]},{"Value":"48","EventsOffsets":[{"offset":0}]}]}}},{"tstore":"2023-11-13T13:54:21.541+01:00","objectState":"new","identifier":{"ident":"J1_12_233"},"data":{"attributes":{"xsi:type":"ns4:rawDataBlock"},"rawData":{"Id":"J4","timeline":{"Timestamp":"2023-11-13T13:19:47.000+01:00"},"intervalLength":1,"data":[{"Value":"12","EventsOffsets":[{"offset":7000}]},{"Value":"3","EventsOffsets":[{"offset":10000}]},{"Value":"48","EventsOffsets":[{"offset":0}]}]}}},{"tstore":"2023-11-13T13:54:21.541+01:00","objectState":"new","identifier":{"ident":"J1_12_233"},"data":{"attributes":{"xsi:type":"ns4:rawDataBlock"},"rawData":{"Id":"J4","timeline":{"Timestamp":"2023-11-13T13:21:47.000+01:00"},"intervalLength":1,"data":[{"Value":"12","EventsOffsets":[{"offset":7000}]},{"Value":"3","EventsOffsets":[{"offset":10000}]},{"Value":"48","EventsOffsets":[{"offset":0}]}]}}},{"tstore":"2023-11-13T13:54:21.541+01:00","objectState":"new","identifier":{"ident":"J1_12_233"},"data":{"attributes":{"xsi:type":"ns4:rawDataBlock"},"rawData":{"Id":"J4","timeline":{"Timestamp":"2023-11-13T13:23:47.000+01:00"},"intervalLength":1,"data":[{"Value":"12","EventsOffsets":[{"offset":7000}]},{"Value":"3","EventsOffsets":[{"offset":10000}]},{"Value":"48","EventsOffsets":[{"offset":0}]}]}}},{"tstore":"2023-11-13T13:54:21.541+01:00","objectState":"new","identifier":{"ident":"J1_12_233"},"data":{"attributes":{"xsi:type":"ns4:rawDataBlock"},"rawData":{"Id":"J4","timeline":{"Timestamp":"2023-11-13T13:25:47.000+01:00"},"intervalLength":1,"data":[{"Value":"12","EventsOffsets":[{"offset":7000}]},{"Value":"3","EventsOffsets":[{"offset":10000}]},{"Value":"48","EventsOffsets":[{"offset":0}]}]}}},{"tstore":"2023-11-13T13:54:21.541+01:00","objectState":"new","identifier":{"ident":"J1_12_233"},"data":{"attributes":{"xsi:type":"ns4:rawDataBlock"},"rawData":{"Id":"J4","timeline":{"Timestamp":"2023-11-13T13:27:46.000+01:00"},"intervalLength":1,"data":[{"Value":"12","EventsOffsets":[{"offset":7000}]},{"Value":"3","EventsOffsets":[{"offset":10000}]},{"Value":"48","EventsOffsets":[{"offset":0}]}]}}},{"tstore":"2023-11-13T13:54:21.541+01:00","objectState":"new","identifier":{"ident":"J1_12_233"},"data":{"attributes":{"xsi:type":"ns4:rawDataBlock"},"rawData":{"Id":"J4","timeline":{"Timestamp":"2023-11-13T13:29:46.000+01:00"},"intervalLength":1,"data":[{"Value":"12","EventsOffsets":[{"offset":7000}]},{"Value":"3","EventsOffsets":[{"offset":10000}]},{"Value":"48","EventsOffsets":[{"offset":0}]}]}}},{"tstore":"2023-11-13T13:54:21.541+01:00","objectState":"new","identifier":{"ident":"J1_12_233"},"data":{"attributes":{"xsi:type":"ns4:rawDataBlock"},"rawData":{"Id":"J4","timeline":{"Timestamp":"2023-11-13T13:31:46.000+01:00"},"intervalLength":1,"data":[{"Value":"12","EventsOffsets":[{"offset":7000}]},{"Value":"3","EventsOffsets":[{"offset":10000}]},{"Value":"48","EventsOffsets":[{"offset":0}]}]}}},{"tstore":"2023-11-13T13:54:21.541+01:00","objectState":"new","identifier":{"ident":"J1_12_233"},"data":{"attributes":{"xsi:type":"ns4:rawDataBlock"},"rawData":{"Id":"J4","timeline":{"Timestamp":"2023-11-13T13:33:46.000+01:00"},"intervalLength":1,"data":[{"Value":"12","EventsOffsets":[{"offset":7000}]},{"Value":"3","EventsOffsets":[{"offset":10000}]},{"Value":"48","EventsOffsets":[{"offset":0}]}]}}},{"tstore":"2023-11-13T13:54:21.541+01:00","objectState":"new","identifier":{"ident":"J1_12_233"},"data":{"attributes":{"xsi:type":"ns4:rawDataBlock"},"rawData":{"Id":"J4","timeline":{"Timestamp":"2023-11-13T13:35:46.000+01:00"},"intervalLength":1,"data":[{"Value":"12","EventsOffsets":[{"offset":7000}]},{"Value":"3","EventsOffsets":[{"offset":10000}]},{"Value":"48","EventsOffsets":[{"offset":0}]}]}}},{"tstore":"2023-11-13T13:54:21.541+01:00","objectState":"new","identifier":{"ident":"J1_12_233"},"data":{"attributes":{"xsi:type":"ns4:rawDataBlock"},"rawData":{"Id":"J4","timeline":{"Timestamp":"2023-11-13T13:37:46.000+01:00"},"intervalLength":1,"data":[{"Value":"12","EventsOffsets":[{"offset":7000}]},{"Value":"3","EventsOffsets":[{"offset":10000}]},{"Value":"48","EventsOffsets":[{"offset":0}]}]}}},{"tstore":"2023-11-13T13:54:21.541+01:00","objectState":"new","identifier":{"ident":"J1_12_233"},"data":{"attributes":{"xsi:type":"ns4:rawDataBlock"},"rawData":{"Id":"J4","timeline":{"Timestamp":"2023-11-13T13:39:46.000+01:00"},"intervalLength":1,"data":[{"Value":"12","EventsOffsets":[{"offset":7000}]},{"Value":"3","EventsOffsets":[{"offset":10000}]},{"Value":"48","EventsOffsets":[{"offset":0}]}]}}},{"tstore":"2023-11-13T13:54:21.541+01:00","objectState":"new","identifier":{"ident":"J1_12_233"},"data":{"attributes":{"xsi:type":"ns4:rawDataBlock"},"rawData":{"Id":"J4","timeline":{"Timestamp":"2023-11-13T13:41:46.000+01:00"},"intervalLength":1,"data":[{"Value":"12","EventsOffsets":[{"offset":7000}]},{"Value":"3","EventsOffsets":[{"offset":10000}]},{"Value":"48","EventsOffsets":[{"offset":0}]}]}}},{"tstore":"2023-11-13T13:54:21.541+01:00","objectState":"new","identifier":{"ident":"J1_12_233"},"data":{"attributes":{"xsi:type":"ns4:rawDataBlock"},"rawData":{"Id":"J4","timeline":{"Timestamp":"2023-11-13T13:43:47.000+01:00"},"intervalLength":1,"data":[{"Value":"12","EventsOffsets":[{"offset":7000}]},{"Value":"3","EventsOffsets":[{"offset":10000}]},{"Value":"48","EventsOffsets":[{"offset":0}]}]}}},{"tstore":"2023-11-13T13:54:21.541+01:00","objectState":"new","identifier":{"ident":"J1_12_233"},"data":{"attributes":{"xsi:type":"ns4:rawDataBlock"},"rawData":{"Id":"J4","timeline":{"Timestamp":"2023-11-13T13:45:47.000+01:00"},"intervalLength":1,"data":[{"Value":"12","EventsOffsets":[{"offset":7000}]},{"Value":"3","EventsOffsets":[{"offset":10000}]},{"Value":"48","EventsOffsets":[{"offset":0}]}]}}},{"tstore":"2023-11-13T13:54:21.541+01:00","objectState":"new","identifier":{"ident":"J1_12_233"},"data":{"attributes":{"xsi:type":"ns4:rawDataBlock"},"rawData":{"Id":"J4","timeline":{"Timestamp":"2023-11-13T13:47:47.000+01:00"},"intervalLength":1,"data":[{"Value":"12","EventsOffsets":[{"offset":7000}]},{"Value":"3","EventsOffsets":[{"offset":10000}]},{"Value":"48","EventsOffsets":[{"offset":0}]}]}}},{"tstore":"2023-11-13T13:54:21.541+01:00","objectState":"new","identifier":{"ident":"J1_12_233"},"data":{"attributes":{"xsi:type":"ns4:rawDataBlock"},"rawData":{"Id":"J4","timeline":{"Timestamp":"2023-11-13T13:49:47.000+01:00"},"intervalLength":1,"data":[{"Value":"12","EventsOffsets":[{"offset":7000}]},{"Value":"3","EventsOffsets":[{"offset":10000}]},{"Value":"48","EventsOffsets":[{"offset":0}]}]}}},{"tstore":"2023-11-13T13:54:21.541+01:00","objectState":"new","identifier":{"ident":"J1_12_233"},"data":{"attributes":{"xsi:type":"ns4:rawDataBlock"},"rawData":{"Id":"J4","timeline":{"Timestamp":"2023-11-13T13:51:47.000+01:00"},"intervalLength":1,"data":[{"Value":"12","EventsOffsets":[{"offset":7000}]},{"Value":"3","EventsOffsets":[{"offset":10000}]},{"Value":"48","EventsOffsets":[{"offset":0}]}]}}},{"tstore":"2023-11-13T13:54:21.541+01:00","objectState":"new","identifier":{"ident":"J1_12_233"},"data":{"attributes":{"xsi:type":"ns4:rawDataBlock"},"rawData":{"Id":"J4","timeline":{"Timestamp":"2023-11-13T13:53:47.000+01:00"},"intervalLength":1,"data":[{"Value":"12","EventsOffsets":[{"offset":7000}]},{"Value":"3","EventsOffsets":[{"offset":10000}]},{"Value":"48","EventsOffsets":[{"offset":0}]}]}}},{"tstore":"2023-11-13T13:54:21.541+01:00","objectState":"new","identifier":{"ident":"J1_12_233"},"data":{"attributes":{"xsi:type":"ns4:rawDataBlock"},"rawData":{"Id":"J3","timeline":{"Timestamp":"2023-11-13T12:55:18.000+01:00"},"intervalLength":1,"data":[{"Value":"12","EventsOffsets":[{"offset":0}]},{"Value":"3","EventsOffsets":[{"offset":3000}]},{"Value":"48","EventsOffsets":[{"offset":42000}]}]}}},{"tstore":"2023-11-13T13:54:21.541+01:00","objectState":"new","identifier":{"ident":"J1_12_233"},"data":{"attributes":{"xsi:type":"ns4:rawDataBlock"},"rawData":{"Id":"J3","timeline":{"Timestamp":"2023-11-13T12:57:18.000+01:00"},"intervalLength":1,"data":[{"Value":"12","EventsOffsets":[{"offset":0}]},{"Value":"3","EventsOffsets":[{"offset":3000}]},{"Value":"48","EventsOffsets":[{"offset":42000}]}]}}},{"tstore":"2023-11-13T13:54:21.541+01:00","objectState":"new","identifier":{"ident":"J1_12_233"},"data":{"attributes":{"xsi:type":"ns4:rawDataBlock"},"rawData":{"Id":"J3","timeline":{"Timestamp":"2023-11-13T12:59:18.000+01:00"},"intervalLength":1,"data":[{"Value":"12","EventsOffsets":[{"offset":0}]},{"Value":"3","EventsOffsets":[{"offset":3000}]},{"Value":"48","EventsOffsets":[{"offset":42000}]}]}}},{"tstore":"2023-11-13T13:54:21.541+01:00","objectState":"new","identifier":{"ident":"J1_12_233"},"data":{"attributes":{"xsi:type":"ns4:rawDataBlock"},"rawData":{"Id":"J3","timeline":{"Timestamp":"2023-11-13T13:01:18.000+01:00"},"intervalLength":1,"data":[{"Value":"12","EventsOffsets":[{"offset":0}]},{"Value":"3","EventsOffsets":[{"offset":3000}]},{"Value":"48","EventsOffsets":[{"offset":42000}]}]}}},{"tstore":"2023-11-13T13:54:21.541+01:00","objectState":"new","identifier":{"ident":"J1_12_233"},"data":{"attributes":{"xsi:type":"ns4:rawDataBlock"},"rawData":{"Id":"J3","timeline":{"Timestamp":"2023-11-13T13:03:17.000+01:00"},"intervalLength":1,"data":[{"Value":"12","EventsOffsets":[{"offset":0}]},{"Value":"3","EventsOffsets":[{"offset":3000}]},{"Value":"48","EventsOffsets":[{"offset":42000}]}]}}},{"tstore":"2023-11-13T13:54:21.541+01:00","objectState":"new","identifier":{"ident":"J1_12_233"},"data":{"attributes":{"xsi:type":"ns4:rawDataBlock"},"rawData":{"Id":"J3","timeline":{"Timestamp":"2023-11-13T13:05:17.000+01:00"},"intervalLength":1,"data":[{"Value":"12","EventsOffsets":[{"offset":0}]},{"Value":"3","EventsOffsets":[{"offset":3000}]},{"Value":"48","EventsOffsets":[{"offset":42000}]}]}}},{"tstore":"2023-11-13T13:54:21.541+01:00","objectState":"new","identifier":{"ident":"J1_12_233"},"data":{"attributes":{"xsi:type":"ns4:rawDataBlock"},"rawData":{"Id":"J3","timeline":{"Timestamp":"2023-11-13T13:07:17.000+01:00"},"intervalLength":1,"data":[{"Value":"12","EventsOffsets":[{"offset":0}]},{"Value":"3","EventsOffsets":[{"offset":3000}]},{"Value":"48","EventsOffsets":[{"offset":42000}]}]}}},{"tstore":"2023-11-13T13:54:21.541+01:00","objectState":"new","identifier":{"ident":"J1_12_233"},"data":{"attributes":{"xsi:type":"ns4:rawDataBlock"},"rawData":{"Id":"J3","timeline":{"Timestamp":"2023-11-13T13:09:17.000+01:00"},"intervalLength":1,"data":[{"Value":"12","EventsOffsets":[{"offset":0}]},{"Value":"3","EventsOffsets":[{"offset":3000}]},{"Value":"48","EventsOffsets":[{"offset":42000}]}]}}},{"tstore":"2023-11-13T13:54:21.541+01:00","objectState":"new","identifier":{"ident":"J1_12_233"},"data":{"attributes":{"xsi:type":"ns4:rawDataBlock"},"rawData":{"Id":"J3","timeline":{"Timestamp":"2023-11-13T13:11:17.000+01:00"},"intervalLength":1,"data":[{"Value":"12","EventsOffsets":[{"offset":0}]},{"Value":"3","EventsOffsets":[{"offset":3000}]},{"Value":"48","EventsOffsets":[{"offset":42000}]}]}}},{"tstore":"2023-11-13T13:54:21.541+01:00","objectState":"new","identifier":{"ident":"J1_12_233"},"data":{"attributes":{"xsi:type":"ns4:rawDataBlock"},"rawData":{"Id":"J3","timeline":{"Timestamp":"2023-11-13T13:13:17.000+01:00"},"intervalLength":1,"data":[{"Value":"12","EventsOffsets":[{"offset":0}]},{"Value":"3","EventsOffsets":[{"offset":3000}]},{"Value":"48","EventsOffsets":[{"offset":42000}]}]}}},{"tstore":"2023-11-13T13:54:21.541+01:00","objectState":"new","identifier":{"ident":"J1_12_233"},"data":{"attributes":{"xsi:type":"ns4:rawDataBlock"},"rawData":{"Id":"J3","timeline":{"Timestamp":"2023-11-13T13:15:17.000+01:00"},"intervalLength":1,"data":[{"Value":"12","EventsOffsets":[{"offset":0}]},{"Value":"3","EventsOffsets":[{"offset":3000}]},{"Value":"48","EventsOffsets":[{"offset":42000}]}]}}},{"tstore":"2023-11-13T13:54:21.541+01:00","objectState":"new","identifier":{"ident":"J1_12_233"},"data":{"attributes":{"xsi:type":"ns4:rawDataBlock"},"rawData":{"Id":"J3","timeline":{"Timestamp":"2023-11-13T13:17:17.000+01:00"},"intervalLength":1,"data":[{"Value":"12","EventsOffsets":[{"offset":0}]},{"Value":"3","EventsOffsets":[{"offset":3000}]},{"Value":"48","EventsOffsets":[{"offset":42000}]}]}}},{"tstore":"2023-11-13T13:54:21.541+01:00","objectState":"new","identifier":{"ident":"J1_12_233"},"data":{"attributes":{"xsi:type":"ns4:rawDataBlock"},"rawData":{"Id":"J3","timeline":{"Timestamp":"2023-11-13T13:19:18.000+01:00"},"intervalLength":1,"data":[{"Value":"12","EventsOffsets":[{"offset":0}]},{"Value":"3","EventsOffsets":[{"offset":3000}]},{"Value":"48","EventsOffsets":[{"offset":42000}]}]}}},{"tstore":"2023-11-13T13:54:21.541+01:00","objectState":"new","identifier":{"ident":"J1_12_233"},"data":{"attributes":{"xsi:type":"ns4:rawDataBlock"},"rawData":{"Id":"J3","timeline":{"Timestamp":"2023-11-13T13:21:18.000+01:00"},"intervalLength":1,"data":[{"Value":"12","EventsOffsets":[{"offset":0}]},{"Value":"3","EventsOffsets":[{"offset":3000}]},{"Value":"48","EventsOffsets":[{"offset":42000}]}]}}},{"tstore":"2023-11-13T13:54:21.541+01:00","objectState":"new","identifier":{"ident":"J1_12_233"},"data":{"attributes":{"xsi:type":"ns4:rawDataBlock"},"rawData":{"Id":"J3","timeline":{"Timestamp":"2023-11-13T13:23:18.000+01:00"},"intervalLength":1,"data":[{"Value":"12","EventsOffsets":[{"offset":0}]},{"Value":"3","EventsOffsets":[{"offset":3000}]},{"Value":"48","EventsOffsets":[{"offset":42000}]}]}}},{"tstore":"2023-11-13T13:54:21.541+01:00","objectState":"new","identifier":{"ident":"J1_12_233"},"data":{"attributes":{"xsi:type":"ns4:rawDataBlock"},"rawData":{"Id":"J3","timeline":{"Timestamp":"2023-11-13T13:25:18.000+01:00"},"intervalLength":1,"data":[{"Value":"12","EventsOffsets":[{"offset":0}]},{"Value":"3","EventsOffsets":[{"offset":3000}]},{"Value":"48","EventsOffsets":[{"offset":42000}]}]}}},{"tstore":"2023-11-13T13:54:21.541+01:00","objectState":"new","identifier":{"ident":"J1_12_233"},"data":{"attributes":{"xsi:type":"ns4:rawDataBlock"},"rawData":{"Id":"J3","timeline":{"Timestamp":"2023-11-13T13:27:17.000+01:00"},"intervalLength":1,"data":[{"Value":"12","EventsOffsets":[{"offset":0}]},{"Value":"3","EventsOffsets":[{"offset":3000}]},{"Value":"48","EventsOffsets":[{"offset":42000}]}]}}},{"tstore":"2023-11-13T13:54:21.541+01:00","objectState":"new","identifier":{"ident":"J1_12_233"},"data":{"attributes":{"xsi:type":"ns4:rawDataBlock"},"rawData":{"Id":"J3","timeline":{"Timestamp":"2023-11-13T13:29:17.000+01:00"},"intervalLength":1,"data":[{"Value":"12","EventsOffsets":[{"offset":0}]},{"Value":"3","EventsOffsets":[{"offset":3000}]},{"Value":"48","EventsOffsets":[{"offset":42000}]}]}}},{"tstore":"2023-11-13T13:54:21.541+01:00","objectState":"new","identifier":{"ident":"J1_12_233"},"data":{"attributes":{"xsi:type":"ns4:rawDataBlock"},"rawData":{"Id":"J3","timeline":{"Timestamp":"2023-11-13T13:31:17.000+01:00"},"intervalLength":1,"data":[{"Value":"12","EventsOffsets":[{"offset":0}]},{"Value":"3","EventsOffsets":[{"offset":3000}]},{"Value":"48","EventsOffsets":[{"offset":42000}]}]}}},{"tstore":"2023-11-13T13:54:21.541+01:00","objectState":"new","identifier":{"ident":"J1_12_233"},"data":{"attributes":{"xsi:type":"ns4:rawDataBlock"},"rawData":{"Id":"J3","timeline":{"Timestamp":"2023-11-13T13:33:17.000+01:00"},"intervalLength":1,"data":[{"Value":"12","EventsOffsets":[{"offset":0}]},{"Value":"3","EventsOffsets":[{"offset":3000}]},{"Value":"48","EventsOffsets":[{"offset":42000}]}]}}},{"tstore":"2023-11-13T13:54:21.541+01:00","objectState":"new","identifier":{"ident":"J1_12_233"},"data":{"attributes":{"xsi:type":"ns4:rawDataBlock"},"rawData":{"Id":"J3","timeline":{"Timestamp":"2023-11-13T13:35:17.000+01:00"},"intervalLength":1,"data":[{"Value":"12","EventsOffsets":[{"offset":0}]},{"Value":"3","EventsOffsets":[{"offset":3000}]},{"Value":"48","EventsOffsets":[{"offset":42000}]}]}}},{"tstore":"2023-11-13T13:54:21.541+01:00","objectState":"new","identifier":{"ident":"J1_12_233"},"data":{"attributes":{"xsi:type":"ns4:rawDataBlock"},"rawData":{"Id":"J3","timeline":{"Timestamp":"2023-11-13T13:37:17.000+01:00"},"intervalLength":1,"data":[{"Value":"12","EventsOffsets":[{"offset":0}]},{"Value":"3","EventsOffsets":[{"offset":3000}]},{"Value":"48","EventsOffsets":[{"offset":42000}]}]}}},{"tstore":"2023-11-13T13:54:21.541+01:00","objectState":"new","identifier":{"ident":"J1_12_233"},"data":{"attributes":{"xsi:type":"ns4:rawDataBlock"},"rawData":{"Id":"J3","timeline":{"Timestamp":"2023-11-13T13:39:17.000+01:00"},"intervalLength":1,"data":[{"Value":"12","EventsOffsets":[{"offset":0}]},{"Value":"3","EventsOffsets":[{"offset":3000}]},{"Value":"48","EventsOffsets":[{"offset":42000}]}]}}},{"tstore":"2023-11-13T13:54:21.541+01:00","objectState":"new","identifier":{"ident":"J1_12_233"},"data":{"attributes":{"xsi:type":"ns4:rawDataBlock"},"rawData":{"Id":"J3","timeline":{"Timestamp":"2023-11-13T13:41:17.000+01:00"},"intervalLength":1,"data":[{"Value":"12","EventsOffsets":[{"offset":0}]},{"Value":"3","EventsOffsets":[{"offset":3000}]},{"Value":"48","EventsOffsets":[{"offset":42000}]}]}}},{"tstore":"2023-11-13T13:54:21.541+01:00","objectState":"new","identifier":{"ident":"J1_12_233"},"data":{"attributes":{"xsi:type":"ns4:rawDataBlock"},"rawData":{"Id":"J3","timeline":{"Timestamp":"2023-11-13T13:43:18.000+01:00"},"intervalLength":1,"data":[{"Value":"12","EventsOffsets":[{"offset":0}]},{"Value":"3","EventsOffsets":[{"offset":3000}]},{"Value":"48","EventsOffsets":[{"offset":42000}]}]}}},{"tstore":"2023-11-13T13:54:21.541+01:00","objectState":"new","identifier":{"ident":"J1_12_233"},"data":{"attributes":{"xsi:type":"ns4:rawDataBlock"},"rawData":{"Id":"J3","timeline":{"Timestamp":"2023-11-13T13:45:18.000+01:00"},"intervalLength":1,"data":[{"Value":"12","EventsOffsets":[{"offset":0}]},{"Value":"3","EventsOffsets":[{"offset":3000}]},{"Value":"48","EventsOffsets":[{"offset":42000}]}]}}},{"tstore":"2023-11-13T13:54:21.541+01:00","objectState":"new","identifier":{"ident":"J1_12_233"},"data":{"attributes":{"xsi:type":"ns4:rawDataBlock"},"rawData":{"Id":"J3","timeline":{"Timestamp":"2023-11-13T13:47:18.000+01:00"},"intervalLength":1,"data":[{"Value":"12","EventsOffsets":[{"offset":0}]},{"Value":"3","EventsOffsets":[{"offset":3000}]},{"Value":"48","EventsOffsets":[{"offset":42000}]}]}}},{"tstore":"2023-11-13T13:54:21.541+01:00","objectState":"new","identifier":{"ident":"J1_12_233"},"data":{"attributes":{"xsi:type":"ns4:rawDataBlock"},"rawData":{"Id":"J3","timeline":{"Timestamp":"2023-11-13T13:49:18.000+01:00"},"intervalLength":1,"data":[{"Value":"12","EventsOffsets":[{"offset":0}]},{"Value":"3","EventsOffsets":[{"offset":3000}]},{"Value":"48","EventsOffsets":[{"offset":42000}]}]}}},{"tstore":"2023-11-13T13:54:21.541+01:00","objectState":"new","identifier":{"ident":"J1_12_233"},"data":{"attributes":{"xsi:type":"ns4:rawDataBlock"},"rawData":{"Id":"J3","timeline":{"Timestamp":"2023-11-13T13:51:18.000+01:00"},"intervalLength":1,"data":[{"Value":"12","EventsOffsets":[{"offset":0}]},{"Value":"3","EventsOffsets":[{"offset":3000}]},{"Value":"48","EventsOffsets":[{"offset":42000}]}]}}},{"tstore":"2023-11-13T13:54:21.541+01:00","objectState":"new","identifier":{"ident":"J1_12_233"},"data":{"attributes":{"xsi:type":"ns4:rawDataBlock"},"rawData":{"Id":"J3","timeline":{"Timestamp":"2023-11-13T13:53:18.000+01:00"},"intervalLength":1,"data":[{"Value":"12","EventsOffsets":[{"offset":0}]},{"Value":"3","EventsOffsets":[{"offset":3000}]},{"Value":"48","EventsOffsets":[{"offset":42000}]}]}}},{"tstore":"2023-11-13T13:54:21.541+01:00","objectState":"new","identifier":{"ident":"J1_12_233"},"data":{"attributes":{"xsi:type":"ns4:rawDataBlock"},"rawData":{"Id":"J6","timeline":{"Timestamp":"2023-11-13T12:55:16.000+01:00"},"intervalLength":1,"data":[{"Value":"3","EventsOffsets":[{"offset":0}]},{"Value":"48","EventsOffsets":[{"offset":42000}]}]}}},{"tstore":"2023-11-13T13:54:21.541+01:00","objectState":"new","identifier":{"ident":"J1_12_233"},"data":{"attributes":{"xsi:type":"ns4:rawDataBlock"},"rawData":{"Id":"J6","timeline":{"Timestamp":"2023-11-13T12:57:16.000+01:00"},"intervalLength":1,"data":[{"Value":"3","EventsOffsets":[{"offset":0}]},{"Value":"48","EventsOffsets":[{"offset":42000}]}]}}},{"tstore":"2023-11-13T13:54:21.541+01:00","objectState":"new","identifier":{"ident":"J1_12_233"},"data":{"attributes":{"xsi:type":"ns4:rawDataBlock"},"rawData":{"Id":"J6","timeline":{"Timestamp":"2023-11-13T12:59:16.000+01:00"},"intervalLength":1,"data":[{"Value":"3","EventsOffsets":[{"offset":0}]},{"Value":"48","EventsOffsets":[{"offset":42000}]}]}}},{"tstore":"2023-11-13T13:54:21.541+01:00","objectState":"new","identifier":{"ident":"J1_12_233"},"data":{"attributes":{"xsi:type":"ns4:rawDataBlock"},"rawData":{"Id":"J6","timeline":{"Timestamp":"2023-11-13T13:01:16.000+01:00"},"intervalLength":1,"data":[{"Value":"3","EventsOffsets":[{"offset":0}]},{"Value":"48","EventsOffsets":[{"offset":42000}]}]}}},{"tstore":"2023-11-13T13:54:21.541+01:00","objectState":"new","identifier":{"ident":"J1_12_233"},"data":{"attributes":{"xsi:type":"ns4:rawDataBlock"},"rawData":{"Id":"J6","timeline":{"Timestamp":"2023-11-13T13:03:15.000+01:00"},"intervalLength":1,"data":[{"Value":"3","EventsOffsets":[{"offset":0}]},{"Value":"48","EventsOffsets":[{"offset":42000}]}]}}},{"tstore":"2023-11-13T13:54:21.541+01:00","objectState":"new","identifier":{"ident":"J1_12_233"},"data":{"attributes":{"xsi:type":"ns4:rawDataBlock"},"rawData":{"Id":"J6","timeline":{"Timestamp":"2023-11-13T13:05:15.000+01:00"},"intervalLength":1,"data":[{"Value":"3","EventsOffsets":[{"offset":0}]},{"Value":"48","EventsOffsets":[{"offset":42000}]}]}}},{"tstore":"2023-11-13T13:54:21.541+01:00","objectState":"new","identifier":{"ident":"J1_12_233"},"data":{"attributes":{"xsi:type":"ns4:rawDataBlock"},"rawData":{"Id":"J6","timeline":{"Timestamp":"2023-11-13T13:07:15.000+01:00"},"intervalLength":1,"data":[{"Value":"3","EventsOffsets":[{"offset":0}]},{"Value":"48","EventsOffsets":[{"offset":42000}]}]}}},{"tstore":"2023-11-13T13:54:21.541+01:00","objectState":"new","identifier":{"ident":"J1_12_233"},"data":{"attributes":{"xsi:type":"ns4:rawDataBlock"},"rawData":{"Id":"J6","timeline":{"Timestamp":"2023-11-13T13:09:15.000+01:00"},"intervalLength":1,"data":[{"Value":"3","EventsOffsets":[{"offset":0}]},{"Value":"48","EventsOffsets":[{"offset":42000}]}]}}},{"tstore":"2023-11-13T13:54:21.541+01:00","objectState":"new","identifier":{"ident":"J1_12_233"},"data":{"attributes":{"xsi:type":"ns4:rawDataBlock"},"rawData":{"Id":"J6","timeline":{"Timestamp":"2023-11-13T13:11:15.000+01:00"},"intervalLength":1,"data":[{"Value":"3","EventsOffsets":[{"offset":0}]},{"Value":"48","EventsOffsets":[{"offset":42000}]}]}}},{"tstore":"2023-11-13T13:54:21.541+01:00","objectState":"new","identifier":{"ident":"J1_12_233"},"data":{"attributes":{"xsi:type":"ns4:rawDataBlock"},"rawData":{"Id":"J6","timeline":{"Timestamp":"2023-11-13T13:13:15.000+01:00"},"intervalLength":1,"data":[{"Value":"3","EventsOffsets":[{"offset":0}]},{"Value":"48","EventsOffsets":[{"offset":42000}]}]}}},{"tstore":"2023-11-13T13:54:21.541+01:00","objectState":"new","identifier":{"ident":"J1_12_233"},"data":{"attributes":{"xsi:type":"ns4:rawDataBlock"},"rawData":{"Id":"J6","timeline":{"Timestamp":"2023-11-13T13:15:15.000+01:00"},"intervalLength":1,"data":[{"Value":"3","EventsOffsets":[{"offset":0}]},{"Value":"48","EventsOffsets":[{"offset":42000}]}]}}},{"tstore":"2023-11-13T13:54:21.541+01:00","objectState":"new","identifier":{"ident":"J1_12_233"},"data":{"attributes":{"xsi:type":"ns4:rawDataBlock"},"rawData":{"Id":"J6","timeline":{"Timestamp":"2023-11-13T13:17:15.000+01:00"},"intervalLength":1,"data":[{"Value":"3","EventsOffsets":[{"offset":0}]},{"Value":"48","EventsOffsets":[{"offset":42000}]}]}}},{"tstore":"2023-11-13T13:54:21.541+01:00","objectState":"new","identifier":{"ident":"J1_12_233"},"data":{"attributes":{"xsi:type":"ns4:rawDataBlock"},"rawData":{"Id":"J6","timeline":{"Timestamp":"2023-11-13T13:19:16.000+01:00"},"intervalLength":1,"data":[{"Value":"3","EventsOffsets":[{"offset":0}]},{"Value":"48","EventsOffsets":[{"offset":42000}]}]}}},{"tstore":"2023-11-13T13:54:21.541+01:00","objectState":"new","identifier":{"ident":"J1_12_233"},"data":{"attributes":{"xsi:type":"ns4:rawDataBlock"},"rawData":{"Id":"J6","timeline":{"Timestamp":"2023-11-13T13:21:16.000+01:00"},"intervalLength":1,"data":[{"Value":"3","EventsOffsets":[{"offset":0}]},{"Value":"48","EventsOffsets":[{"offset":42000}]}]}}},{"tstore":"2023-11-13T13:54:21.541+01:00","objectState":"new","identifier":{"ident":"J1_12_233"},"data":{"attributes":{"xsi:type":"ns4:rawDataBlock"},"rawData":{"Id":"J6","timeline":{"Timestamp":"2023-11-13T13:23:16.000+01:00"},"intervalLength":1,"data":[{"Value":"3","EventsOffsets":[{"offset":0}]},{"Value":"48","EventsOffsets":[{"offset":42000}]}]}}},{"tstore":"2023-11-13T13:54:21.541+01:00","objectState":"new","identifier":{"ident":"J1_12_233"},"data":{"attributes":{"xsi:type":"ns4:rawDataBlock"},"rawData":{"Id":"J6","timeline":{"Timestamp":"2023-11-13T13:25:16.000+01:00"},"intervalLength":1,"data":[{"Value":"3","EventsOffsets":[{"offset":0}]},{"Value":"48","EventsOffsets":[{"offset":42000}]}]}}},{"tstore":"2023-11-13T13:54:21.541+01:00","objectState":"new","identifier":{"ident":"J1_12_233"},"data":{"attributes":{"xsi:type":"ns4:rawDataBlock"},"rawData":{"Id":"J6","timeline":{"Timestamp":"2023-11-13T13:27:15.000+01:00"},"intervalLength":1,"data":[{"Value":"3","EventsOffsets":[{"offset":0}]},{"Value":"48","EventsOffsets":[{"offset":42000}]}]}}},{"tstore":"2023-11-13T13:54:21.541+01:00","objectState":"new","identifier":{"ident":"J1_12_233"},"data":{"attributes":{"xsi:type":"ns4:rawDataBlock"},"rawData":{"Id":"J6","timeline":{"Timestamp":"2023-11-13T13:29:15.000+01:00"},"intervalLength":1,"data":[{"Value":"3","EventsOffsets":[{"offset":0}]},{"Value":"48","EventsOffsets":[{"offset":42000}]}]}}},{"tstore":"2023-11-13T13:54:21.541+01:00","objectState":"new","identifier":{"ident":"J1_12_233"},"data":{"attributes":{"xsi:type":"ns4:rawDataBlock"},"rawData":{"Id":"J6","timeline":{"Timestamp":"2023-11-13T13:31:15.000+01:00"},"intervalLength":1,"data":[{"Value":"3","EventsOffsets":[{"offset":0}]},{"Value":"48","EventsOffsets":[{"offset":42000}]}]}}},{"tstore":"2023-11-13T13:54:21.541+01:00","objectState":"new","identifier":{"ident":"J1_12_233"},"data":{"attributes":{"xsi:type":"ns4:rawDataBlock"},"rawData":{"Id":"J6","timeline":{"Timestamp":"2023-11-13T13:33:15.000+01:00"},"intervalLength":1,"data":[{"Value":"3","EventsOffsets":[{"offset":0}]},{"Value":"48","EventsOffsets":[{"offset":42000}]}]}}},{"tstore":"2023-11-13T13:54:21.541+01:00","objectState":"new","identifier":{"ident":"J1_12_233"},"data":{"attributes":{"xsi:type":"ns4:rawDataBlock"},"rawData":{"Id":"J6","timeline":{"Timestamp":"2023-11-13T13:35:15.000+01:00"},"intervalLength":1,"data":[{"Value":"3","EventsOffsets":[{"offset":0}]},{"Value":"48","EventsOffsets":[{"offset":42000}]}]}}},{"tstore":"2023-11-13T13:54:21.541+01:00","objectState":"new","identifier":{"ident":"J1_12_233"},"data":{"attributes":{"xsi:type":"ns4:rawDataBlock"},"rawData":{"Id":"J6","timeline":{"Timestamp":"2023-11-13T13:37:15.000+01:00"},"intervalLength":1,"data":[{"Value":"3","EventsOffsets":[{"offset":0}]},{"Value":"48","EventsOffsets":[{"offset":42000}]}]}}},{"tstore":"2023-11-13T13:54:21.541+01:00","objectState":"new","identifier":{"ident":"J1_12_233"},"data":{"attributes":{"xsi:type":"ns4:rawDataBlock"},"rawData":{"Id":"J6","timeline":{"Timestamp":"2023-11-13T13:39:15.000+01:00"},"intervalLength":1,"data":[{"Value":"3","EventsOffsets":[{"offset":0}]},{"Value":"48","EventsOffsets":[{"offset":42000}]}]}}},{"tstore":"2023-11-13T13:54:21.541+01:00","objectState":"new","identifier":{"ident":"J1_12_233"},"data":{"attributes":{"xsi:type":"ns4:rawDataBlock"},"rawData":{"Id":"J6","timeline":{"Timestamp":"2023-11-13T13:41:15.000+01:00"},"intervalLength":1,"data":[{"Value":"3","EventsOffsets":[{"offset":0}]},{"Value":"48","EventsOffsets":[{"offset":42000}]}]}}},{"tstore":"2023-11-13T13:54:21.541+01:00","objectState":"new","identifier":{"ident":"J1_12_233"},"data":{"attributes":{"xsi:type":"ns4:rawDataBlock"},"rawData":{"Id":"J6","timeline":{"Timestamp":"2023-11-13T13:43:16.000+01:00"},"intervalLength":1,"data":[{"Value":"3","EventsOffsets":[{"offset":0}]},{"Value":"48","EventsOffsets":[{"offset":42000}]}]}}},{"tstore":"2023-11-13T13:54:21.541+01:00","objectState":"new","identifier":{"ident":"J1_12_233"},"data":{"attributes":{"xsi:type":"ns4:rawDataBlock"},"rawData":{"Id":"J6","timeline":{"Timestamp":"2023-11-13T13:45:16.000+01:00"},"intervalLength":1,"data":[{"Value":"3","EventsOffsets":[{"offset":0}]},{"Value":"48","EventsOffsets":[{"offset":42000}]}]}}},{"tstore":"2023-11-13T13:54:21.541+01:00","objectState":"new","identifier":{"ident":"J1_12_233"},"data":{"attributes":{"xsi:type":"ns4:rawDataBlock"},"rawData":{"Id":"J6","timeline":{"Timestamp":"2023-11-13T13:47:16.000+01:00"},"intervalLength":1,"data":[{"Value":"3","EventsOffsets":[{"offset":0}]},{"Value":"48","EventsOffsets":[{"offset":42000}]}]}}},{"tstore":"2023-11-13T13:54:21.541+01:00","objectState":"new","identifier":{"ident":"J1_12_233"},"data":{"attributes":{"xsi:type":"ns4:rawDataBlock"},"rawData":{"Id":"J6","timeline":{"Timestamp":"2023-11-13T13:49:16.000+01:00"},"intervalLength":1,"data":[{"Value":"3","EventsOffsets":[{"offset":0}]},{"Value":"48","EventsOffsets":[{"offset":42000}]}]}}},{"tstore":"2023-11-13T13:54:21.541+01:00","objectState":"new","identifier":{"ident":"J1_12_233"},"data":{"attributes":{"xsi:type":"ns4:rawDataBlock"},"rawData":{"Id":"J6","timeline":{"Timestamp":"2023-11-13T13:51:16.000+01:00"},"intervalLength":1,"data":[{"Value":"3","EventsOffsets":[{"offset":0}]},{"Value":"48","EventsOffsets":[{"offset":42000}]}]}}},{"tstore":"2023-11-13T13:54:21.541+01:00","objectState":"new","identifier":{"ident":"J1_12_233"},"data":{"attributes":{"xsi:type":"ns4:rawDataBlock"},"rawData":{"Id":"J6","timeline":{"Timestamp":"2023-11-13T13:53:16.000+01:00"},"intervalLength":1,"data":[{"Value":"3","EventsOffsets":[{"offset":0}]},{"Value":"48","EventsOffsets":[{"offset":42000}]}]}}},{"tstore":"2023-11-13T13:54:21.541+01:00","objectState":"new","identifier":{"ident":"J1_12_233"},"data":{"attributes":{"xsi:type":"ns4:rawDataBlock"},"rawData":{"Id":"J5","timeline":{"Timestamp":"2023-11-13T12:55:24.000+01:00"},"intervalLength":1,"data":[{"Value":"3","EventsOffsets":[{"offset":20000}]},{"Value":"48","EventsOffsets":[{"offset":0}]}]}}},{"tstore":"2023-11-13T13:54:21.541+01:00","objectState":"new","identifier":{"ident":"J1_12_233"},"data":{"attributes":{"xsi:type":"ns4:rawDataBlock"},"rawData":{"Id":"J5","timeline":{"Timestamp":"2023-11-13T12:57:24.000+01:00"},"intervalLength":1,"data":[{"Value":"3","EventsOffsets":[{"offset":20000}]},{"Value":"48","EventsOffsets":[{"offset":0}]}]}}},{"tstore":"2023-11-13T13:54:21.541+01:00","objectState":"new","identifier":{"ident":"J1_12_233"},"data":{"attributes":{"xsi:type":"ns4:rawDataBlock"},"rawData":{"Id":"J5","timeline":{"Timestamp":"2023-11-13T12:59:24.000+01:00"},"intervalLength":1,"data":[{"Value":"3","EventsOffsets":[{"offset":20000}]},{"Value":"48","EventsOffsets":[{"offset":0}]}]}}},{"tstore":"2023-11-13T13:54:21.541+01:00","objectState":"new","identifier":{"ident":"J1_12_233"},"data":{"attributes":{"xsi:type":"ns4:rawDataBlock"},"rawData":{"Id":"J5","timeline":{"Timestamp":"2023-11-13T13:01:24.000+01:00"},"intervalLength":1,"data":[{"Value":"3","EventsOffsets":[{"offset":20000}]},{"Value":"48","EventsOffsets":[{"offset":0}]}]}}},{"tstore":"2023-11-13T13:54:21.541+01:00","objectState":"new","identifier":{"ident":"J1_12_233"},"data":{"attributes":{"xsi:type":"ns4:rawDataBlock"},"rawData":{"Id":"J5","timeline":{"Timestamp":"2023-11-13T13:03:23.000+01:00"},"intervalLength":1,"data":[{"Value":"3","EventsOffsets":[{"offset":20000}]},{"Value":"48","EventsOffsets":[{"offset":0}]}]}}},{"tstore":"2023-11-13T13:54:21.541+01:00","objectState":"new","identifier":{"ident":"J1_12_233"},"data":{"attributes":{"xsi:type":"ns4:rawDataBlock"},"rawData":{"Id":"J5","timeline":{"Timestamp":"2023-11-13T13:05:23.000+01:00"},"intervalLength":1,"data":[{"Value":"3","EventsOffsets":[{"offset":20000}]},{"Value":"48","EventsOffsets":[{"offset":0}]}]}}},{"tstore":"2023-11-13T13:54:21.541+01:00","objectState":"new","identifier":{"ident":"J1_12_233"},"data":{"attributes":{"xsi:type":"ns4:rawDataBlock"},"rawData":{"Id":"J5","timeline":{"Timestamp":"2023-11-13T13:07:23.000+01:00"},"intervalLength":1,"data":[{"Value":"3","EventsOffsets":[{"offset":20000}]},{"Value":"48","EventsOffsets":[{"offset":0}]}]}}},{"tstore":"2023-11-13T13:54:21.541+01:00","objectState":"new","identifier":{"ident":"J1_12_233"},"data":{"attributes":{"xsi:type":"ns4:rawDataBlock"},"rawData":{"Id":"J5","timeline":{"Timestamp":"2023-11-13T13:09:23.000+01:00"},"intervalLength":1,"data":[{"Value":"3","EventsOffsets":[{"offset":20000}]},{"Value":"48","EventsOffsets":[{"offset":0}]}]}}},{"tstore":"2023-11-13T13:54:21.541+01:00","objectState":"new","identifier":{"ident":"J1_12_233"},"data":{"attributes":{"xsi:type":"ns4:rawDataBlock"},"rawData":{"Id":"J5","timeline":{"Timestamp":"2023-11-13T13:11:23.000+01:00"},"intervalLength":1,"data":[{"Value":"3","EventsOffsets":[{"offset":20000}]},{"Value":"48","EventsOffsets":[{"offset":0}]}]}}},{"tstore":"2023-11-13T13:54:21.541+01:00","objectState":"new","identifier":{"ident":"J1_12_233"},"data":{"attributes":{"xsi:type":"ns4:rawDataBlock"},"rawData":{"Id":"J5","timeline":{"Timestamp":"2023-11-13T13:13:23.000+01:00"},"intervalLength":1,"data":[{"Value":"3","EventsOffsets":[{"offset":20000}]},{"Value":"48","EventsOffsets":[{"offset":0}]}]}}},{"tstore":"2023-11-13T13:54:21.541+01:00","objectState":"new","identifier":{"ident":"J1_12_233"},"data":{"attributes":{"xsi:type":"ns4:rawDataBlock"},"rawData":{"Id":"J5","timeline":{"Timestamp":"2023-11-13T13:15:23.000+01:00"},"intervalLength":1,"data":[{"Value":"3","EventsOffsets":[{"offset":20000}]},{"Value":"48","EventsOffsets":[{"offset":0}]}]}}},{"tstore":"2023-11-13T13:54:21.541+01:00","objectState":"new","identifier":{"ident":"J1_12_233"},"data":{"attributes":{"xsi:type":"ns4:rawDataBlock"},"rawData":{"Id":"J5","timeline":{"Timestamp":"2023-11-13T13:17:23.000+01:00"},"intervalLength":1,"data":[{"Value":"3","EventsOffsets":[{"offset":20000}]},{"Value":"48","EventsOffsets":[{"offset":0}]}]}}},{"tstore":"2023-11-13T13:54:21.541+01:00","objectState":"new","identifier":{"ident":"J1_12_233"},"data":{"attributes":{"xsi:type":"ns4:rawDataBlock"},"rawData":{"Id":"J5","timeline":{"Timestamp":"2023-11-13T13:19:24.000+01:00"},"intervalLength":1,"data":[{"Value":"3","EventsOffsets":[{"offset":20000}]},{"Value":"48","EventsOffsets":[{"offset":0}]}]}}},{"tstore":"2023-11-13T13:54:21.541+01:00","objectState":"new","identifier":{"ident":"J1_12_233"},"data":{"attributes":{"xsi:type":"ns4:rawDataBlock"},"rawData":{"Id":"J5","timeline":{"Timestamp":"2023-11-13T13:21:24.000+01:00"},"intervalLength":1,"data":[{"Value":"3","EventsOffsets":[{"offset":20000}]},{"Value":"48","EventsOffsets":[{"offset":0}]}]}}},{"tstore":"2023-11-13T13:54:21.541+01:00","objectState":"new","identifier":{"ident":"J1_12_233"},"data":{"attributes":{"xsi:type":"ns4:rawDataBlock"},"rawData":{"Id":"J5","timeline":{"Timestamp":"2023-11-13T13:23:24.000+01:00"},"intervalLength":1,"data":[{"Value":"3","EventsOffsets":[{"offset":20000}]},{"Value":"48","EventsOffsets":[{"offset":0}]}]}}},{"tstore":"2023-11-13T13:54:21.541+01:00","objectState":"new","identifier":{"ident":"J1_12_233"},"data":{"attributes":{"xsi:type":"ns4:rawDataBlock"},"rawData":{"Id":"J5","timeline":{"Timestamp":"2023-11-13T13:25:24.000+01:00"},"intervalLength":1,"data":[{"Value":"3","EventsOffsets":[{"offset":20000}]},{"Value":"48","EventsOffsets":[{"offset":0}]}]}}},{"tstore":"2023-11-13T13:54:21.541+01:00","objectState":"new","identifier":{"ident":"J1_12_233"},"data":{"attributes":{"xsi:type":"ns4:rawDataBlock"},"rawData":{"Id":"J5","timeline":{"Timestamp":"2023-11-13T13:27:23.000+01:00"},"intervalLength":1,"data":[{"Value":"3","EventsOffsets":[{"offset":20000}]},{"Value":"48","EventsOffsets":[{"offset":0}]}]}}},{"tstore":"2023-11-13T13:54:21.541+01:00","objectState":"new","identifier":{"ident":"J1_12_233"},"data":{"attributes":{"xsi:type":"ns4:rawDataBlock"},"rawData":{"Id":"J5","timeline":{"Timestamp":"2023-11-13T13:29:23.000+01:00"},"intervalLength":1,"data":[{"Value":"3","EventsOffsets":[{"offset":20000}]},{"Value":"48","EventsOffsets":[{"offset":0}]}]}}},{"tstore":"2023-11-13T13:54:21.541+01:00","objectState":"new","identifier":{"ident":"J1_12_233"},"data":{"attributes":{"xsi:type":"ns4:rawDataBlock"},"rawData":{"Id":"J5","timeline":{"Timestamp":"2023-11-13T13:31:23.000+01:00"},"intervalLength":1,"data":[{"Value":"3","EventsOffsets":[{"offset":20000}]},{"Value":"48","EventsOffsets":[{"offset":0}]}]}}},{"tstore":"2023-11-13T13:54:21.541+01:00","objectState":"new","identifier":{"ident":"J1_12_233"},"data":{"attributes":{"xsi:type":"ns4:rawDataBlock"},"rawData":{"Id":"J5","timeline":{"Timestamp":"2023-11-13T13:33:23.000+01:00"},"intervalLength":1,"data":[{"Value":"3","EventsOffsets":[{"offset":20000}]},{"Value":"48","EventsOffsets":[{"offset":0}]}]}}},{"tstore":"2023-11-13T13:54:21.541+01:00","objectState":"new","identifier":{"ident":"J1_12_233"},"data":{"attributes":{"xsi:type":"ns4:rawDataBlock"},"rawData":{"Id":"J5","timeline":{"Timestamp":"2023-11-13T13:35:23.000+01:00"},"intervalLength":1,"data":[{"Value":"3","EventsOffsets":[{"offset":20000}]},{"Value":"48","EventsOffsets":[{"offset":0}]}]}}},{"tstore":"2023-11-13T13:54:21.541+01:00","objectState":"new","identifier":{"ident":"J1_12_233"},"data":{"attributes":{"xsi:type":"ns4:rawDataBlock"},"rawData":{"Id":"J5","timeline":{"Timestamp":"2023-11-13T13:37:23.000+01:00"},"intervalLength":1,"data":[{"Value":"3","EventsOffsets":[{"offset":20000}]},{"Value":"48","EventsOffsets":[{"offset":0}]}]}}},{"tstore":"2023-11-13T13:54:21.541+01:00","objectState":"new","identifier":{"ident":"J1_12_233"},"data":{"attributes":{"xsi:type":"ns4:rawDataBlock"},"rawData":{"Id":"J5","timeline":{"Timestamp":"2023-11-13T13:39:23.000+01:00"},"intervalLength":1,"data":[{"Value":"3","EventsOffsets":[{"offset":20000}]},{"Value":"48","EventsOffsets":[{"offset":0}]}]}}},{"tstore":"2023-11-13T13:54:21.541+01:00","objectState":"new","identifier":{"ident":"J1_12_233"},"data":{"attributes":{"xsi:type":"ns4:rawDataBlock"},"rawData":{"Id":"J5","timeline":{"Timestamp":"2023-11-13T13:41:23.000+01:00"},"intervalLength":1,"data":[{"Value":"3","EventsOffsets":[{"offset":20000}]},{"Value":"48","EventsOffsets":[{"offset":0}]}]}}},{"tstore":"2023-11-13T13:54:21.541+01:00","objectState":"new","identifier":{"ident":"J1_12_233"},"data":{"attributes":{"xsi:type":"ns4:rawDataBlock"},"rawData":{"Id":"J5","timeline":{"Timestamp":"2023-11-13T13:43:24.000+01:00"},"intervalLength":1,"data":[{"Value":"3","EventsOffsets":[{"offset":20000}]},{"Value":"48","EventsOffsets":[{"offset":0}]}]}}},{"tstore":"2023-11-13T13:54:21.541+01:00","objectState":"new","identifier":{"ident":"J1_12_233"},"data":{"attributes":{"xsi:type":"ns4:rawDataBlock"},"rawData":{"Id":"J5","timeline":{"Timestamp":"2023-11-13T13:45:24.000+01:00"},"intervalLength":1,"data":[{"Value":"3","EventsOffsets":[{"offset":20000}]},{"Value":"48","EventsOffsets":[{"offset":0}]}]}}},{"tstore":"2023-11-13T13:54:21.541+01:00","objectState":"new","identifier":{"ident":"J1_12_233"},"data":{"attributes":{"xsi:type":"ns4:rawDataBlock"},"rawData":{"Id":"J5","timeline":{"Timestamp":"2023-11-13T13:47:24.000+01:00"},"intervalLength":1,"data":[{"Value":"3","EventsOffsets":[{"offset":20000}]},{"Value":"48","EventsOffsets":[{"offset":0}]}]}}},{"tstore":"2023-11-13T13:54:21.541+01:00","objectState":"new","identifier":{"ident":"J1_12_233"},"data":{"attributes":{"xsi:type":"ns4:rawDataBlock"},"rawData":{"Id":"J5","timeline":{"Timestamp":"2023-11-13T13:49:24.000+01:00"},"intervalLength":1,"data":[{"Value":"3","EventsOffsets":[{"offset":20000}]},{"Value":"48","EventsOffsets":[{"offset":0}]}]}}},{"tstore":"2023-11-13T13:54:21.541+01:00","objectState":"new","identifier":{"ident":"J1_12_233"},"data":{"attributes":{"xsi:type":"ns4:rawDataBlock"},"rawData":{"Id":"J5","timeline":{"Timestamp":"2023-11-13T13:51:24.000+01:00"},"intervalLength":1,"data":[{"Value":"3","EventsOffsets":[{"offset":20000}]},{"Value":"48","EventsOffsets":[{"offset":0}]}]}}},{"tstore":"2023-11-13T13:54:21.541+01:00","objectState":"new","identifier":{"ident":"J1_12_233"},"data":{"attributes":{"xsi:type":"ns4:rawDataBlock"},"rawData":{"Id":"J5","timeline":{"Timestamp":"2023-11-13T13:53:24.000+01:00"},"intervalLength":1,"data":[{"Value":"3","EventsOffsets":[{"offset":20000}]},{"Value":"48","EventsOffsets":[{"offset":0}]}]}}},{"tstore":"2023-11-13T13:54:21.541+01:00","objectState":"new","identifier":{"ident":"J1_12_233"},"data":{"attributes":{"xsi:type":"ns4:rawDataBlock"},"rawData":{"Id":"J8","timeline":{"Timestamp":"2023-11-13T12:55:44.000+01:00"},"intervalLength":1,"data":[{"Value":"12","EventsOffsets":[{"offset":10000}]},{"Value":"3","EventsOffsets":[{"offset":13000}]},{"Value":"15","EventsOffsets":[{"offset":0}]},{"Value":"48","EventsOffsets":[{"offset":3000}]}]}}},{"tstore":"2023-11-13T13:54:21.541+01:00","objectState":"new","identifier":{"ident":"J1_12_233"},"data":{"attributes":{"xsi:type":"ns4:rawDataBlock"},"rawData":{"Id":"J8","timeline":{"Timestamp":"2023-11-13T12:57:44.000+01:00"},"intervalLength":1,"data":[{"Value":"12","EventsOffsets":[{"offset":10000}]},{"Value":"3","EventsOffsets":[{"offset":13000}]},{"Value":"15","EventsOffsets":[{"offset":0}]},{"Value":"48","EventsOffsets":[{"offset":3000}]}]}}},{"tstore":"2023-11-13T13:54:21.541+01:00","objectState":"new","identifier":{"ident":"J1_12_233"},"data":{"attributes":{"xsi:type":"ns4:rawDataBlock"},"rawData":{"Id":"J8","timeline":{"Timestamp":"2023-11-13T12:59:44.000+01:00"},"intervalLength":1,"data":[{"Value":"12","EventsOffsets":[{"offset":10000}]},{"Value":"3","EventsOffsets":[{"offset":13000}]},{"Value":"15","EventsOffsets":[{"offset":0}]},{"Value":"48","EventsOffsets":[{"offset":3000}]}]}}},{"tstore":"2023-11-13T13:54:21.541+01:00","objectState":"new","identifier":{"ident":"J1_12_233"},"data":{"attributes":{"xsi:type":"ns4:rawDataBlock"},"rawData":{"Id":"J8","timeline":{"Timestamp":"2023-11-13T13:01:44.000+01:00"},"intervalLength":1,"data":[{"Value":"12","EventsOffsets":[{"offset":10000}]},{"Value":"3","EventsOffsets":[{"offset":13000}]},{"Value":"15","EventsOffsets":[{"offset":0}]},{"Value":"48","EventsOffsets":[{"offset":3000}]}]}}},{"tstore":"2023-11-13T13:54:21.541+01:00","objectState":"new","identifier":{"ident":"J1_12_233"},"data":{"attributes":{"xsi:type":"ns4:rawDataBlock"},"rawData":{"Id":"J8","timeline":{"Timestamp":"2023-11-13T13:03:43.000+01:00"},"intervalLength":1,"data":[{"Value":"12","EventsOffsets":[{"offset":10000}]},{"Value":"3","EventsOffsets":[{"offset":13000}]},{"Value":"15","EventsOffsets":[{"offset":0}]},{"Value":"48","EventsOffsets":[{"offset":3000}]}]}}},{"tstore":"2023-11-13T13:54:21.541+01:00","objectState":"new","identifier":{"ident":"J1_12_233"},"data":{"attributes":{"xsi:type":"ns4:rawDataBlock"},"rawData":{"Id":"J8","timeline":{"Timestamp":"2023-11-13T13:05:43.000+01:00"},"intervalLength":1,"data":[{"Value":"12","EventsOffsets":[{"offset":10000}]},{"Value":"3","EventsOffsets":[{"offset":13000}]},{"Value":"15","EventsOffsets":[{"offset":0}]},{"Value":"48","EventsOffsets":[{"offset":3000}]}]}}},{"tstore":"2023-11-13T13:54:21.541+01:00","objectState":"new","identifier":{"ident":"J1_12_233"},"data":{"attributes":{"xsi:type":"ns4:rawDataBlock"},"rawData":{"Id":"J8","timeline":{"Timestamp":"2023-11-13T13:07:43.000+01:00"},"intervalLength":1,"data":[{"Value":"12","EventsOffsets":[{"offset":10000}]},{"Value":"3","EventsOffsets":[{"offset":13000}]},{"Value":"15","EventsOffsets":[{"offset":0}]},{"Value":"48","EventsOffsets":[{"offset":3000}]}]}}},{"tstore":"2023-11-13T13:54:21.541+01:00","objectState":"new","identifier":{"ident":"J1_12_233"},"data":{"attributes":{"xsi:type":"ns4:rawDataBlock"},"rawData":{"Id":"J8","timeline":{"Timestamp":"2023-11-13T13:09:43.000+01:00"},"intervalLength":1,"data":[{"Value":"12","EventsOffsets":[{"offset":10000}]},{"Value":"3","EventsOffsets":[{"offset":13000}]},{"Value":"15","EventsOffsets":[{"offset":0}]},{"Value":"48","EventsOffsets":[{"offset":3000}]}]}}},{"tstore":"2023-11-13T13:54:21.541+01:00","objectState":"new","identifier":{"ident":"J1_12_233"},"data":{"attributes":{"xsi:type":"ns4:rawDataBlock"},"rawData":{"Id":"J8","timeline":{"Timestamp":"2023-11-13T13:11:43.000+01:00"},"intervalLength":1,"data":[{"Value":"12","EventsOffsets":[{"offset":10000}]},{"Value":"3","EventsOffsets":[{"offset":13000}]},{"Value":"15","EventsOffsets":[{"offset":0}]},{"Value":"48","EventsOffsets":[{"offset":3000}]}]}}},{"tstore":"2023-11-13T13:54:21.541+01:00","objectState":"new","identifier":{"ident":"J1_12_233"},"data":{"attributes":{"xsi:type":"ns4:rawDataBlock"},"rawData":{"Id":"J8","timeline":{"Timestamp":"2023-11-13T13:13:43.000+01:00"},"intervalLength":1,"data":[{"Value":"12","EventsOffsets":[{"offset":10000}]},{"Value":"3","EventsOffsets":[{"offset":13000}]},{"Value":"15","EventsOffsets":[{"offset":0}]},{"Value":"48","EventsOffsets":[{"offset":3000}]}]}}},{"tstore":"2023-11-13T13:54:21.541+01:00","objectState":"new","identifier":{"ident":"J1_12_233"},"data":{"attributes":{"xsi:type":"ns4:rawDataBlock"},"rawData":{"Id":"J8","timeline":{"Timestamp":"2023-11-13T13:15:43.000+01:00"},"intervalLength":1,"data":[{"Value":"12","EventsOffsets":[{"offset":10000}]},{"Value":"3","EventsOffsets":[{"offset":13000}]},{"Value":"15","EventsOffsets":[{"offset":0}]},{"Value":"48","EventsOffsets":[{"offset":3000}]}]}}},{"tstore":"2023-11-13T13:54:21.541+01:00","objectState":"new","identifier":{"ident":"J1_12_233"},"data":{"attributes":{"xsi:type":"ns4:rawDataBlock"},"rawData":{"Id":"J8","timeline":{"Timestamp":"2023-11-13T13:17:43.000+01:00"},"intervalLength":1,"data":[{"Value":"12","EventsOffsets":[{"offset":10000}]},{"Value":"3","EventsOffsets":[{"offset":13000}]},{"Value":"15","EventsOffsets":[{"offset":0}]},{"Value":"48","EventsOffsets":[{"offset":3000}]}]}}},{"tstore":"2023-11-13T13:54:21.541+01:00","objectState":"new","identifier":{"ident":"J1_12_233"},"data":{"attributes":{"xsi:type":"ns4:rawDataBlock"},"rawData":{"Id":"J8","timeline":{"Timestamp":"2023-11-13T13:19:44.000+01:00"},"intervalLength":1,"data":[{"Value":"12","EventsOffsets":[{"offset":10000}]},{"Value":"3","EventsOffsets":[{"offset":13000}]},{"Value":"15","EventsOffsets":[{"offset":0}]},{"Value":"48","EventsOffsets":[{"offset":3000}]}]}}},{"tstore":"2023-11-13T13:54:21.541+01:00","objectState":"new","identifier":{"ident":"J1_12_233"},"data":{"attributes":{"xsi:type":"ns4:rawDataBlock"},"rawData":{"Id":"J8","timeline":{"Timestamp":"2023-11-13T13:21:44.000+01:00"},"intervalLength":1,"data":[{"Value":"12","EventsOffsets":[{"offset":10000}]},{"Value":"3","EventsOffsets":[{"offset":13000}]},{"Value":"15","EventsOffsets":[{"offset":0}]},{"Value":"48","EventsOffsets":[{"offset":3000}]}]}}},{"tstore":"2023-11-13T13:54:21.541+01:00","objectState":"new","identifier":{"ident":"J1_12_233"},"data":{"attributes":{"xsi:type":"ns4:rawDataBlock"},"rawData":{"Id":"J8","timeline":{"Timestamp":"2023-11-13T13:23:44.000+01:00"},"intervalLength":1,"data":[{"Value":"12","EventsOffsets":[{"offset":10000}]},{"Value":"3","EventsOffsets":[{"offset":13000}]},{"Value":"15","EventsOffsets":[{"offset":0}]},{"Value":"48","EventsOffsets":[{"offset":3000}]}]}}},{"tstore":"2023-11-13T13:54:21.541+01:00","objectState":"new","identifier":{"ident":"J1_12_233"},"data":{"attributes":{"xsi:type":"ns4:rawDataBlock"},"rawData":{"Id":"J8","timeline":{"Timestamp":"2023-11-13T13:25:44.000+01:00"},"intervalLength":1,"data":[{"Value":"12","EventsOffsets":[{"offset":10000}]},{"Value":"3","EventsOffsets":[{"offset":13000}]},{"Value":"15","EventsOffsets":[{"offset":0}]},{"Value":"48","EventsOffsets":[{"offset":3000}]}]}}},{"tstore":"2023-11-13T13:54:21.541+01:00","objectState":"new","identifier":{"ident":"J1_12_233"},"data":{"attributes":{"xsi:type":"ns4:rawDataBlock"},"rawData":{"Id":"J8","timeline":{"Timestamp":"2023-11-13T13:27:43.000+01:00"},"intervalLength":1,"data":[{"Value":"12","EventsOffsets":[{"offset":10000}]},{"Value":"3","EventsOffsets":[{"offset":13000}]},{"Value":"15","EventsOffsets":[{"offset":0}]},{"Value":"48","EventsOffsets":[{"offset":3000}]}]}}},{"tstore":"2023-11-13T13:54:21.541+01:00","objectState":"new","identifier":{"ident":"J1_12_233"},"data":{"attributes":{"xsi:type":"ns4:rawDataBlock"},"rawData":{"Id":"J8","timeline":{"Timestamp":"2023-11-13T13:29:43.000+01:00"},"intervalLength":1,"data":[{"Value":"12","EventsOffsets":[{"offset":10000}]},{"Value":"3","EventsOffsets":[{"offset":13000}]},{"Value":"15","EventsOffsets":[{"offset":0}]},{"Value":"48","EventsOffsets":[{"offset":3000}]}]}}},{"tstore":"2023-11-13T13:54:21.541+01:00","objectState":"new","identifier":{"ident":"J1_12_233"},"data":{"attributes":{"xsi:type":"ns4:rawDataBlock"},"rawData":{"Id":"J8","timeline":{"Timestamp":"2023-11-13T13:31:43.000+01:00"},"intervalLength":1,"data":[{"Value":"12","EventsOffsets":[{"offset":10000}]},{"Value":"3","EventsOffsets":[{"offset":13000}]},{"Value":"15","EventsOffsets":[{"offset":0}]},{"Value":"48","EventsOffsets":[{"offset":3000}]}]}}},{"tstore":"2023-11-13T13:54:21.541+01:00","objectState":"new","identifier":{"ident":"J1_12_233"},"data":{"attributes":{"xsi:type":"ns4:rawDataBlock"},"rawData":{"Id":"J8","timeline":{"Timestamp":"2023-11-13T13:33:43.000+01:00"},"intervalLength":1,"data":[{"Value":"12","EventsOffsets":[{"offset":10000}]},{"Value":"3","EventsOffsets":[{"offset":13000}]},{"Value":"15","EventsOffsets":[{"offset":0}]},{"Value":"48","EventsOffsets":[{"offset":3000}]}]}}},{"tstore":"2023-11-13T13:54:21.541+01:00","objectState":"new","identifier":{"ident":"J1_12_233"},"data":{"attributes":{"xsi:type":"ns4:rawDataBlock"},"rawData":{"Id":"J8","timeline":{"Timestamp":"2023-11-13T13:35:43.000+01:00"},"intervalLength":1,"data":[{"Value":"12","EventsOffsets":[{"offset":10000}]},{"Value":"3","EventsOffsets":[{"offset":13000}]},{"Value":"15","EventsOffsets":[{"offset":0}]},{"Value":"48","EventsOffsets":[{"offset":3000}]}]}}},{"tstore":"2023-11-13T13:54:21.541+01:00","objectState":"new","identifier":{"ident":"J1_12_233"},"data":{"attributes":{"xsi:type":"ns4:rawDataBlock"},"rawData":{"Id":"J8","timeline":{"Timestamp":"2023-11-13T13:37:43.000+01:00"},"intervalLength":1,"data":[{"Value":"12","EventsOffsets":[{"offset":10000}]},{"Value":"3","EventsOffsets":[{"offset":13000}]},{"Value":"15","EventsOffsets":[{"offset":0}]},{"Value":"48","EventsOffsets":[{"offset":3000}]}]}}},{"tstore":"2023-11-13T13:54:21.541+01:00","objectState":"new","identifier":{"ident":"J1_12_233"},"data":{"attributes":{"xsi:type":"ns4:rawDataBlock"},"rawData":{"Id":"J8","timeline":{"Timestamp":"2023-11-13T13:39:43.000+01:00"},"intervalLength":1,"data":[{"Value":"12","EventsOffsets":[{"offset":10000}]},{"Value":"3","EventsOffsets":[{"offset":13000}]},{"Value":"15","EventsOffsets":[{"offset":0}]},{"Value":"48","EventsOffsets":[{"offset":3000}]}]}}},{"tstore":"2023-11-13T13:54:21.541+01:00","objectState":"new","identifier":{"ident":"J1_12_233"},"data":{"attributes":{"xsi:type":"ns4:rawDataBlock"},"rawData":{"Id":"J8","timeline":{"Timestamp":"2023-11-13T13:41:43.000+01:00"},"intervalLength":1,"data":[{"Value":"12","EventsOffsets":[{"offset":10000}]},{"Value":"3","EventsOffsets":[{"offset":13000}]},{"Value":"15","EventsOffsets":[{"offset":0}]},{"Value":"48","EventsOffsets":[{"offset":3000}]}]}}},{"tstore":"2023-11-13T13:54:21.541+01:00","objectState":"new","identifier":{"ident":"J1_12_233"},"data":{"attributes":{"xsi:type":"ns4:rawDataBlock"},"rawData":{"Id":"J8","timeline":{"Timestamp":"2023-11-13T13:43:44.000+01:00"},"intervalLength":1,"data":[{"Value":"12","EventsOffsets":[{"offset":10000}]},{"Value":"3","EventsOffsets":[{"offset":13000}]},{"Value":"15","EventsOffsets":[{"offset":0}]},{"Value":"48","EventsOffsets":[{"offset":3000}]}]}}},{"tstore":"2023-11-13T13:54:21.541+01:00","objectState":"new","identifier":{"ident":"J1_12_233"},"data":{"attributes":{"xsi:type":"ns4:rawDataBlock"},"rawData":{"Id":"J8","timeline":{"Timestamp":"2023-11-13T13:45:44.000+01:00"},"intervalLength":1,"data":[{"Value":"12","EventsOffsets":[{"offset":10000}]},{"Value":"3","EventsOffsets":[{"offset":13000}]},{"Value":"15","EventsOffsets":[{"offset":0}]},{"Value":"48","EventsOffsets":[{"offset":3000}]}]}}},{"tstore":"2023-11-13T13:54:21.541+01:00","objectState":"new","identifier":{"ident":"J1_12_233"},"data":{"attributes":{"xsi:type":"ns4:rawDataBlock"},"rawData":{"Id":"J8","timeline":{"Timestamp":"2023-11-13T13:47:44.000+01:00"},"intervalLength":1,"data":[{"Value":"12","EventsOffsets":[{"offset":10000}]},{"Value":"3","EventsOffsets":[{"offset":13000}]},{"Value":"15","EventsOffsets":[{"offset":0}]},{"Value":"48","EventsOffsets":[{"offset":3000}]}]}}},{"tstore":"2023-11-13T13:54:21.541+01:00","objectState":"new","identifier":{"ident":"J1_12_233"},"data":{"attributes":{"xsi:type":"ns4:rawDataBlock"},"rawData":{"Id":"J8","timeline":{"Timestamp":"2023-11-13T13:49:44.000+01:00"},"intervalLength":1,"data":[{"Value":"12","EventsOffsets":[{"offset":10000}]},{"Value":"3","EventsOffsets":[{"offset":13000}]},{"Value":"15","EventsOffsets":[{"offset":0}]},{"Value":"48","EventsOffsets":[{"offset":3000}]}]}}},{"tstore":"2023-11-13T13:54:21.541+01:00","objectState":"new","identifier":{"ident":"J1_12_233"},"data":{"attributes":{"xsi:type":"ns4:rawDataBlock"},"rawData":{"Id":"J8","timeline":{"Timestamp":"2023-11-13T13:51:44.000+01:00"},"intervalLength":1,"data":[{"Value":"12","EventsOffsets":[{"offset":10000}]},{"Value":"3","EventsOffsets":[{"offset":13000}]},{"Value":"15","EventsOffsets":[{"offset":0}]},{"Value":"48","EventsOffsets":[{"offset":3000}]}]}}},{"tstore":"2023-11-13T13:54:21.541+01:00","objectState":"new","identifier":{"ident":"J1_12_233"},"data":{"attributes":{"xsi:type":"ns4:rawDataBlock"},"rawData":{"Id":"J8","timeline":{"Timestamp":"2023-11-13T13:53:44.000+01:00"},"intervalLength":1,"data":[{"Value":"12","EventsOffsets":[{"offset":10000}]},{"Value":"3","EventsOffsets":[{"offset":13000}]},{"Value":"15","EventsOffsets":[{"offset":0}]},{"Value":"48","EventsOffsets":[{"offset":3000}]}]}}},{"tstore":"2023-11-13T13:54:21.541+01:00","objectState":"new","identifier":{"ident":"J1_12_233"},"data":{"attributes":{"xsi:type":"ns4:rawDataBlock"},"rawData":{"Id":"J7","timeline":{"Timestamp":"2023-11-13T12:55:22.000+01:00"},"intervalLength":1,"data":[{"Value":"3","EventsOffsets":[{"offset":24000}]},{"Value":"48","EventsOffsets":[{"offset":0}]}]}}},{"tstore":"2023-11-13T13:54:21.541+01:00","objectState":"new","identifier":{"ident":"J1_12_233"},"data":{"attributes":{"xsi:type":"ns4:rawDataBlock"},"rawData":{"Id":"J7","timeline":{"Timestamp":"2023-11-13T12:57:22.000+01:00"},"intervalLength":1,"data":[{"Value":"3","EventsOffsets":[{"offset":24000}]},{"Value":"48","EventsOffsets":[{"offset":0}]}]}}},{"tstore":"2023-11-13T13:54:21.541+01:00","objectState":"new","identifier":{"ident":"J1_12_233"},"data":{"attributes":{"xsi:type":"ns4:rawDataBlock"},"rawData":{"Id":"J7","timeline":{"Timestamp":"2023-11-13T12:59:22.000+01:00"},"intervalLength":1,"data":[{"Value":"3","EventsOffsets":[{"offset":24000}]},{"Value":"48","EventsOffsets":[{"offset":0}]}]}}},{"tstore":"2023-11-13T13:54:21.541+01:00","objectState":"new","identifier":{"ident":"J1_12_233"},"data":{"attributes":{"xsi:type":"ns4:rawDataBlock"},"rawData":{"Id":"J7","timeline":{"Timestamp":"2023-11-13T13:01:22.000+01:00"},"intervalLength":1,"data":[{"Value":"3","EventsOffsets":[{"offset":24000}]},{"Value":"48","EventsOffsets":[{"offset":0}]}]}}},{"tstore":"2023-11-13T13:54:21.541+01:00","objectState":"new","identifier":{"ident":"J1_12_233"},"data":{"attributes":{"xsi:type":"ns4:rawDataBlock"},"rawData":{"Id":"J7","timeline":{"Timestamp":"2023-11-13T13:03:21.000+01:00"},"intervalLength":1,"data":[{"Value":"3","EventsOffsets":[{"offset":24000}]},{"Value":"48","EventsOffsets":[{"offset":0}]}]}}},{"tstore":"2023-11-13T13:54:21.541+01:00","objectState":"new","identifier":{"ident":"J1_12_233"},"data":{"attributes":{"xsi:type":"ns4:rawDataBlock"},"rawData":{"Id":"J7","timeline":{"Timestamp":"2023-11-13T13:05:21.000+01:00"},"intervalLength":1,"data":[{"Value":"3","EventsOffsets":[{"offset":24000}]},{"Value":"48","EventsOffsets":[{"offset":0}]}]}}},{"tstore":"2023-11-13T13:54:21.541+01:00","objectState":"new","identifier":{"ident":"J1_12_233"},"data":{"attributes":{"xsi:type":"ns4:rawDataBlock"},"rawData":{"Id":"J7","timeline":{"Timestamp":"2023-11-13T13:07:21.000+01:00"},"intervalLength":1,"data":[{"Value":"3","EventsOffsets":[{"offset":24000}]},{"Value":"48","EventsOffsets":[{"offset":0}]}]}}},{"tstore":"2023-11-13T13:54:21.541+01:00","objectState":"new","identifier":{"ident":"J1_12_233"},"data":{"attributes":{"xsi:type":"ns4:rawDataBlock"},"rawData":{"Id":"J7","timeline":{"Timestamp":"2023-11-13T13:09:21.000+01:00"},"intervalLength":1,"data":[{"Value":"3","EventsOffsets":[{"offset":24000}]},{"Value":"48","EventsOffsets":[{"offset":0}]}]}}},{"tstore":"2023-11-13T13:54:21.541+01:00","objectState":"new","identifier":{"ident":"J1_12_233"},"data":{"attributes":{"xsi:type":"ns4:rawDataBlock"},"rawData":{"Id":"J7","timeline":{"Timestamp":"2023-11-13T13:11:21.000+01:00"},"intervalLength":1,"data":[{"Value":"3","EventsOffsets":[{"offset":24000}]},{"Value":"48","EventsOffsets":[{"offset":0}]}]}}},{"tstore":"2023-11-13T13:54:21.541+01:00","objectState":"new","identifier":{"ident":"J1_12_233"},"data":{"attributes":{"xsi:type":"ns4:rawDataBlock"},"rawData":{"Id":"J7","timeline":{"Timestamp":"2023-11-13T13:13:21.000+01:00"},"intervalLength":1,"data":[{"Value":"3","EventsOffsets":[{"offset":24000}]},{"Value":"48","EventsOffsets":[{"offset":0}]}]}}},{"tstore":"2023-11-13T13:54:21.541+01:00","objectState":"new","identifier":{"ident":"J1_12_233"},"data":{"attributes":{"xsi:type":"ns4:rawDataBlock"},"rawData":{"Id":"J7","timeline":{"Timestamp":"2023-11-13T13:15:21.000+01:00"},"intervalLength":1,"data":[{"Value":"3","EventsOffsets":[{"offset":24000}]},{"Value":"48","EventsOffsets":[{"offset":0}]}]}}},{"tstore":"2023-11-13T13:54:21.541+01:00","objectState":"new","identifier":{"ident":"J1_12_233"},"data":{"attributes":{"xsi:type":"ns4:rawDataBlock"},"rawData":{"Id":"J7","timeline":{"Timestamp":"2023-11-13T13:17:21.000+01:00"},"intervalLength":1,"data":[{"Value":"3","EventsOffsets":[{"offset":24000}]},{"Value":"48","EventsOffsets":[{"offset":0}]}]}}},{"tstore":"2023-11-13T13:54:21.541+01:00","objectState":"new","identifier":{"ident":"J1_12_233"},"data":{"attributes":{"xsi:type":"ns4:rawDataBlock"},"rawData":{"Id":"J7","timeline":{"Timestamp":"2023-11-13T13:19:22.000+01:00"},"intervalLength":1,"data":[{"Value":"3","EventsOffsets":[{"offset":24000}]},{"Value":"48","EventsOffsets":[{"offset":0}]}]}}},{"tstore":"2023-11-13T13:54:21.541+01:00","objectState":"new","identifier":{"ident":"J1_12_233"},"data":{"attributes":{"xsi:type":"ns4:rawDataBlock"},"rawData":{"Id":"J7","timeline":{"Timestamp":"2023-11-13T13:21:22.000+01:00"},"intervalLength":1,"data":[{"Value":"3","EventsOffsets":[{"offset":24000}]},{"Value":"48","EventsOffsets":[{"offset":0}]}]}}},{"tstore":"2023-11-13T13:54:21.541+01:00","objectState":"new","identifier":{"ident":"J1_12_233"},"data":{"attributes":{"xsi:type":"ns4:rawDataBlock"},"rawData":{"Id":"J7","timeline":{"Timestamp":"2023-11-13T13:23:22.000+01:00"},"intervalLength":1,"data":[{"Value":"3","EventsOffsets":[{"offset":24000}]},{"Value":"48","EventsOffsets":[{"offset":0}]}]}}},{"tstore":"2023-11-13T13:54:21.541+01:00","objectState":"new","identifier":{"ident":"J1_12_233"},"data":{"attributes":{"xsi:type":"ns4:rawDataBlock"},"rawData":{"Id":"J7","timeline":{"Timestamp":"2023-11-13T13:25:22.000+01:00"},"intervalLength":1,"data":[{"Value":"3","EventsOffsets":[{"offset":24000}]},{"Value":"48","EventsOffsets":[{"offset":0}]}]}}},{"tstore":"2023-11-13T13:54:21.541+01:00","objectState":"new","identifier":{"ident":"J1_12_233"},"data":{"attributes":{"xsi:type":"ns4:rawDataBlock"},"rawData":{"Id":"J7","timeline":{"Timestamp":"2023-11-13T13:27:21.000+01:00"},"intervalLength":1,"data":[{"Value":"3","EventsOffsets":[{"offset":24000}]},{"Value":"48","EventsOffsets":[{"offset":0}]}]}}},{"tstore":"2023-11-13T13:54:21.541+01:00","objectState":"new","identifier":{"ident":"J1_12_233"},"data":{"attributes":{"xsi:type":"ns4:rawDataBlock"},"rawData":{"Id":"J7","timeline":{"Timestamp":"2023-11-13T13:29:21.000+01:00"},"intervalLength":1,"data":[{"Value":"3","EventsOffsets":[{"offset":24000}]},{"Value":"48","EventsOffsets":[{"offset":0}]}]}}},{"tstore":"2023-11-13T13:54:21.541+01:00","objectState":"new","identifier":{"ident":"J1_12_233"},"data":{"attributes":{"xsi:type":"ns4:rawDataBlock"},"rawData":{"Id":"J7","timeline":{"Timestamp":"2023-11-13T13:31:21.000+01:00"},"intervalLength":1,"data":[{"Value":"3","EventsOffsets":[{"offset":24000}]},{"Value":"48","EventsOffsets":[{"offset":0}]}]}}},{"tstore":"2023-11-13T13:54:21.541+01:00","objectState":"new","identifier":{"ident":"J1_12_233"},"data":{"attributes":{"xsi:type":"ns4:rawDataBlock"},"rawData":{"Id":"J7","timeline":{"Timestamp":"2023-11-13T13:33:21.000+01:00"},"intervalLength":1,"data":[{"Value":"3","EventsOffsets":[{"offset":24000}]},{"Value":"48","EventsOffsets":[{"offset":0}]}]}}},{"tstore":"2023-11-13T13:54:21.541+01:00","objectState":"new","identifier":{"ident":"J1_12_233"},"data":{"attributes":{"xsi:type":"ns4:rawDataBlock"},"rawData":{"Id":"J7","timeline":{"Timestamp":"2023-11-13T13:35:21.000+01:00"},"intervalLength":1,"data":[{"Value":"3","EventsOffsets":[{"offset":24000}]},{"Value":"48","EventsOffsets":[{"offset":0}]}]}}},{"tstore":"2023-11-13T13:54:21.541+01:00","objectState":"new","identifier":{"ident":"J1_12_233"},"data":{"attributes":{"xsi:type":"ns4:rawDataBlock"},"rawData":{"Id":"J7","timeline":{"Timestamp":"2023-11-13T13:37:21.000+01:00"},"intervalLength":1,"data":[{"Value":"3","EventsOffsets":[{"offset":24000}]},{"Value":"48","EventsOffsets":[{"offset":0}]}]}}},{"tstore":"2023-11-13T13:54:21.541+01:00","objectState":"new","identifier":{"ident":"J1_12_233"},"data":{"attributes":{"xsi:type":"ns4:rawDataBlock"},"rawData":{"Id":"J7","timeline":{"Timestamp":"2023-11-13T13:39:21.000+01:00"},"intervalLength":1,"data":[{"Value":"3","EventsOffsets":[{"offset":24000}]},{"Value":"48","EventsOffsets":[{"offset":0}]}]}}},{"tstore":"2023-11-13T13:54:21.541+01:00","objectState":"new","identifier":{"ident":"J1_12_233"},"data":{"attributes":{"xsi:type":"ns4:rawDataBlock"},"rawData":{"Id":"J7","timeline":{"Timestamp":"2023-11-13T13:41:21.000+01:00"},"intervalLength":1,"data":[{"Value":"3","EventsOffsets":[{"offset":24000}]},{"Value":"48","EventsOffsets":[{"offset":0}]}]}}},{"tstore":"2023-11-13T13:54:21.541+01:00","objectState":"new","identifier":{"ident":"J1_12_233"},"data":{"attributes":{"xsi:type":"ns4:rawDataBlock"},"rawData":{"Id":"J7","timeline":{"Timestamp":"2023-11-13T13:43:22.000+01:00"},"intervalLength":1,"data":[{"Value":"3","EventsOffsets":[{"offset":24000}]},{"Value":"48","EventsOffsets":[{"offset":0}]}]}}},{"tstore":"2023-11-13T13:54:21.541+01:00","objectState":"new","identifier":{"ident":"J1_12_233"},"data":{"attributes":{"xsi:type":"ns4:rawDataBlock"},"rawData":{"Id":"J7","timeline":{"Timestamp":"2023-11-13T13:45:22.000+01:00"},"intervalLength":1,"data":[{"Value":"3","EventsOffsets":[{"offset":24000}]},{"Value":"48","EventsOffsets":[{"offset":0}]}]}}},{"tstore":"2023-11-13T13:54:21.541+01:00","objectState":"new","identifier":{"ident":"J1_12_233"},"data":{"attributes":{"xsi:type":"ns4:rawDataBlock"},"rawData":{"Id":"J7","timeline":{"Timestamp":"2023-11-13T13:47:22.000+01:00"},"intervalLength":1,"data":[{"Value":"3","EventsOffsets":[{"offset":24000}]},{"Value":"48","EventsOffsets":[{"offset":0}]}]}}},{"tstore":"2023-11-13T13:54:21.541+01:00","objectState":"new","identifier":{"ident":"J1_12_233"},"data":{"attributes":{"xsi:type":"ns4:rawDataBlock"},"rawData":{"Id":"J7","timeline":{"Timestamp":"2023-11-13T13:49:22.000+01:00"},"intervalLength":1,"data":[{"Value":"3","EventsOffsets":[{"offset":24000}]},{"Value":"48","EventsOffsets":[{"offset":0}]}]}}},{"tstore":"2023-11-13T13:54:21.541+01:00","objectState":"new","identifier":{"ident":"J1_12_233"},"data":{"attributes":{"xsi:type":"ns4:rawDataBlock"},"rawData":{"Id":"J7","timeline":{"Timestamp":"2023-11-13T13:51:22.000+01:00"},"intervalLength":1,"data":[{"Value":"3","EventsOffsets":[{"offset":24000}]},{"Value":"48","EventsOffsets":[{"offset":0}]}]}}},{"tstore":"2023-11-13T13:54:21.541+01:00","objectState":"new","identifier":{"ident":"J1_12_233"},"data":{"attributes":{"xsi:type":"ns4:rawDataBlock"},"rawData":{"Id":"J7","timeline":{"Timestamp":"2023-11-13T13:53:22.000+01:00"},"intervalLength":1,"data":[{"Value":"3","EventsOffsets":[{"offset":24000}]},{"Value":"48","EventsOffsets":[{"offset":0}]}]}}}]